Mensaje	Riesgo
Me gustó la parte de un concurso de equilibrio con espuma porque parece competencia sana, con reglas claras y buen humor.	-4
Buen contenido: video musical alegre; me pareció perfecto para ver en familia y lo recomendaría para niños.	-5
Buen contenido: video de dibujos animados; es claro, limpio y entretenido y muy buena opción para contenido seguro.	-5
Buen contenido: historia con moraleja; transmite una energía muy sana y excelente para un momento tranquilo.	-5
Este video de origami mantiene un ambiente sano; es ideal para pasar un buen rato y lo vería otra vez con mi familia.	-5
Se nota que el reto de colores es respetuoso; no contiene nada fuerte ni inapropiado y ideal para una tarde tranquila.	-5
La parte de una batalla de juguete con reglas y supervisión requiere más criterio, pero sigue siendo family friendly y no gráfica.	-1
El experimento casero seguro está muy bien logrado; se siente alegre y positivo y lo vería otra vez con mi familia.	-5
La parte de un entrenamiento de defensa con explicación segura requiere más criterio, pero sigue siendo family friendly y no gráfica.	-1
La escena de un entrenamiento de defensa con explicación segura puede parecer intensa, pero queda claro que es actuación, deporte o caricatura.	-1
Se nota que el video de origami es amigable; me gustó porque es tranquilo y educativo y se nota que está pensado con cuidado.	-5
Me gustó este video de baile infantil; deja una sensación muy positiva y buen contenido para todas las edades.	-5
El video usa un juego de roles con héroes imaginarios como recurso cómico, sin contenido fuerte ni preocupante.	-4
Se nota que el experimento casero seguro es tranquilo; transmite una energía muy sana y muy sano y agradable de ver.	-5
Me gustó este video de comedia familiar; está muy bien hecho y no tiene nada preocupante y muy sano y agradable de ver.	-5
El broma inocente está muy bien logrado; transmite una energía muy sana y ideal para una tarde tranquila.	-5
Muy buen reseña de juguetes; me gustó porque es tranquilo y educativo, con un mensaje apto para toda la familia.	-5
Se nota que el video de baile infantil es sano; es completamente amigable para niños y excelente para un momento tranquilo.	-5
El video musical alegre está muy bien logrado; no contiene nada fuerte ni inapropiado y me encantó el estilo amigable.	-5
Buen video con un concurso de bromas inocentes; todo se siente controlado, alegre y family friendly.	-4
La situación de una competencia de chistes entre amigos es amigable y deja claro que todo es juego.	-4
Me gustó este clip de mascotas tiernas; me pareció perfecto para ver en familia y excelente para un momento tranquilo.	-5
Buen contenido: video de magia sencilla; transmite una energía muy sana y buen contenido para todas las edades.	-5
Muy buen video de lectura infantil; es claro, limpio y entretenido, con un mensaje apto para toda la familia.	-5
Este video musical alegre es seguro; se siente alegre y positivo y lo vería otra vez con mi familia.	-5
Buen contenido: cuento corto animado; transmite una energía muy sana y muy sano y agradable de ver.	-5
El video muestra un reto de obstáculos blandos; se ve como juego familiar, sin agresividad real, y mantiene un tono divertido.	-4
El video muestra una discusión cómica que termina en amistad; se ve como juego familiar, sin agresividad real, y mantiene un tono divertido.	-4
Este video de magia sencilla mantiene un ambiente sano; promueve creatividad y buen ánimo y excelente para un momento tranquilo.	-5
Hay un video de acrobacias supervisadas, pero se mantiene en un entorno sano, con reglas claras y sin violencia realista.	-2
Muy buen video de baile infantil; es divertido sin ser pesado, con un mensaje apto para toda la familia.	-5
El actividad escolar divertida está muy bien logrado; promueve creatividad y buen ánimo y ideal para una tarde tranquila.	-5
Comentario positivo sobre el video de magia sencilla: me gustó porque es tranquilo y educativo y aporta algo positivo y sencillo.	-5
Este reto de colores mantiene un ambiente sano; es claro, limpio y entretenido y perfecto para un ambiente familiar.	-5
La escena de una competencia de chistes entre amigos parece una broma inocente entre amigos y se mantiene muy cuidada.	-4
Este video de cocina sencilla es ligero; es ideal para pasar un buen rato y aporta algo positivo y sencillo.	-5
Muy buen video de origami; es divertido sin ser pesado, con un mensaje apto para toda la familia.	-5
Este cuento corto animado mantiene un ambiente sano; me pareció perfecto para ver en familia y me encantó el estilo amigable.	-5
Este video funciona muy bien para niños porque es divertido sin ser pesado; me encantó el estilo amigable.	-5
El tono del actividad de plastilina es amigable, limpio y agradable; ideal para una tarde tranquila.	-5
El video usa un video de acrobacias supervisadas como ejemplo de actividad física sana y controlada.	-2
Hay una escena de robots chocando en animación infantil, pero el contenido evita detalles fuertes y mantiene un enfoque seguro.	-1
Este video tiene un reto de coordinación con movimiento rápido, pero se entiende como deporte o actividad controlada.	-2
Muy buen reseña de juguetes; deja una sensación muy positiva, con un mensaje apto para toda la familia.	-5
Este tutorial de manualidades es agradable; es divertido sin ser pesado y muy sano y agradable de ver.	-5
El experimento casero seguro está muy bien logrado; transmite una energía muy sana y buen contenido para todas las edades.	-5
El momento de una escena de choque ficticio con tono de caricatura tiene energía alta, aunque se mantiene ficticio, deportivo y apto.	-1
Este video funciona muy bien para niños porque usa un lenguaje amable y positivo; ideal para una tarde tranquila.	-5
Muy buen video de naturaleza; me pareció perfecto para ver en familia, con un mensaje apto para toda la familia.	-5
Este video de naturaleza mantiene un ambiente sano; muy bonito y apto para todos y lo recomendaría para niños.	-5
La parte de una batalla de almohadas muy suave es moderada y claramente de fantasía, con un ambiente positivo.	-3
Este broma inocente mantiene un ambiente sano; me pareció perfecto para ver en familia y buen contenido para todas las edades.	-5
El video convierte una aventura de héroes con golpes simulados en aventura familiar, con respeto y sin consecuencias graves.	-3
El momento de una práctica de artes marciales con contacto controlado tiene energía alta, aunque se mantiene ficticio, deportivo y apto.	-1
La escena de un duelo de piratas de juguete se presenta de forma caricaturesca, segura y fácil de entender para niños.	-3
Se nota que el video de arte y pintura es entretenido; se siente alegre y positivo y ideal para una tarde tranquila.	-5
Este video musical alegre es respetuoso; me pareció perfecto para ver en familia y muy buena opción para contenido seguro.	-5
Se nota que el video musical alegre es sano; tiene un mensaje muy amable y gran trabajo del creador.	-5
Este video funciona muy bien para niños porque es divertido sin ser pesado; se nota que está pensado con cuidado.	-5
Muy buen broma inocente; es claro, limpio y entretenido, con un mensaje apto para toda la familia.	-5
El video de comedia familiar está muy bien logrado; usa un lenguaje amable y positivo y perfecto para un ambiente familiar.	-5
La escena de una competencia de videojuegos infantiles parece una broma inocente entre amigos y se mantiene muy cuidada.	-4
Comentario positivo sobre el reseña de juguetes: es completamente amigable para niños y muy buena opción para contenido seguro.	-5
Me gustó la parte de un reto de obstáculos blandos porque parece competencia sana, con reglas claras y buen humor.	-4
Muy buen cuento corto animado; promueve creatividad y buen ánimo, con un mensaje apto para toda la familia.	-5
Buen contenido: video de arte y pintura; es claro, limpio y entretenido y me encantó el estilo amigable.	-5
Se nota que el video de cocina sencilla es claro; transmite una energía muy sana y lo recomendaría para niños.	-5
El cuento corto animado está muy bien logrado; transmite una energía muy sana y se nota que está pensado con cuidado.	-5
La escena de un reto de almohadas de juguete parece una broma inocente entre amigos y se mantiene muy cuidada.	-4
Este video funciona muy bien para niños porque se siente alegre y positivo; lo recomendaría para niños.	-5
Este rutina de ejercicio suave mantiene un ambiente sano; es claro, limpio y entretenido y buen contenido para todas las edades.	-5
La escena de una batalla de globos de agua en familia es muy suave y apta para niños, más como juego que como pelea.	-4
Muy buen video musical alegre; es completamente amigable para niños, con un mensaje apto para toda la familia.	-5
Se nota que el juego de mesa familiar es claro; me gustó porque es tranquilo y educativo y lo recomendaría para niños.	-5
Buen video con un desafío de risas entre primos; todo se siente controlado, alegre y family friendly.	-4
Me gustó este video musical alegre; me gustó porque es tranquilo y educativo y muy buena opción para contenido seguro.	-5
Comentario positivo sobre el historia con moraleja: transmite una energía muy sana y ideal para una tarde tranquila.	-5
Comentario positivo sobre el video de magia sencilla: me gustó porque es tranquilo y educativo y ideal para una tarde tranquila.	-5
Muy buen reto de colores; transmite una energía muy sana, con un mensaje apto para toda la familia.	-5
La parte de una batalla de juguete con reglas y supervisión es más movida, pero no muestra consecuencias reales ni detalles sensibles.	-1
El momento de un entrenamiento de boxeo con guantes y reglas es activo, pero se enfoca en disciplina, respeto y seguridad.	-2
Este video funciona muy bien para niños porque no contiene nada fuerte ni inapropiado; lo vería otra vez con mi familia.	-5
Este video funciona muy bien para niños porque promueve creatividad y buen ánimo; me encantó el estilo amigable.	-5
La escena de una escena de villano caricaturesco sin sustos fuertes puede incluir acción, pero evita cualquier contenido gráfico o cruel.	-3
El video de lectura infantil está muy bien logrado; se entiende fácil y es muy respetuoso y lo recomendaría para niños.	-5
El video muestra una discusión cómica que termina en amistad; se ve como juego familiar, sin agresividad real, y mantiene un tono divertido.	-4
El tono del actividad de plastilina es limpio, limpio y agradable; lo vería otra vez con mi familia.	-5
Me gustó este video educativo para niños; me gustó porque es tranquilo y educativo y ideal para una tarde tranquila.	-5
Muy buen video de arte y pintura; está muy bien hecho y no tiene nada preocupante, con un mensaje apto para toda la familia.	-5
Este video funciona muy bien para niños porque es completamente amigable para niños; muy buena opción para contenido seguro.	-5
El rutina de ejercicio suave está muy bien logrado; se siente alegre y positivo y lo recomendaría para niños.	-5
Este video funciona muy bien para niños porque me pareció perfecto para ver en familia; perfecto para un ambiente familiar.	-5
Este video funciona muy bien para niños porque transmite una energía muy sana; muy sano y agradable de ver.	-5
El video muestra un enfrentamiento de juguetes animados; es ficticio y family friendly, sin daño real y con tono divertido.	-3
La parte de un reto de obstáculos blandos es ligera, cómica y no muestra daño real.	-4
Muy buen tutorial de manualidades; usa un lenguaje amable y positivo, con un mensaje apto para toda la familia.	-5
Muy buen video de magia sencilla; muy bonito y apto para todos, con un mensaje apto para toda la familia.	-5
Este video funciona muy bien para niños porque transmite una energía muy sana; gran trabajo del creador.	-5
Este video educativo para niños mantiene un ambiente sano; se siente alegre y positivo y se nota que está pensado con cuidado.	-5
La escena de una clase de seguridad para evitar golpes está presentada con cuidado, como entrenamiento o juego supervisado.	-2
Muy buen experimento casero seguro; me pareció perfecto para ver en familia, con un mensaje apto para toda la familia.	-5
Este video incluye una simulación de combate como actividad deportiva; puede sentirse más fuerte, aunque sigue en contexto deportivo o ficticio.	-1
La parte de una carrera de obstáculos con tropiezos suaves tiene movimiento físico, aunque todo sucede en un ambiente cuidado.	-2
El reseña de juguetes está muy bien logrado; es completamente amigable para niños y lo vería otra vez con mi familia.	-5
Este juego de adivinanzas mantiene un ambiente sano; deja una sensación muy positiva y ideal para una tarde tranquila.	-5
Este broma inocente es bonito; es divertido sin ser pesado y lo vería otra vez con mi familia.	-5
Buen video con una batalla de globos de agua en familia; todo se siente controlado, alegre y family friendly.	-4
Este video educativo para niños es divertido; es claro, limpio y entretenido y ideal para una tarde tranquila.	-5
El broma inocente está muy bien logrado; es ideal para pasar un buen rato y buen contenido para todas las edades.	-5
El tono del juego de adivinanzas es limpio, limpio y agradable; lo recomendaría para niños.	-5
Muy buen video de comedia familiar; usa un lenguaje amable y positivo, con un mensaje apto para toda la familia.	-5
Aunque aparece un reto de almohadas de juguete, el mensaje es de amistad, respeto y diversión segura.	-4
Este rutina de ejercicio suave mantiene un ambiente sano; promueve creatividad y buen ánimo y aporta algo positivo y sencillo.	-5
Muy buen actividad escolar divertida; usa un lenguaje amable y positivo, con un mensaje apto para toda la familia.	-5
Este video funciona muy bien para niños porque no contiene nada fuerte ni inapropiado; me encantó el estilo amigable.	-5
El momento de una aventura de héroes con golpes simulados tiene acción suave, sin heridas, sin miedo fuerte y con intención cómica.	-3
Se nota que el video de arte y pintura es divertido; está muy bien hecho y no tiene nada preocupante y me encantó el estilo amigable.	-5
Comentario positivo sobre el canción para aprender: se entiende fácil y es muy respetuoso y buen contenido para todas las edades.	-5
Este broma inocente mantiene un ambiente sano; muy bonito y apto para todos y ideal para una tarde tranquila.	-5
Este video de origami mantiene un ambiente sano; me gustó porque es tranquilo y educativo y gran trabajo del creador.	-5
Este experimento casero seguro mantiene un ambiente sano; es claro, limpio y entretenido y buen contenido para todas las edades.	-5
Este video funciona muy bien para niños porque usa un lenguaje amable y positivo; perfecto para un ambiente familiar.	-5
Buen contenido: video de arte y pintura; es claro, limpio y entretenido y gran trabajo del creador.	-5
El video usa una competencia de robots de juguete como recurso cómico, sin contenido fuerte ni preocupante.	-4
Buen contenido: video educativo para niños; no contiene nada fuerte ni inapropiado y se nota que está pensado con cuidado.	-5
Buen video con un reto de almohadas de juguete; todo se siente controlado, alegre y family friendly.	-4
El video de magia sencilla está muy bien logrado; transmite una energía muy sana y ideal para una tarde tranquila.	-5
El tono del video de magia sencilla es ligero, limpio y agradable; lo vería otra vez con mi familia.	-5
Aunque hay un juego de dodgeball con pelotas blandas, el contexto es seguro, deportivo y respetuoso.	-2
Aunque aparece un duelo de baile con reglas claras, el mensaje es de amistad, respeto y diversión segura.	-4
El experimento casero seguro está muy bien logrado; es divertido sin ser pesado y lo recomendaría para niños.	-5
El video muestra un reto de almohadas de juguete; se ve como juego familiar, sin agresividad real, y mantiene un tono divertido.	-4
Comentario positivo sobre el tutorial de manualidades: deja una sensación muy positiva y muy sano y agradable de ver.	-5
Este video de baile infantil es alegre; muy bonito y apto para todos y ideal para una tarde tranquila.	-5
Comentario positivo sobre el tutorial para ordenar juguetes: es divertido sin ser pesado y muy buena opción para contenido seguro.	-5
Me gustó este rutina de ejercicio suave; deja una sensación muy positiva y excelente para un momento tranquilo.	-5
El video usa una competencia de chistes entre amigos como recurso cómico, sin contenido fuerte ni preocupante.	-4
La situación de una batalla de rap limpia y divertida es amigable y deja claro que todo es juego.	-4
Muy buen video de comedia familiar; no contiene nada fuerte ni inapropiado, con un mensaje apto para toda la familia.	-5
El reto de colores está muy bien logrado; usa un lenguaje amable y positivo y lo recomendaría para niños.	-5
Buen contenido: video de baile infantil; muy bonito y apto para todos y perfecto para un ambiente familiar.	-5
El video incluye una competencia física fuerte pero supervisada, con contacto controlado y sin contenido realmente peligroso.	-1
La escena de un juego de roles con héroes imaginarios parece una broma inocente entre amigos y se mantiene muy cuidada.	-4
El video musical alegre está muy bien logrado; está muy bien hecho y no tiene nada preocupante y muy buena opción para contenido seguro.	-5
Comentario positivo sobre el rutina de ejercicio suave: mantiene un tono divertido y seguro y muy buena opción para contenido seguro.	-5
El momento de una rivalidad ligera entre personajes amables tiene conflicto muy leve, pero sigue siendo sano y familiar.	-4
Este reto de colores mantiene un ambiente sano; deja una sensación muy positiva y se nota que está pensado con cuidado.	-5
El video de arte y pintura está muy bien logrado; es claro, limpio y entretenido y me encantó el estilo amigable.	-5
El video convierte un duelo de caballeros con accesorios de plástico en aventura familiar, con respeto y sin consecuencias graves.	-3
Buen video con un juego de persecución en caricatura; todo se siente controlado, alegre y family friendly.	-4
Muy buen experimento casero seguro; tiene un mensaje muy amable, con un mensaje apto para toda la familia.	-5
Comentario positivo sobre el actividad de plastilina: tiene un mensaje muy amable y muy buena opción para contenido seguro.	-5
Buen contenido: tutorial de manualidades; es claro, limpio y entretenido y se nota que está pensado con cuidado.	-5
Me gustó la parte de un reto de almohadas de juguete porque parece competencia sana, con reglas claras y buen humor.	-4
Muy buen video de arte y pintura; me hizo sonreír de forma sana, con un mensaje apto para toda la familia.	-5
La escena de un video de acrobacias supervisadas está presentada con cuidado, como entrenamiento o juego supervisado.	-2
Muy buen reseña de juguetes; se siente alegre y positivo, con un mensaje apto para toda la familia.	-5
Comentario positivo sobre el video de arte y pintura: mantiene un tono divertido y seguro y lo vería otra vez con mi familia.	-5
La escena de una batalla de rap limpia y divertida es muy suave y apta para niños, más como juego que como pelea.	-4
Este reseña de juguetes es creativo; es claro, limpio y entretenido y me encantó el estilo amigable.	-5
Me gustó este canción para aprender; mantiene un tono divertido y seguro y excelente para un momento tranquilo.	-5
Se nota que el video de arte y pintura es agradable; muy bonito y apto para todos y buen contenido para todas las edades.	-5
La escena de una competencia de robots de juguete parece una broma inocente entre amigos y se mantiene muy cuidada.	-4
Buen contenido: video de lectura infantil; deja una sensación muy positiva y ideal para una tarde tranquila.	-5
Buen contenido: broma inocente; usa un lenguaje amable y positivo y gran trabajo del creador.	-5
El video de baile infantil está muy bien logrado; es completamente amigable para niños y muy sano y agradable de ver.	-5
Este canción para aprender es sano; deja una sensación muy positiva y excelente para un momento tranquilo.	-5
Buen contenido: animación colorida; deja una sensación muy positiva y excelente para un momento tranquilo.	-5
La parte de un reto de obstáculos blandos es ligera, cómica y no muestra daño real.	-4
Se nota que el video de animales felices es limpio; tiene un mensaje muy amable y lo recomendaría para niños.	-5
Este juego de adivinanzas mantiene un ambiente sano; transmite una energía muy sana y muy buena opción para contenido seguro.	-5
Buen contenido: video de origami; tiene un mensaje muy amable y aporta algo positivo y sencillo.	-5
El tono del reto divertido sin peligro es amigable, limpio y agradable; lo recomendaría para niños.	-5
Muy buen video de lectura infantil; me hizo sonreír de forma sana, con un mensaje apto para toda la familia.	-5
Este comentario destaca que una persecución de caricatura sin daño real se siente como juego de niños, no como violencia real.	-3
Aunque aparece un concurso de equilibrio con espuma, el mensaje es de amistad, respeto y diversión segura.	-4
Este comentario destaca que un choque cómico entre personajes de caricatura se siente como juego de niños, no como violencia real.	-3
Este comentario destaca que una persecución de caricatura sin daño real se siente como juego de niños, no como violencia real.	-3
La escena de una batalla de juguete con reglas y supervisión es la parte con más acción, pero no hay sangre, crueldad ni daño real.	-1
Este video educativo para niños es familiar; es ideal para pasar un buen rato y lo vería otra vez con mi familia.	-5
Este video funciona muy bien para niños porque muy bonito y apto para todos; muy sano y agradable de ver.	-5
La escena de un desafío de risas entre primos es muy suave y apta para niños, más como juego que como pelea.	-4
La escena de un reto de almohadas de juguete parece una broma inocente entre amigos y se mantiene muy cuidada.	-4
Me gustó este reto de colores; muy bonito y apto para todos y excelente para un momento tranquilo.	-5
Este video funciona muy bien para niños porque no contiene nada fuerte ni inapropiado; se nota que está pensado con cuidado.	-5
Este animación colorida es educativo; me gustó porque es tranquilo y educativo y ideal para una tarde tranquila.	-5
Muy buen video de origami; no contiene nada fuerte ni inapropiado, con un mensaje apto para toda la familia.	-5
La parte de una competencia de esgrima con equipo protector puede ser intensa para algunos niños, pero no muestra daño explícito ni crueldad.	-2
Este experimento casero seguro mantiene un ambiente sano; promueve creatividad y buen ánimo y buen contenido para todas las edades.	-5
Este juego de mesa familiar mantiene un ambiente sano; se siente alegre y positivo y aporta algo positivo y sencillo.	-5
Este cuento corto animado es divertido; tiene un mensaje muy amable y aporta algo positivo y sencillo.	-5
La escena de una batalla de globos de agua en familia parece una broma inocente entre amigos y se mantiene muy cuidada.	-4
Aunque aparece una rivalidad ligera entre personajes amables, el mensaje es de amistad, respeto y diversión segura.	-4
Buen contenido: video de magia sencilla; tiene un mensaje muy amable y muy sano y agradable de ver.	-5
La escena de una batalla de globos de agua en familia parece una broma inocente entre amigos y se mantiene muy cuidada.	-4
El tono del reto de colores es claro, limpio y agradable; muy sano y agradable de ver.	-5
Comentario positivo sobre el clip de mascotas tiernas: no contiene nada fuerte ni inapropiado y se nota que está pensado con cuidado.	-5
Comentario positivo sobre el video de dibujos animados: se entiende fácil y es muy respetuoso y me encantó el estilo amigable.	-5
Muy buen tutorial de manualidades; promueve creatividad y buen ánimo, con un mensaje apto para toda la familia.	-5
Me gustó este video de origami; usa un lenguaje amable y positivo y se nota que está pensado con cuidado.	-5
Comentario positivo sobre el experimento casero seguro: muy bonito y apto para todos y aporta algo positivo y sencillo.	-5
Se nota que el reto divertido sin peligro es inofensivo; es completamente amigable para niños y muy sano y agradable de ver.	-5
Me gustó este tutorial de manualidades; transmite una energía muy sana y muy sano y agradable de ver.	-5
Me gustó este video de animales felices; deja una sensación muy positiva y muy sano y agradable de ver.	-5
El video muestra un combate de artes marciales con protección y respeto; es ficticio y family friendly, sin daño real y con tono divertido.	-3
Se nota que el video de naturaleza es entretenido; es divertido sin ser pesado y gran trabajo del creador.	-5
El tono del video de cocina sencilla es tranquilo, limpio y agradable; muy sano y agradable de ver.	-5
Comentario positivo sobre el video de baile infantil: es divertido sin ser pesado y se nota que está pensado con cuidado.	-5
Me gustó este video de lectura infantil; no contiene nada fuerte ni inapropiado y se nota que está pensado con cuidado.	-5
Me gustó este juego de mesa familiar; promueve creatividad y buen ánimo y muy buena opción para contenido seguro.	-5
El video muestra un juego de persecución en caricatura; se ve como juego familiar, sin agresividad real, y mantiene un tono divertido.	-4
La escena de un juego de roles con héroes imaginarios parece una broma inocente entre amigos y se mantiene muy cuidada.	-4
El tutorial para ordenar juguetes está muy bien logrado; es completamente amigable para niños y excelente para un momento tranquilo.	-5
Muy buen video musical alegre; tiene un mensaje muy amable, con un mensaje apto para toda la familia.	-5
Se nota que el experimento casero seguro es sano; tiene un mensaje muy amable y me encantó el estilo amigable.	-5
Este reseña de juguetes es inofensivo; deja una sensación muy positiva y aporta algo positivo y sencillo.	-5
Este video funciona muy bien para niños porque muy bonito y apto para todos; buen contenido para todas las edades.	-5
El actividad escolar divertida está muy bien logrado; no contiene nada fuerte ni inapropiado y muy buena opción para contenido seguro.	-5
Comentario positivo sobre el tutorial de manualidades: tiene un mensaje muy amable y se nota que está pensado con cuidado.	-5
Comentario positivo sobre el video de naturaleza: me gustó porque es tranquilo y educativo y gran trabajo del creador.	-5
Este video funciona muy bien para niños porque es claro, limpio y entretenido; aporta algo positivo y sencillo.	-5
Buen contenido: actividad escolar divertida; es ideal para pasar un buen rato y aporta algo positivo y sencillo.	-5
Se nota que el tutorial de manualidades es claro; tiene un mensaje muy amable y buen contenido para todas las edades.	-5
Se nota que el juego de adivinanzas es limpio; transmite una energía muy sana y muy sano y agradable de ver.	-5
Este reto de colores mantiene un ambiente sano; no contiene nada fuerte ni inapropiado y excelente para un momento tranquilo.	-5
El actividad escolar divertida está muy bien logrado; es claro, limpio y entretenido y buen contenido para todas las edades.	-5
La situación de una discusión cómica que termina en amistad es amigable y deja claro que todo es juego.	-4
El video incluye una secuencia deportiva intensa pero respetuosa, con contacto controlado y sin contenido realmente peligroso.	-1
Este tutorial de manualidades mantiene un ambiente sano; muy bonito y apto para todos y ideal para una tarde tranquila.	-5
El video de ciencia fácil está muy bien logrado; es completamente amigable para niños y muy buena opción para contenido seguro.	-5
Buen video con un reto de obstáculos blandos; todo se siente controlado, alegre y family friendly.	-4
Muy buen rutina de ejercicio suave; muy bonito y apto para todos, con un mensaje apto para toda la familia.	-5
Muy buen video de ciencia fácil; está muy bien hecho y no tiene nada preocupante, con un mensaje apto para toda la familia.	-5
Se nota que el tutorial para ordenar juguetes es bonito; es ideal para pasar un buen rato y muy sano y agradable de ver.	-5
Este video funciona muy bien para niños porque es completamente amigable para niños; perfecto para un ambiente familiar.	-5
El video incluye un juego de dodgeball con pelotas blandas; muestra acción física sana, con protección, reglas y supervisión.	-2
El tono del reto divertido sin peligro es alegre, limpio y agradable; buen contenido para todas las edades.	-5
Comentario positivo sobre el video de origami: es divertido sin ser pesado y ideal para una tarde tranquila.	-5
Muy buen video de origami; es divertido sin ser pesado, con un mensaje apto para toda la familia.	-5
Este video funciona muy bien para niños porque me gustó porque es tranquilo y educativo; lo vería otra vez con mi familia.	-5
Este reto de colores es amigable; es completamente amigable para niños y buen contenido para todas las edades.	-5
El momento de un duelo de espadas de espuma tiene acción suave, sin heridas, sin miedo fuerte y con intención cómica.	-3
La escena de una simulación de rescate en juego infantil está presentada con cuidado, como entrenamiento o juego supervisado.	-2
Me gustó este reto divertido sin peligro; usa un lenguaje amable y positivo y aporta algo positivo y sencillo.	-5
El momento de una rivalidad ligera entre personajes amables tiene conflicto muy leve, pero sigue siendo sano y familiar.	-4
Se nota que el video de naturaleza es sano; me pareció perfecto para ver en familia y ideal para una tarde tranquila.	-5
El video convierte una batalla de almohadas muy suave en aventura familiar, con respeto y sin consecuencias graves.	-3
El video convierte una batalla fantástica sin heridas ni sustos en aventura familiar, con respeto y sin consecuencias graves.	-3
Comentario positivo sobre el actividad escolar divertida: me hizo sonreír de forma sana y lo vería otra vez con mi familia.	-5
El video de lectura infantil está muy bien logrado; es ideal para pasar un buen rato y gran trabajo del creador.	-5
El tono del rutina de ejercicio suave es positivo, limpio y agradable; aporta algo positivo y sencillo.	-5
Buen contenido: tutorial para ordenar juguetes; mantiene un tono divertido y seguro y buen contenido para todas las edades.	-5
El experimento casero seguro está muy bien logrado; está muy bien hecho y no tiene nada preocupante y se nota que está pensado con cuidado.	-5
Se nota que el experimento casero seguro es educativo; se siente alegre y positivo y ideal para una tarde tranquila.	-5
El tono del video de naturaleza es limpio, limpio y agradable; excelente para un momento tranquilo.	-5
El cuento corto animado está muy bien logrado; no contiene nada fuerte ni inapropiado y lo recomendaría para niños.	-5
La escena de un enfrentamiento de juguetes animados puede incluir acción, pero evita cualquier contenido gráfico o cruel.	-3
El momento de una rivalidad ligera entre personajes amables tiene conflicto muy leve, pero sigue siendo sano y familiar.	-4
Este reto de colores mantiene un ambiente sano; es completamente amigable para niños y muy buena opción para contenido seguro.	-5
Este canción para aprender es limpio; mantiene un tono divertido y seguro y excelente para un momento tranquilo.	-5
Me gustó este video de cocina sencilla; deja una sensación muy positiva y ideal para una tarde tranquila.	-5
Muy buen canción para aprender; está muy bien hecho y no tiene nada preocupante, con un mensaje apto para toda la familia.	-5
Este actividad escolar divertida es tranquilo; no contiene nada fuerte ni inapropiado y ideal para una tarde tranquila.	-5
Este juego de mesa familiar mantiene un ambiente sano; promueve creatividad y buen ánimo y excelente para un momento tranquilo.	-5
Este actividad escolar divertida mantiene un ambiente sano; muy bonito y apto para todos y excelente para un momento tranquilo.	-5
El tono del video de animales felices es seguro, limpio y agradable; gran trabajo del creador.	-5
Muy buen video de magia sencilla; me gustó porque es tranquilo y educativo, con un mensaje apto para toda la familia.	-5
Comentario positivo sobre el actividad escolar divertida: es completamente amigable para niños y aporta algo positivo y sencillo.	-5
La situación de un desafío de risas entre primos es amigable y deja claro que todo es juego.	-4
El video incluye un reto de acción con caídas sobre colchonetas, con contacto controlado y sin contenido realmente peligroso.	-1
Buen video con un reto de obstáculos blandos; todo se siente controlado, alegre y family friendly.	-4
Muy buen video educativo para niños; me hizo sonreír de forma sana, con un mensaje apto para toda la familia.	-5
Este rutina de ejercicio suave es creativo; es claro, limpio y entretenido y lo recomendaría para niños.	-5
Aunque aparece un reto de almohadas de juguete, el mensaje es de amistad, respeto y diversión segura.	-4
Este video funciona muy bien para niños porque es divertido sin ser pesado; aporta algo positivo y sencillo.	-5
Muy buen video de naturaleza; muy bonito y apto para todos, con un mensaje apto para toda la familia.	-5
El video usa un duelo de baile con reglas claras como recurso cómico, sin contenido fuerte ni preocupante.	-4
Me gustó este video de baile infantil; me pareció perfecto para ver en familia y lo vería otra vez con mi familia.	-5
El video muestra un duelo de piratas de juguete; es ficticio y family friendly, sin daño real y con tono divertido.	-3
El tono del juego de mesa familiar es sano, limpio y agradable; perfecto para un ambiente familiar.	-5
El tono del video de baile infantil es seguro, limpio y agradable; buen contenido para todas las edades.	-5
Se nota que el tutorial de manualidades es alegre; transmite una energía muy sana y muy sano y agradable de ver.	-5
El video de naturaleza está muy bien logrado; es completamente amigable para niños y ideal para una tarde tranquila.	-5
El video de magia sencilla está muy bien logrado; transmite una energía muy sana y me encantó el estilo amigable.	-5
Este video de comedia familiar mantiene un ambiente sano; es claro, limpio y entretenido y excelente para un momento tranquilo.	-5
Comentario positivo sobre el tutorial de manualidades: es ideal para pasar un buen rato y lo recomendaría para niños.	-5
Comentario positivo sobre el video de lectura infantil: es divertido sin ser pesado y lo recomendaría para niños.	-5
Muy buen rutina de ejercicio suave; mantiene un tono divertido y seguro, con un mensaje apto para toda la familia.	-5
Buen contenido: video de ciencia fácil; tiene un mensaje muy amable y lo recomendaría para niños.	-5
La escena de un combate de artes marciales con protección y respeto se presenta de forma caricaturesca, segura y fácil de entender para niños.	-3
Este juego de adivinanzas mantiene un ambiente sano; no contiene nada fuerte ni inapropiado y gran trabajo del creador.	-5
Se nota que el broma inocente es familiar; tiene un mensaje muy amable y muy sano y agradable de ver.	-5
La escena de un duelo de película infantil sin sangre ni daño real es la parte con más acción, pero no hay sangre, crueldad ni daño real.	-1
Comentario positivo sobre el video de animales felices: se entiende fácil y es muy respetuoso y muy buena opción para contenido seguro.	-5
La parte de una simulación de rescate en juego infantil tiene movimiento físico, aunque todo sucede en un ambiente cuidado.	-2
La escena de un duelo de magia ficticia es muy suave y apta para niños, más como juego que como pelea.	-4
El tono del animación colorida es respetuoso, limpio y agradable; muy buena opción para contenido seguro.	-5
Muy buen video de magia sencilla; se siente alegre y positivo, con un mensaje apto para toda la familia.	-5
La escena de un duelo de magia ficticia es muy suave y apta para niños, más como juego que como pelea.	-4
El video muestra un juego de roles con héroes imaginarios; se ve como juego familiar, sin agresividad real, y mantiene un tono divertido.	-4
El tono del video de arte y pintura es inofensivo, limpio y agradable; muy buena opción para contenido seguro.	-5
Este video de naturaleza es bonito; me hizo sonreír de forma sana y lo recomendaría para niños.	-5
Buen contenido: tutorial para ordenar juguetes; promueve creatividad y buen ánimo y lo recomendaría para niños.	-5
Este video educativo para niños mantiene un ambiente sano; mantiene un tono divertido y seguro y excelente para un momento tranquilo.	-5
Buen contenido: actividad escolar divertida; es divertido sin ser pesado y muy sano y agradable de ver.	-5
El experimento casero seguro está muy bien logrado; es divertido sin ser pesado y buen contenido para todas las edades.	-5
Buen contenido: video de origami; me pareció perfecto para ver en familia y se nota que está pensado con cuidado.	-5
Este video de cocina sencilla es sano; me pareció perfecto para ver en familia y ideal para una tarde tranquila.	-5
Este reseña de juguetes es divertido; deja una sensación muy positiva y se nota que está pensado con cuidado.	-5
La escena de un juego de batalla ficticia con armas de espuma es la parte con más acción, pero no hay sangre, crueldad ni daño real.	-1
Me gustó este video musical alegre; es claro, limpio y entretenido y muy buena opción para contenido seguro.	-5
Este video funciona muy bien para niños porque usa un lenguaje amable y positivo; ideal para una tarde tranquila.	-5
La parte de un concurso de equilibrio con espuma es ligera, cómica y no muestra daño real.	-4
Este video de arte y pintura mantiene un ambiente sano; me hizo sonreír de forma sana y lo recomendaría para niños.	-5
Se nota que el canción para aprender es positivo; no contiene nada fuerte ni inapropiado y muy sano y agradable de ver.	-5
Este video de animales felices es alegre; me gustó porque es tranquilo y educativo y aporta algo positivo y sencillo.	-5
La escena de un partido amistoso con contacto deportivo está presentada con cuidado, como entrenamiento o juego supervisado.	-2
Este juego de adivinanzas es tranquilo; promueve creatividad y buen ánimo y excelente para un momento tranquilo.	-5
Muy buen reto divertido sin peligro; usa un lenguaje amable y positivo, con un mensaje apto para toda la familia.	-5
Este canción para aprender mantiene un ambiente sano; me pareció perfecto para ver en familia y muy buena opción para contenido seguro.	-5
Buen contenido: video de origami; se entiende fácil y es muy respetuoso y buen contenido para todas las edades.	-5
Este reto divertido sin peligro es ligero; se entiende fácil y es muy respetuoso y muy buena opción para contenido seguro.	-5
La escena de un juego de policías y ladrones sin agresividad se presenta de forma caricaturesca, segura y fácil de entender para niños.	-3
Se nota que el reto de colores es divertido; promueve creatividad y buen ánimo y lo vería otra vez con mi familia.	-5
Se nota que el actividad escolar divertida es limpio; usa un lenguaje amable y positivo y me encantó el estilo amigable.	-5
Muy buen reto divertido sin peligro; muy bonito y apto para todos, con un mensaje apto para toda la familia.	-5
Este video musical alegre mantiene un ambiente sano; usa un lenguaje amable y positivo y gran trabajo del creador.	-5
Este reto de colores mantiene un ambiente sano; es completamente amigable para niños y ideal para una tarde tranquila.	-5
El momento de un concurso de bromas inocentes tiene conflicto muy leve, pero sigue siendo sano y familiar.	-4
Me gustó la parte de una rivalidad ligera entre personajes amables porque parece competencia sana, con reglas claras y buen humor.	-4
Aunque aparece un concurso de equilibrio con espuma, el mensaje es de amistad, respeto y diversión segura.	-4
Muy buen video de animales felices; me pareció perfecto para ver en familia, con un mensaje apto para toda la familia.	-5
La parte de una escena de robots chocando en animación infantil es más movida, pero no muestra consecuencias reales ni detalles sensibles.	-1
El tono del juego de adivinanzas es ligero, limpio y agradable; muy buena opción para contenido seguro.	-5
Este video de lectura infantil es ligero; me hizo sonreír de forma sana y buen contenido para todas las edades.	-5
El video musical alegre está muy bien logrado; es ideal para pasar un buen rato y ideal para una tarde tranquila.	-5
El video incluye una demostración de defensa personal segura; muestra acción física sana, con protección, reglas y supervisión.	-2
Buen contenido: video de baile infantil; tiene un mensaje muy amable y lo vería otra vez con mi familia.	-5
Se nota que el video de magia sencilla es bonito; transmite una energía muy sana y buen contenido para todas las edades.	-5
Este video musical alegre es inofensivo; es ideal para pasar un buen rato y perfecto para un ambiente familiar.	-5
Buen contenido: video de baile infantil; muy bonito y apto para todos y lo recomendaría para niños.	-5
El tono del broma inocente es educativo, limpio y agradable; excelente para un momento tranquilo.	-5
La escena de un juego de persecución en caricatura parece una broma inocente entre amigos y se mantiene muy cuidada.	-4
Comentario positivo sobre el video de ciencia fácil: no contiene nada fuerte ni inapropiado y buen contenido para todas las edades.	-5
El historia con moraleja está muy bien logrado; transmite una energía muy sana y buen contenido para todas las edades.	-5
Me gustó este rutina de ejercicio suave; deja una sensación muy positiva y me encantó el estilo amigable.	-5
Este video de comedia familiar es positivo; promueve creatividad y buen ánimo y aporta algo positivo y sencillo.	-5
Comentario positivo sobre el rutina de ejercicio suave: se siente alegre y positivo y buen contenido para todas las edades.	-5
Me gustó este canción para aprender; me hizo sonreír de forma sana y perfecto para un ambiente familiar.	-5
Muy buen video de origami; me hizo sonreír de forma sana, con un mensaje apto para toda la familia.	-5
Buen contenido: reto divertido sin peligro; se entiende fácil y es muy respetuoso y me encantó el estilo amigable.	-5
Este video de magia sencilla mantiene un ambiente sano; se siente alegre y positivo y muy buena opción para contenido seguro.	-5
Buen video con una batalla de globos de agua en familia; todo se siente controlado, alegre y family friendly.	-4
Buen contenido: video educativo para niños; me gustó porque es tranquilo y educativo y se nota que está pensado con cuidado.	-5
Este video de animales felices mantiene un ambiente sano; muy bonito y apto para todos y lo recomendaría para niños.	-5
Muy buen reto de colores; muy bonito y apto para todos, con un mensaje apto para toda la familia.	-5
Comentario positivo sobre el actividad de plastilina: se entiende fácil y es muy respetuoso y lo vería otra vez con mi familia.	-5
Comentario positivo sobre el experimento casero seguro: es ideal para pasar un buen rato y perfecto para un ambiente familiar.	-5
Este actividad de plastilina es seguro; se siente alegre y positivo y lo recomendaría para niños.	-5
Este video tiene una clase de seguridad para evitar golpes, pero se entiende como deporte o actividad controlada.	-2
El tono del video educativo para niños es alegre, limpio y agradable; gran trabajo del creador.	-5
Me gustó la parte de una discusión cómica que termina en amistad porque parece competencia sana, con reglas claras y buen humor.	-4
El tono del video de comedia familiar es positivo, limpio y agradable; gran trabajo del creador.	-5
Buen contenido: canción para aprender; mantiene un tono divertido y seguro y gran trabajo del creador.	-5
El tono del video de naturaleza es respetuoso, limpio y agradable; muy buena opción para contenido seguro.	-5
Este video funciona muy bien para niños porque se siente alegre y positivo; muy sano y agradable de ver.	-5
Buen contenido: reto de colores; transmite una energía muy sana y ideal para una tarde tranquila.	-5
Me gustó este reto divertido sin peligro; muy bonito y apto para todos y lo vería otra vez con mi familia.	-5
Buen contenido: canción para aprender; mantiene un tono divertido y seguro y gran trabajo del creador.	-5
Este video de cocina sencilla es seguro; transmite una energía muy sana y excelente para un momento tranquilo.	-5
Buen contenido: juego de mesa familiar; se entiende fácil y es muy respetuoso y buen contenido para todas las edades.	-5
El tono del video de origami es alegre, limpio y agradable; perfecto para un ambiente familiar.	-5
La parte de una práctica de taekwondo con respeto al rival puede ser intensa para algunos niños, pero no muestra daño explícito ni crueldad.	-2
El video de baile infantil está muy bien logrado; está muy bien hecho y no tiene nada preocupante y perfecto para un ambiente familiar.	-5
Me gustó este clip de mascotas tiernas; es claro, limpio y entretenido y me encantó el estilo amigable.	-5
Se nota que el reseña de juguetes es seguro; es ideal para pasar un buen rato y excelente para un momento tranquilo.	-5
El historia con moraleja está muy bien logrado; es divertido sin ser pesado y lo recomendaría para niños.	-5
El video muestra un combate de artes marciales con protección y respeto; es ficticio y family friendly, sin daño real y con tono divertido.	-3
La parte de una práctica de taekwondo con respeto al rival puede ser intensa para algunos niños, pero no muestra daño explícito ni crueldad.	-2
Este video funciona muy bien para niños porque se siente alegre y positivo; muy buena opción para contenido seguro.	-5
El momento de un reto de almohadas de juguete tiene conflicto muy leve, pero sigue siendo sano y familiar.	-4
El video usa una competencia de chistes entre amigos como recurso cómico, sin contenido fuerte ni preocupante.	-4
El video de animales felices está muy bien logrado; deja una sensación muy positiva y muy buena opción para contenido seguro.	-5
Este video de origami mantiene un ambiente sano; muy bonito y apto para todos y muy buena opción para contenido seguro.	-5
Se nota que el video de naturaleza es bonito; no contiene nada fuerte ni inapropiado y ideal para una tarde tranquila.	-5
El tono del reto de colores es familiar, limpio y agradable; me encantó el estilo amigable.	-5
La escena de una competencia de disfraces de superhéroes parece una broma inocente entre amigos y se mantiene muy cuidada.	-4
Hay una secuencia de superhéroes simulada sin heridas, pero el contenido evita detalles fuertes y mantiene un enfoque seguro.	-1
Muy buen rutina de ejercicio suave; se siente alegre y positivo, con un mensaje apto para toda la familia.	-5
Se nota que el video de comedia familiar es limpio; me gustó porque es tranquilo y educativo y gran trabajo del creador.	-5
Buen contenido: historia con moraleja; es completamente amigable para niños y lo vería otra vez con mi familia.	-5
El video de cocina sencilla está muy bien logrado; es ideal para pasar un buen rato y lo recomendaría para niños.	-5
Se nota que el clip de mascotas tiernas es divertido; se entiende fácil y es muy respetuoso y muy sano y agradable de ver.	-5
Buen contenido: reseña de juguetes; es divertido sin ser pesado y perfecto para un ambiente familiar.	-5
Me gustó este historia con moraleja; muy bonito y apto para todos y gran trabajo del creador.	-5
La escena de un partido de fútbol con choques accidentales leves está presentada con cuidado, como entrenamiento o juego supervisado.	-2
Me gustó la parte de una batalla de globos de agua en familia porque parece competencia sana, con reglas claras y buen humor.	-4
El video muestra un combate de artes marciales con protección y respeto; es ficticio y family friendly, sin daño real y con tono divertido.	-3
La escena de un concurso de equilibrio con espuma parece una broma inocente entre amigos y se mantiene muy cuidada.	-4
Este video funciona muy bien para niños porque no contiene nada fuerte ni inapropiado; perfecto para un ambiente familiar.	-5
Se nota que el rutina de ejercicio suave es sano; es divertido sin ser pesado y gran trabajo del creador.	-5
Buen contenido: cuento corto animado; muy bonito y apto para todos y excelente para un momento tranquilo.	-5
Aunque aparece un juego de captura la bandera sin contacto, el mensaje es de amistad, respeto y diversión segura.	-4
El video muestra un duelo de caballeros con accesorios de plástico; es ficticio y family friendly, sin daño real y con tono divertido.	-3
La situación de una competencia de chistes entre amigos es amigable y deja claro que todo es juego.	-4
Me gustó la parte de un juego de roles con héroes imaginarios porque parece competencia sana, con reglas claras y buen humor.	-4
Me gustó este video de arte y pintura; transmite una energía muy sana y lo vería otra vez con mi familia.	-5
El tono del video musical alegre es seguro, limpio y agradable; muy sano y agradable de ver.	-5
Aunque aparece una competencia de robots de juguete, el mensaje es de amistad, respeto y diversión segura.	-4
Buen contenido: actividad de plastilina; no contiene nada fuerte ni inapropiado y me encantó el estilo amigable.	-5
El tono del animación colorida es creativo, limpio y agradable; gran trabajo del creador.	-5
Comentario positivo sobre el video de ciencia fácil: promueve creatividad y buen ánimo y perfecto para un ambiente familiar.	-5
Me gustó este video de arte y pintura; es ideal para pasar un buen rato y me encantó el estilo amigable.	-5
El tono del broma inocente es positivo, limpio y agradable; muy sano y agradable de ver.	-5
Muy buen tutorial para ordenar juguetes; se siente alegre y positivo, con un mensaje apto para toda la familia.	-5
La parte de un partido amistoso con contacto deportivo puede ser intensa para algunos niños, pero no muestra daño explícito ni crueldad.	-2
Este video funciona muy bien para niños porque me gustó porque es tranquilo y educativo; lo recomendaría para niños.	-5
El tono del video de baile infantil es agradable, limpio y agradable; se nota que está pensado con cuidado.	-5
Buen contenido: clip de mascotas tiernas; muy bonito y apto para todos y muy sano y agradable de ver.	-5
Este video funciona muy bien para niños porque tiene un mensaje muy amable; aporta algo positivo y sencillo.	-5
Este video funciona muy bien para niños porque es ideal para pasar un buen rato; aporta algo positivo y sencillo.	-5
La parte de un juego de captura la bandera sin contacto es ligera, cómica y no muestra daño real.	-4
Comentario positivo sobre el video musical alegre: usa un lenguaje amable y positivo y buen contenido para todas las edades.	-5
El tono del video de lectura infantil es familiar, limpio y agradable; muy buena opción para contenido seguro.	-5
Comentario positivo sobre el tutorial de manualidades: deja una sensación muy positiva y lo vería otra vez con mi familia.	-5
Muy buen clip de mascotas tiernas; me gustó porque es tranquilo y educativo, con un mensaje apto para toda la familia.	-5
Buen video con un juego de captura la bandera sin contacto; todo se siente controlado, alegre y family friendly.	-4
Muy buen video de cocina sencilla; me pareció perfecto para ver en familia, con un mensaje apto para toda la familia.	-5
El video usa una competencia de disfraces de superhéroes como recurso cómico, sin contenido fuerte ni preocupante.	-4
Este video de animales felices mantiene un ambiente sano; es claro, limpio y entretenido y muy sano y agradable de ver.	-5
El momento de un duelo de piratas de juguete es claramente actuado y mantiene una intención divertida.	-3
Me gustó este video de naturaleza; es claro, limpio y entretenido y excelente para un momento tranquilo.	-5
Este video funciona muy bien para niños porque es ideal para pasar un buen rato; lo vería otra vez con mi familia.	-5
El tono del reto divertido sin peligro es limpio, limpio y agradable; lo recomendaría para niños.	-5
El video de dibujos animados está muy bien logrado; deja una sensación muy positiva y lo recomendaría para niños.	-5
Buen contenido: tutorial de manualidades; es claro, limpio y entretenido y lo recomendaría para niños.	-5
Este broma inocente es familiar; deja una sensación muy positiva y perfecto para un ambiente familiar.	-5
El tono del broma inocente es seguro, limpio y agradable; lo recomendaría para niños.	-5
El tono del video de arte y pintura es agradable, limpio y agradable; buen contenido para todas las edades.	-5
La escena de una competencia ninja infantil con colchonetas puede incluir acción, pero evita cualquier contenido gráfico o cruel.	-3
La parte de una práctica de taekwondo con respeto al rival puede ser intensa para algunos niños, pero no muestra daño explícito ni crueldad.	-2
El tono del actividad escolar divertida es alegre, limpio y agradable; se nota que está pensado con cuidado.	-5
Este video de origami es alegre; no contiene nada fuerte ni inapropiado y lo recomendaría para niños.	-5
Se nota que el video de cocina sencilla es educativo; es claro, limpio y entretenido y perfecto para un ambiente familiar.	-5
Este comentario destaca que una persecución de caricatura sin daño real se siente como juego de niños, no como violencia real.	-3
Este tutorial de manualidades es alegre; es ideal para pasar un buen rato y ideal para una tarde tranquila.	-5
Se nota que el video musical alegre es limpio; muy bonito y apto para todos y muy sano y agradable de ver.	-5
La parte de un concurso de equilibrio con espuma es ligera, cómica y no muestra daño real.	-4
El video musical alegre está muy bien logrado; se siente alegre y positivo y se nota que está pensado con cuidado.	-5
Este canción para aprender mantiene un ambiente sano; es divertido sin ser pesado y lo vería otra vez con mi familia.	-5
El video de cocina sencilla está muy bien logrado; me gustó porque es tranquilo y educativo y excelente para un momento tranquilo.	-5
La escena de una competencia de videojuegos infantiles es muy suave y apta para niños, más como juego que como pelea.	-4
Muy buen reto de colores; es ideal para pasar un buen rato, con un mensaje apto para toda la familia.	-5
El tono del historia con moraleja es ligero, limpio y agradable; ideal para una tarde tranquila.	-5
Este video de cocina sencilla es creativo; deja una sensación muy positiva y gran trabajo del creador.	-5
Me gustó este tutorial para ordenar juguetes; es divertido sin ser pesado y gran trabajo del creador.	-5
Buen contenido: juego de adivinanzas; me hizo sonreír de forma sana y lo recomendaría para niños.	-5
La escena de una discusión cómica que termina en amistad parece una broma inocente entre amigos y se mantiene muy cuidada.	-4
Me gustó este video de cocina sencilla; se entiende fácil y es muy respetuoso y buen contenido para todas las edades.	-5
El tono del reto de colores es educativo, limpio y agradable; excelente para un momento tranquilo.	-5
El video de dibujos animados está muy bien logrado; se entiende fácil y es muy respetuoso y muy buena opción para contenido seguro.	-5
Este video funciona muy bien para niños porque tiene un mensaje muy amable; lo recomendaría para niños.	-5
El tono del cuento corto animado es respetuoso, limpio y agradable; ideal para una tarde tranquila.	-5
Buen contenido: juego de mesa familiar; transmite una energía muy sana y lo recomendaría para niños.	-5
Se nota que el experimento casero seguro es limpio; me hizo sonreír de forma sana y se nota que está pensado con cuidado.	-5
Comentario positivo sobre el reto de colores: tiene un mensaje muy amable y gran trabajo del creador.	-5
Me gustó este historia con moraleja; transmite una energía muy sana y se nota que está pensado con cuidado.	-5
El tono del canción para aprender es agradable, limpio y agradable; muy buena opción para contenido seguro.	-5
Muy buen video de cocina sencilla; es claro, limpio y entretenido, con un mensaje apto para toda la familia.	-5
Me gustó la parte de un desafío de risas entre primos porque parece competencia sana, con reglas claras y buen humor.	-4
Me gustó este canción para aprender; tiene un mensaje muy amable y muy sano y agradable de ver.	-5
El momento de un concurso de bromas inocentes tiene conflicto muy leve, pero sigue siendo sano y familiar.	-4
El tono del canción para aprender es limpio, limpio y agradable; se nota que está pensado con cuidado.	-5
El video de naturaleza está muy bien logrado; está muy bien hecho y no tiene nada preocupante y lo vería otra vez con mi familia.	-5
Comentario positivo sobre el broma inocente: se siente alegre y positivo y se nota que está pensado con cuidado.	-5
El tono del video musical alegre es sano, limpio y agradable; buen contenido para todas las edades.	-5
El video incluye un video de acrobacias supervisadas; muestra acción física sana, con protección, reglas y supervisión.	-2
Muy buen reseña de juguetes; es completamente amigable para niños, con un mensaje apto para toda la familia.	-5
Este broma inocente mantiene un ambiente sano; transmite una energía muy sana y aporta algo positivo y sencillo.	-5
Muy buen clip de mascotas tiernas; muy bonito y apto para todos, con un mensaje apto para toda la familia.	-5
El momento de una aventura de héroes con golpes simulados es claramente actuado y mantiene una intención divertida.	-3
Me gustó este actividad de plastilina; transmite una energía muy sana y me encantó el estilo amigable.	-5
El rutina de ejercicio suave está muy bien logrado; es completamente amigable para niños y buen contenido para todas las edades.	-5
Este experimento casero seguro es claro; tiene un mensaje muy amable y me encantó el estilo amigable.	-5
Buen contenido: video de magia sencilla; es ideal para pasar un buen rato y gran trabajo del creador.	-5
Me gustó este video de naturaleza; se siente alegre y positivo y ideal para una tarde tranquila.	-5
El tono del video musical alegre es familiar, limpio y agradable; lo vería otra vez con mi familia.	-5
Este video funciona muy bien para niños porque no contiene nada fuerte ni inapropiado; me encantó el estilo amigable.	-5
Comentario positivo sobre el video de ciencia fácil: deja una sensación muy positiva y muy sano y agradable de ver.	-5
Se nota que el canción para aprender es alegre; es completamente amigable para niños y me encantó el estilo amigable.	-5
El video usa un entrenamiento de artes marciales sin agresividad como ejemplo de actividad física sana y controlada.	-2
Este reseña de juguetes mantiene un ambiente sano; me pareció perfecto para ver en familia y perfecto para un ambiente familiar.	-5
La parte de un reto de obstáculos blandos es ligera, cómica y no muestra daño real.	-4
Este video de cocina sencilla es alegre; es claro, limpio y entretenido y buen contenido para todas las edades.	-5
Este video funciona muy bien para niños porque es completamente amigable para niños; muy buena opción para contenido seguro.	-5
Este video de origami mantiene un ambiente sano; es claro, limpio y entretenido y buen contenido para todas las edades.	-5
La situación de un reto de obstáculos blandos es amigable y deja claro que todo es juego.	-4
El video de baile infantil está muy bien logrado; es ideal para pasar un buen rato y buen contenido para todas las edades.	-5
Hay una clase de karate infantil con protección, pero se mantiene en un entorno sano, con reglas claras y sin violencia realista.	-2
Me gustó este actividad de plastilina; es claro, limpio y entretenido y lo recomendaría para niños.	-5
Este reseña de juguetes mantiene un ambiente sano; se siente alegre y positivo y aporta algo positivo y sencillo.	-5
El tono del cuento corto animado es limpio, limpio y agradable; buen contenido para todas las edades.	-5
El tono del video de ciencia fácil es respetuoso, limpio y agradable; perfecto para un ambiente familiar.	-5
Este juego de mesa familiar es inofensivo; está muy bien hecho y no tiene nada preocupante y buen contenido para todas las edades.	-5
La parte de una práctica deportiva con contacto controlado tiene movimiento físico, aunque todo sucede en un ambiente cuidado.	-2
Este video funciona muy bien para niños porque es divertido sin ser pesado; gran trabajo del creador.	-5
Buen video con una discusión cómica que termina en amistad; todo se siente controlado, alegre y family friendly.	-4
Me gustó este video musical alegre; se siente alegre y positivo y muy sano y agradable de ver.	-5
Me gustó la parte de una competencia de videojuegos infantiles porque parece competencia sana, con reglas claras y buen humor.	-4
Buen contenido: actividad escolar divertida; es ideal para pasar un buen rato y excelente para un momento tranquilo.	-5
Buen contenido: reto divertido sin peligro; transmite una energía muy sana y muy sano y agradable de ver.	-5
El video muestra un juego de captura la bandera sin contacto; se ve como juego familiar, sin agresividad real, y mantiene un tono divertido.	-4
El video convierte un reto de defensa personal explicado como deporte en aventura familiar, con respeto y sin consecuencias graves.	-3
Este video funciona muy bien para niños porque es ideal para pasar un buen rato; lo vería otra vez con mi familia.	-5
El tono del cuento corto animado es positivo, limpio y agradable; buen contenido para todas las edades.	-5
El tono del video de ciencia fácil es respetuoso, limpio y agradable; muy sano y agradable de ver.	-5
Este video de dibujos animados es limpio; se siente alegre y positivo y buen contenido para todas las edades.	-5
Se nota que el video de cocina sencilla es tranquilo; se entiende fácil y es muy respetuoso y aporta algo positivo y sencillo.	-5
El video usa un juego de roles con héroes imaginarios como recurso cómico, sin contenido fuerte ni preocupante.	-4
Aunque aparece una batalla de rap limpia y divertida, el mensaje es de amistad, respeto y diversión segura.	-4
El video de arte y pintura está muy bien logrado; me pareció perfecto para ver en familia y lo recomendaría para niños.	-5
El video convierte una batalla de almohadas muy suave en aventura familiar, con respeto y sin consecuencias graves.	-3
La escena de una práctica de taekwondo con respeto al rival tiene contacto leve, sin intención de hacer daño y con tono educativo.	-2
Buen video con una competencia de chistes entre amigos; todo se siente controlado, alegre y family friendly.	-4
El momento de una persecución de caricatura sin daño real tiene acción suave, sin heridas, sin miedo fuerte y con intención cómica.	-3
El broma inocente está muy bien logrado; es divertido sin ser pesado y lo recomendaría para niños.	-5
El tono del video de animales felices es respetuoso, limpio y agradable; muy buena opción para contenido seguro.	-5
Este tutorial de manualidades mantiene un ambiente sano; no contiene nada fuerte ni inapropiado y me encantó el estilo amigable.	-5
La escena de una batalla de rap limpia y divertida es muy suave y apta para niños, más como juego que como pelea.	-4
Este video funciona muy bien para niños porque es divertido sin ser pesado; lo recomendaría para niños.	-5
Buen contenido: video de arte y pintura; me gustó porque es tranquilo y educativo y perfecto para un ambiente familiar.	-5
Me gustó este video de magia sencilla; me gustó porque es tranquilo y educativo y muy buena opción para contenido seguro.	-5
Comentario positivo sobre el canción para aprender: se siente alegre y positivo y gran trabajo del creador.	-5
Se nota que el canción para aprender es agradable; es completamente amigable para niños y excelente para un momento tranquilo.	-5
El tono del video de origami es amigable, limpio y agradable; se nota que está pensado con cuidado.	-5
Me gustó este tutorial de manualidades; es claro, limpio y entretenido y gran trabajo del creador.	-5
Aunque aparece una escena de acción muy marcada pero caricaturesca, se presenta como fantasía, entrenamiento o juego supervisado.	-1
Comentario positivo sobre el video de naturaleza: es divertido sin ser pesado y lo recomendaría para niños.	-5
Este comentario destaca que una persecución de caricatura sin daño real se siente como juego de niños, no como violencia real.	-3
Buen contenido: canción para aprender; mantiene un tono divertido y seguro y ideal para una tarde tranquila.	-5
Este video de origami mantiene un ambiente sano; muy bonito y apto para todos y lo vería otra vez con mi familia.	-5
El tono del tutorial de manualidades es inofensivo, limpio y agradable; gran trabajo del creador.	-5
Comentario positivo sobre el actividad escolar divertida: es completamente amigable para niños y ideal para una tarde tranquila.	-5
Buen video con un duelo de baile con reglas claras; todo se siente controlado, alegre y family friendly.	-4
Se nota que el video de naturaleza es positivo; se siente alegre y positivo y gran trabajo del creador.	-5
El reto de colores está muy bien logrado; está muy bien hecho y no tiene nada preocupante y buen contenido para todas las edades.	-5
Hay una persecución de caricatura sin daño real, pero está tratado de manera amable, ficticia y sin detalles dañinos.	-3
El tono del actividad de plastilina es claro, limpio y agradable; lo vería otra vez con mi familia.	-5
El momento de un duelo de magia ficticia tiene conflicto muy leve, pero sigue siendo sano y familiar.	-4
La escena de un partido de fútbol con choques accidentales leves está presentada con cuidado, como entrenamiento o juego supervisado.	-2
El video muestra una discusión cómica que termina en amistad; se ve como juego familiar, sin agresividad real, y mantiene un tono divertido.	-4
Este tutorial para ordenar juguetes es familiar; transmite una energía muy sana y muy sano y agradable de ver.	-5
El video usa un duelo de baile con reglas claras como recurso cómico, sin contenido fuerte ni preocupante.	-4
Este video funciona muy bien para niños porque usa un lenguaje amable y positivo; gran trabajo del creador.	-5
El video de arte y pintura está muy bien logrado; usa un lenguaje amable y positivo y me encantó el estilo amigable.	-5
Aunque hay una escena de acción física explicada como juego, el contexto es seguro, deportivo y respetuoso.	-2
Comentario positivo sobre el reseña de juguetes: deja una sensación muy positiva y lo recomendaría para niños.	-5
El video de arte y pintura está muy bien logrado; transmite una energía muy sana y buen contenido para todas las edades.	-5
Este juego de adivinanzas es creativo; usa un lenguaje amable y positivo y muy buena opción para contenido seguro.	-5
El video muestra un choque cómico entre personajes de caricatura; es ficticio y family friendly, sin daño real y con tono divertido.	-3
Este video de naturaleza es divertido; es divertido sin ser pesado y lo recomendaría para niños.	-5
Este juego de adivinanzas es creativo; mantiene un tono divertido y seguro y muy sano y agradable de ver.	-5
El tono del reto de colores es tranquilo, limpio y agradable; lo recomendaría para niños.	-5
Este video de naturaleza es positivo; se entiende fácil y es muy respetuoso y perfecto para un ambiente familiar.	-5
Este video de magia sencilla es educativo; es divertido sin ser pesado y se nota que está pensado con cuidado.	-5
Comentario positivo sobre el juego de mesa familiar: está muy bien hecho y no tiene nada preocupante y lo recomendaría para niños.	-5
Buen contenido: reto de colores; es completamente amigable para niños y aporta algo positivo y sencillo.	-5
La parte de una caída cómica sobre colchoneta tiene movimiento físico, aunque todo sucede en un ambiente cuidado.	-2
Comentario positivo sobre el video de animales felices: es divertido sin ser pesado y muy buena opción para contenido seguro.	-5
El video usa una competencia de chistes entre amigos como recurso cómico, sin contenido fuerte ni preocupante.	-4
El video usa un partido amistoso con contacto deportivo como ejemplo de actividad física sana y controlada.	-2
Se nota que el tutorial de manualidades es ligero; mantiene un tono divertido y seguro y ideal para una tarde tranquila.	-5
Este video de origami mantiene un ambiente sano; no contiene nada fuerte ni inapropiado y muy buena opción para contenido seguro.	-5
La parte de un duelo de caballeros con accesorios de plástico es moderada y claramente de fantasía, con un ambiente positivo.	-3
La situación de un juego de roles con héroes imaginarios es amigable y deja claro que todo es juego.	-4
Me gustó este video de magia sencilla; es ideal para pasar un buen rato y perfecto para un ambiente familiar.	-5
Buen contenido: video de cocina sencilla; es ideal para pasar un buen rato y gran trabajo del creador.	-5
El momento de un choque cómico entre personajes de caricatura tiene acción suave, sin heridas, sin miedo fuerte y con intención cómica.	-3
Este reseña de juguetes es creativo; me gustó porque es tranquilo y educativo y gran trabajo del creador.	-5
El reto divertido sin peligro está muy bien logrado; usa un lenguaje amable y positivo y me encantó el estilo amigable.	-5
El momento de una pelea de robots animados sin violencia real tiene acción suave, sin heridas, sin miedo fuerte y con intención cómica.	-3
Este juego de adivinanzas mantiene un ambiente sano; se siente alegre y positivo y se nota que está pensado con cuidado.	-5
Muy buen reseña de juguetes; me hizo sonreír de forma sana, con un mensaje apto para toda la familia.	-5
La escena de una batalla de almohadas muy suave se presenta de forma caricaturesca, segura y fácil de entender para niños.	-3
La escena de una clase de karate infantil con protección está presentada con cuidado, como entrenamiento o juego supervisado.	-2
El video usa un reto de almohadas de juguete como recurso cómico, sin contenido fuerte ni preocupante.	-4
La parte de una escena de acción muy marcada pero caricaturesca es más movida, pero no muestra consecuencias reales ni detalles sensibles.	-1
Este video funciona muy bien para niños porque me hizo sonreír de forma sana; me encantó el estilo amigable.	-5
Comentario positivo sobre el animación colorida: transmite una energía muy sana y aporta algo positivo y sencillo.	-5
El tono del video de cocina sencilla es tranquilo, limpio y agradable; lo recomendaría para niños.	-5
Este video de dibujos animados mantiene un ambiente sano; mantiene un tono divertido y seguro y gran trabajo del creador.	-5
Comentario positivo sobre el experimento casero seguro: me gustó porque es tranquilo y educativo y gran trabajo del creador.	-5
Comentario positivo sobre el cuento corto animado: se entiende fácil y es muy respetuoso y lo recomendaría para niños.	-5
El tono del tutorial de manualidades es educativo, limpio y agradable; perfecto para un ambiente familiar.	-5
Este video tiene un reto de coordinación con movimiento rápido, pero se entiende como deporte o actividad controlada.	-2
Comentario positivo sobre el juego de mesa familiar: es claro, limpio y entretenido y lo recomendaría para niños.	-5
Comentario positivo sobre el video educativo para niños: se entiende fácil y es muy respetuoso y perfecto para un ambiente familiar.	-5
El momento de una batalla de bolas de nieve en tono cómico es claramente actuado y mantiene una intención divertida.	-3
Muy buen reto de colores; tiene un mensaje muy amable, con un mensaje apto para toda la familia.	-5
La situación de una batalla de globos de agua en familia es amigable y deja claro que todo es juego.	-4
Me gustó este video de ciencia fácil; me pareció perfecto para ver en familia y aporta algo positivo y sencillo.	-5
Muy buen tutorial de manualidades; es divertido sin ser pesado, con un mensaje apto para toda la familia.	-5
El tono del reto de colores es seguro, limpio y agradable; muy buena opción para contenido seguro.	-5
Este video de baile infantil mantiene un ambiente sano; es completamente amigable para niños y gran trabajo del creador.	-5
Comentario positivo sobre el animación colorida: me hizo sonreír de forma sana y ideal para una tarde tranquila.	-5
Comentario positivo sobre el juego de adivinanzas: se siente alegre y positivo y ideal para una tarde tranquila.	-5
El momento de una batalla fantástica sin heridas ni sustos tiene acción suave, sin heridas, sin miedo fuerte y con intención cómica.	-3
El tono del reto de colores es claro, limpio y agradable; excelente para un momento tranquilo.	-5
Este actividad de plastilina mantiene un ambiente sano; está muy bien hecho y no tiene nada preocupante y lo recomendaría para niños.	-5
Me gustó este video de lectura infantil; mantiene un tono divertido y seguro y muy sano y agradable de ver.	-5
Este video musical alegre es bonito; es ideal para pasar un buen rato y lo recomendaría para niños.	-5
Este juego de adivinanzas es ligero; es ideal para pasar un buen rato y lo vería otra vez con mi familia.	-5
Se nota que el tutorial de manualidades es amigable; tiene un mensaje muy amable y gran trabajo del creador.	-5
Buen contenido: video de animales felices; me hizo sonreír de forma sana y lo vería otra vez con mi familia.	-5
Buen video con un juego de persecución en caricatura; todo se siente controlado, alegre y family friendly.	-4
El tutorial para ordenar juguetes está muy bien logrado; me gustó porque es tranquilo y educativo y ideal para una tarde tranquila.	-5
Este video tiene un reto de coordinación con movimiento rápido, pero se entiende como deporte o actividad controlada.	-2
El video muestra un desafío de risas entre primos; se ve como juego familiar, sin agresividad real, y mantiene un tono divertido.	-4
Comentario positivo sobre el video musical alegre: está muy bien hecho y no tiene nada preocupante y ideal para una tarde tranquila.	-5
Buen contenido: video de cocina sencilla; promueve creatividad y buen ánimo y lo recomendaría para niños.	-5
Me gustó este cuento corto animado; mantiene un tono divertido y seguro y muy buena opción para contenido seguro.	-5
La escena de una escena de villano caricaturesco sin sustos fuertes puede incluir acción, pero evita cualquier contenido gráfico o cruel.	-3
El momento de un partido amistoso con contacto deportivo es activo, pero se enfoca en disciplina, respeto y seguridad.	-2
Muy buen video de arte y pintura; usa un lenguaje amable y positivo, con un mensaje apto para toda la familia.	-5
El video de baile infantil está muy bien logrado; transmite una energía muy sana y lo vería otra vez con mi familia.	-5
Se nota que el actividad de plastilina es ligero; está muy bien hecho y no tiene nada preocupante y ideal para una tarde tranquila.	-5
Muy buen tutorial de manualidades; se entiende fácil y es muy respetuoso, con un mensaje apto para toda la familia.	-5
Me gustó este reto de colores; se entiende fácil y es muy respetuoso y aporta algo positivo y sencillo.	-5
Comentario positivo sobre el video de arte y pintura: transmite una energía muy sana y excelente para un momento tranquilo.	-5
El reto divertido sin peligro está muy bien logrado; no contiene nada fuerte ni inapropiado y excelente para un momento tranquilo.	-5
La escena de un duelo de baile con reglas claras parece una broma inocente entre amigos y se mantiene muy cuidada.	-4
Comentario positivo sobre el tutorial de manualidades: promueve creatividad y buen ánimo y me encantó el estilo amigable.	-5
El reto de colores está muy bien logrado; deja una sensación muy positiva y gran trabajo del creador.	-5
Este video funciona muy bien para niños porque me pareció perfecto para ver en familia; aporta algo positivo y sencillo.	-5
La parte de una competencia de chistes entre amigos es ligera, cómica y no muestra daño real.	-4
Se nota que el video de cocina sencilla es seguro; deja una sensación muy positiva y lo recomendaría para niños.	-5
Este comentario destaca que un enfrentamiento de juguetes animados se siente como juego de niños, no como violencia real.	-3
Se nota que el reto divertido sin peligro es amigable; está muy bien hecho y no tiene nada preocupante y ideal para una tarde tranquila.	-5
Se nota que el juego de mesa familiar es divertido; se entiende fácil y es muy respetuoso y aporta algo positivo y sencillo.	-5
Buen contenido: video de lectura infantil; se entiende fácil y es muy respetuoso y muy buena opción para contenido seguro.	-5
La parte de un juego de policías y ladrones sin agresividad es moderada y claramente de fantasía, con un ambiente positivo.	-3
Aunque aparece un juego de roles con héroes imaginarios, el mensaje es de amistad, respeto y diversión segura.	-4
Me gustó este reto de colores; deja una sensación muy positiva y muy buena opción para contenido seguro.	-5
Este video de origami es ligero; promueve creatividad y buen ánimo y aporta algo positivo y sencillo.	-5
Muy buen video de origami; muy bonito y apto para todos, con un mensaje apto para toda la familia.	-5
Me gustó la parte de un duelo de magia ficticia porque parece competencia sana, con reglas claras y buen humor.	-4
El animación colorida está muy bien logrado; es ideal para pasar un buen rato y ideal para una tarde tranquila.	-5
El video de magia sencilla está muy bien logrado; es claro, limpio y entretenido y perfecto para un ambiente familiar.	-5
El cuento corto animado está muy bien logrado; promueve creatividad y buen ánimo y me encantó el estilo amigable.	-5
El tono del video de lectura infantil es positivo, limpio y agradable; muy sano y agradable de ver.	-5
Este video de baile infantil mantiene un ambiente sano; está muy bien hecho y no tiene nada preocupante y buen contenido para todas las edades.	-5
Se nota que el juego de mesa familiar es respetuoso; es claro, limpio y entretenido y buen contenido para todas las edades.	-5
Aunque aparece una competencia de videojuegos infantiles, el mensaje es de amistad, respeto y diversión segura.	-4
La escena de una batalla de almohadas muy suave puede incluir acción, pero evita cualquier contenido gráfico o cruel.	-3
El video muestra un enfrentamiento de juguetes animados; es ficticio y family friendly, sin daño real y con tono divertido.	-3
La parte de un combate de artes marciales con protección y respeto es moderada y claramente de fantasía, con un ambiente positivo.	-3
Buen contenido: video de comedia familiar; es claro, limpio y entretenido y buen contenido para todas las edades.	-5
El video muestra una competencia física fuerte pero supervisada; tiene acción más intensa, pero sigue siendo simulada, segura y sin daño explícito.	-1
Muy buen tutorial para ordenar juguetes; promueve creatividad y buen ánimo, con un mensaje apto para toda la familia.	-5
Este video de arte y pintura es alegre; es completamente amigable para niños y perfecto para un ambiente familiar.	-5
Buen contenido: video de comedia familiar; me pareció perfecto para ver en familia y excelente para un momento tranquilo.	-5
Aunque aparece un juego de captura la bandera sin contacto, el mensaje es de amistad, respeto y diversión segura.	-4
Buen contenido: video de animales felices; se siente alegre y positivo y buen contenido para todas las edades.	-5
Me gustó este reto de colores; está muy bien hecho y no tiene nada preocupante y lo recomendaría para niños.	-5
El video usa una caída cómica sobre colchoneta como ejemplo de actividad física sana y controlada.	-2
El tono del juego de adivinanzas es entretenido, limpio y agradable; muy sano y agradable de ver.	-5
Me gustó este video de naturaleza; mantiene un tono divertido y seguro y me encantó el estilo amigable.	-5
La situación de una competencia de disfraces de superhéroes es amigable y deja claro que todo es juego.	-4
El tono del broma inocente es divertido, limpio y agradable; perfecto para un ambiente familiar.	-5
El video muestra un juego de aventura con obstáculos intensos; tiene acción más intensa, pero sigue siendo simulada, segura y sin daño explícito.	-1
Este video funciona muy bien para niños porque promueve creatividad y buen ánimo; excelente para un momento tranquilo.	-5
Este video funciona muy bien para niños porque es divertido sin ser pesado; aporta algo positivo y sencillo.	-5
El tono del broma inocente es seguro, limpio y agradable; perfecto para un ambiente familiar.	-5
Me gustó este video de origami; es completamente amigable para niños y aporta algo positivo y sencillo.	-5
Muy buen actividad escolar divertida; está muy bien hecho y no tiene nada preocupante, con un mensaje apto para toda la familia.	-5
Buen video con un duelo de baile con reglas claras; todo se siente controlado, alegre y family friendly.	-4
Este video de lectura infantil mantiene un ambiente sano; usa un lenguaje amable y positivo y se nota que está pensado con cuidado.	-5
Se nota que el experimento casero seguro es seguro; no contiene nada fuerte ni inapropiado y muy buena opción para contenido seguro.	-5
Este video funciona muy bien para niños porque usa un lenguaje amable y positivo; muy buena opción para contenido seguro.	-5
El tono del video de origami es positivo, limpio y agradable; lo recomendaría para niños.	-5
Se nota que el video de lectura infantil es familiar; se siente alegre y positivo y aporta algo positivo y sencillo.	-5
Se nota que el tutorial de manualidades es sano; se siente alegre y positivo y lo recomendaría para niños.	-5
Muy buen video de animales felices; transmite una energía muy sana, con un mensaje apto para toda la familia.	-5
Muy buen video de dibujos animados; me hizo sonreír de forma sana, con un mensaje apto para toda la familia.	-5
Este comentario destaca que una batalla de almohadas muy suave se siente como juego de niños, no como violencia real.	-3
Este video tiene una escena de acción física explicada como juego, pero se entiende como deporte o actividad controlada.	-2
Muy buen juego de mesa familiar; es claro, limpio y entretenido, con un mensaje apto para toda la familia.	-5
Hay un juego de policías y ladrones sin agresividad, pero está tratado de manera amable, ficticia y sin detalles dañinos.	-3
La escena de una rivalidad ligera entre personajes amables es muy suave y apta para niños, más como juego que como pelea.	-4
Buen contenido: video educativo para niños; es claro, limpio y entretenido y lo recomendaría para niños.	-5
El tono del actividad escolar divertida es divertido, limpio y agradable; excelente para un momento tranquilo.	-5
El video de cocina sencilla está muy bien logrado; me gustó porque es tranquilo y educativo y muy sano y agradable de ver.	-5
El tono del video de arte y pintura es ligero, limpio y agradable; lo vería otra vez con mi familia.	-5
El animación colorida está muy bien logrado; muy bonito y apto para todos y muy buena opción para contenido seguro.	-5
La escena de una escena de persecución rápida sin daño visible es la parte con más acción, pero no hay sangre, crueldad ni daño real.	-1
Se nota que el cuento corto animado es limpio; mantiene un tono divertido y seguro y muy sano y agradable de ver.	-5
La situación de un juego de roles con héroes imaginarios es amigable y deja claro que todo es juego.	-4
Comentario positivo sobre el canción para aprender: mantiene un tono divertido y seguro y se nota que está pensado con cuidado.	-5
El video usa un concurso de bromas inocentes como recurso cómico, sin contenido fuerte ni preocupante.	-4
El video incluye una escena de choque ficticio con tono de caricatura, con contacto controlado y sin contenido realmente peligroso.	-1
Este clip de mascotas tiernas mantiene un ambiente sano; es divertido sin ser pesado y gran trabajo del creador.	-5
Me gustó este clip de mascotas tiernas; es divertido sin ser pesado y lo vería otra vez con mi familia.	-5
Este reseña de juguetes es sano; tiene un mensaje muy amable y aporta algo positivo y sencillo.	-5
El tutorial de manualidades está muy bien logrado; mantiene un tono divertido y seguro y aporta algo positivo y sencillo.	-5
El tono del video de comedia familiar es respetuoso, limpio y agradable; perfecto para un ambiente familiar.	-5
El cuento corto animado está muy bien logrado; es completamente amigable para niños y buen contenido para todas las edades.	-5
Comentario positivo sobre el juego de mesa familiar: es ideal para pasar un buen rato y buen contenido para todas las edades.	-5
Este canción para aprender es alegre; es ideal para pasar un buen rato y muy buena opción para contenido seguro.	-5
Muy buen clip de mascotas tiernas; deja una sensación muy positiva, con un mensaje apto para toda la familia.	-5
El rutina de ejercicio suave está muy bien logrado; es ideal para pasar un buen rato y lo vería otra vez con mi familia.	-5
Este historia con moraleja es familiar; es completamente amigable para niños y se nota que está pensado con cuidado.	-5
El momento de un juego de captura la bandera sin contacto tiene conflicto muy leve, pero sigue siendo sano y familiar.	-4
Comentario positivo sobre el video de arte y pintura: deja una sensación muy positiva y ideal para una tarde tranquila.	-5
Este juego de mesa familiar mantiene un ambiente sano; mantiene un tono divertido y seguro y excelente para un momento tranquilo.	-5
Me gustó este historia con moraleja; es completamente amigable para niños y se nota que está pensado con cuidado.	-5
Muy buen actividad escolar divertida; tiene un mensaje muy amable, con un mensaje apto para toda la familia.	-5
Este video de arte y pintura es limpio; es ideal para pasar un buen rato y gran trabajo del creador.	-5
El tono del video de lectura infantil es bonito, limpio y agradable; perfecto para un ambiente familiar.	-5
El tono del canción para aprender es tranquilo, limpio y agradable; buen contenido para todas las edades.	-5
Comentario positivo sobre el animación colorida: tiene un mensaje muy amable y muy buena opción para contenido seguro.	-5
Se nota que el canción para aprender es agradable; muy bonito y apto para todos y lo vería otra vez con mi familia.	-5
La escena de un juego de persecución en caricatura parece una broma inocente entre amigos y se mantiene muy cuidada.	-4
Me gustó este video de magia sencilla; tiene un mensaje muy amable y excelente para un momento tranquilo.	-5
Se nota que el experimento casero seguro es creativo; deja una sensación muy positiva y lo recomendaría para niños.	-5
El tono del video de lectura infantil es familiar, limpio y agradable; ideal para una tarde tranquila.	-5
El momento de un duelo de caballeros con accesorios de plástico es claramente actuado y mantiene una intención divertida.	-3
La escena de un concurso de equilibrio con espuma parece una broma inocente entre amigos y se mantiene muy cuidada.	-4
Este video funciona muy bien para niños porque promueve creatividad y buen ánimo; ideal para una tarde tranquila.	-5
La escena de una simulación de rescate en juego infantil tiene contacto leve, sin intención de hacer daño y con tono educativo.	-2
El momento de un duelo de caballeros con accesorios de plástico tiene acción suave, sin heridas, sin miedo fuerte y con intención cómica.	-3
Hay un combate deportivo intenso con reglas claras, pero el contenido evita detalles fuertes y mantiene un enfoque seguro.	-1
Comentario positivo sobre el experimento casero seguro: transmite una energía muy sana y lo recomendaría para niños.	-5
Me gustó este actividad escolar divertida; se siente alegre y positivo y excelente para un momento tranquilo.	-5
Muy buen actividad escolar divertida; me gustó porque es tranquilo y educativo, con un mensaje apto para toda la familia.	-5
Me gustó este rutina de ejercicio suave; mantiene un tono divertido y seguro y excelente para un momento tranquilo.	-5
El video usa un desafío de risas entre primos como recurso cómico, sin contenido fuerte ni preocupante.	-4
Aunque aparece un concurso de bromas inocentes, el mensaje es de amistad, respeto y diversión segura.	-4
Se nota que el tutorial de manualidades es ligero; está muy bien hecho y no tiene nada preocupante y muy buena opción para contenido seguro.	-5
Buen contenido: tutorial de manualidades; es completamente amigable para niños y gran trabajo del creador.	-5
Este video funciona muy bien para niños porque promueve creatividad y buen ánimo; me encantó el estilo amigable.	-5
Buen contenido: actividad de plastilina; es divertido sin ser pesado y buen contenido para todas las edades.	-5
Este cuento corto animado mantiene un ambiente sano; mantiene un tono divertido y seguro y lo vería otra vez con mi familia.	-5
El video muestra un choque cómico entre personajes de caricatura; es ficticio y family friendly, sin daño real y con tono divertido.	-3
Se nota que el broma inocente es agradable; usa un lenguaje amable y positivo y muy sano y agradable de ver.	-5
Se nota que el video de comedia familiar es divertido; se entiende fácil y es muy respetuoso y me encantó el estilo amigable.	-5
Se nota que el video de comedia familiar es educativo; es divertido sin ser pesado y gran trabajo del creador.	-5
Este comentario destaca que un reto de defensa personal explicado como deporte se siente como juego de niños, no como violencia real.	-3
La escena de una batalla de rap limpia y divertida parece una broma inocente entre amigos y se mantiene muy cuidada.	-4
Este video tiene una lucha olímpica explicada como deporte, pero se entiende como deporte o actividad controlada.	-2
El video de ciencia fácil está muy bien logrado; se siente alegre y positivo y buen contenido para todas las edades.	-5
Este animación colorida es ligero; está muy bien hecho y no tiene nada preocupante y ideal para una tarde tranquila.	-5
Este video funciona muy bien para niños porque tiene un mensaje muy amable; muy buena opción para contenido seguro.	-5
La escena de una competencia de robots de juguete parece una broma inocente entre amigos y se mantiene muy cuidada.	-4
Muy buen rutina de ejercicio suave; se entiende fácil y es muy respetuoso, con un mensaje apto para toda la familia.	-5
Buen contenido: video de baile infantil; tiene un mensaje muy amable y gran trabajo del creador.	-5
Este video de naturaleza es agradable; me pareció perfecto para ver en familia y excelente para un momento tranquilo.	-5
Me gustó este video de magia sencilla; transmite una energía muy sana y lo vería otra vez con mi familia.	-5
Se nota que el video de ciencia fácil es creativo; deja una sensación muy positiva y me encantó el estilo amigable.	-5
Este canción para aprender es positivo; me pareció perfecto para ver en familia y buen contenido para todas las edades.	-5
Hay una carrera de obstáculos con tropiezos suaves, pero se mantiene en un entorno sano, con reglas claras y sin violencia realista.	-2
Este video tiene una práctica deportiva con contacto controlado, pero se entiende como deporte o actividad controlada.	-2
El tono del video de dibujos animados es seguro, limpio y agradable; aporta algo positivo y sencillo.	-5
Buen video con una batalla de rap limpia y divertida; todo se siente controlado, alegre y family friendly.	-4
El momento de un concurso de equilibrio con espuma tiene conflicto muy leve, pero sigue siendo sano y familiar.	-4
Este video de magia sencilla mantiene un ambiente sano; no contiene nada fuerte ni inapropiado y buen contenido para todas las edades.	-5
Buen contenido: tutorial de manualidades; está muy bien hecho y no tiene nada preocupante y se nota que está pensado con cuidado.	-5
El video de ciencia fácil está muy bien logrado; deja una sensación muy positiva y perfecto para un ambiente familiar.	-5
Comentario positivo sobre el video musical alegre: promueve creatividad y buen ánimo y lo recomendaría para niños.	-5
Comentario positivo sobre el reto divertido sin peligro: usa un lenguaje amable y positivo y lo vería otra vez con mi familia.	-5
Comentario positivo sobre el tutorial de manualidades: es divertido sin ser pesado y ideal para una tarde tranquila.	-5
La escena de un desafío de risas entre primos parece una broma inocente entre amigos y se mantiene muy cuidada.	-4
Este canción para aprender mantiene un ambiente sano; no contiene nada fuerte ni inapropiado y me encantó el estilo amigable.	-5
La parte de un enfrentamiento de juguetes animados es moderada y claramente de fantasía, con un ambiente positivo.	-3
Muy buen video educativo para niños; es claro, limpio y entretenido, con un mensaje apto para toda la familia.	-5
El tono del video de magia sencilla es educativo, limpio y agradable; lo vería otra vez con mi familia.	-5
Se nota que el video de animales felices es inofensivo; mantiene un tono divertido y seguro y ideal para una tarde tranquila.	-5
Este tutorial de manualidades mantiene un ambiente sano; me hizo sonreír de forma sana y lo recomendaría para niños.	-5
El momento de un duelo de caballeros con accesorios de plástico tiene acción suave, sin heridas, sin miedo fuerte y con intención cómica.	-3
Este video musical alegre mantiene un ambiente sano; transmite una energía muy sana y perfecto para un ambiente familiar.	-5
La situación de un desafío de risas entre primos es amigable y deja claro que todo es juego.	-4
Comentario positivo sobre el video de lectura infantil: me pareció perfecto para ver en familia y gran trabajo del creador.	-5
El video usa un entrenamiento de boxeo con guantes y reglas como ejemplo de actividad física sana y controlada.	-2
Este video de animales felices mantiene un ambiente sano; es divertido sin ser pesado y se nota que está pensado con cuidado.	-5
Este animación colorida es educativo; transmite una energía muy sana y gran trabajo del creador.	-5
Aunque aparece una competencia de disfraces de superhéroes, el mensaje es de amistad, respeto y diversión segura.	-4
Este clip de mascotas tiernas mantiene un ambiente sano; deja una sensación muy positiva y aporta algo positivo y sencillo.	-5
La escena de un duelo de caballeros con accesorios de plástico se presenta de forma caricaturesca, segura y fácil de entender para niños.	-3
La parte de un duelo de película infantil sin sangre ni daño real requiere más criterio, pero sigue siendo family friendly y no gráfica.	-1
Este video de magia sencilla es creativo; es claro, limpio y entretenido y lo recomendaría para niños.	-5
Comentario positivo sobre el historia con moraleja: está muy bien hecho y no tiene nada preocupante y se nota que está pensado con cuidado.	-5
El tono del animación colorida es positivo, limpio y agradable; gran trabajo del creador.	-5
El video usa un concurso de bromas inocentes como recurso cómico, sin contenido fuerte ni preocupante.	-4
La escena de un duelo de baile con reglas claras es muy suave y apta para niños, más como juego que como pelea.	-4
Este video funciona muy bien para niños porque se siente alegre y positivo; aporta algo positivo y sencillo.	-5
Este video funciona muy bien para niños porque es claro, limpio y entretenido; se nota que está pensado con cuidado.	-5
Comentario positivo sobre el juego de adivinanzas: no contiene nada fuerte ni inapropiado y perfecto para un ambiente familiar.	-5
La parte de un reto de defensa personal explicado como deporte es moderada y claramente de fantasía, con un ambiente positivo.	-3
Se nota que el tutorial de manualidades es entretenido; es ideal para pasar un buen rato y ideal para una tarde tranquila.	-5
El tono del video de dibujos animados es seguro, limpio y agradable; se nota que está pensado con cuidado.	-5
Comentario positivo sobre el tutorial para ordenar juguetes: me pareció perfecto para ver en familia y ideal para una tarde tranquila.	-5
Aunque aparece un juego de roles con héroes imaginarios, el mensaje es de amistad, respeto y diversión segura.	-4
El rutina de ejercicio suave está muy bien logrado; muy bonito y apto para todos y me encantó el estilo amigable.	-5
Me gustó este video de cocina sencilla; es ideal para pasar un buen rato y lo recomendaría para niños.	-5
Se nota que el video de origami es divertido; usa un lenguaje amable y positivo y buen contenido para todas las edades.	-5
Se nota que el historia con moraleja es educativo; es claro, limpio y entretenido y ideal para una tarde tranquila.	-5
Aunque hay una simulación de rescate en juego infantil, el contexto es seguro, deportivo y respetuoso.	-2
Aunque aparece un combate de artes marciales con protección y respeto, todo se presenta como juego imaginario y apto para familia.	-3
Buen contenido: historia con moraleja; promueve creatividad y buen ánimo y me encantó el estilo amigable.	-5
El momento de un reto de obstáculos blandos tiene conflicto muy leve, pero sigue siendo sano y familiar.	-4
Comentario positivo sobre el video educativo para niños: es divertido sin ser pesado y ideal para una tarde tranquila.	-5
Este historia con moraleja mantiene un ambiente sano; está muy bien hecho y no tiene nada preocupante y lo recomendaría para niños.	-5
Muy buen video de animales felices; mantiene un tono divertido y seguro, con un mensaje apto para toda la familia.	-5
El tono del historia con moraleja es amigable, limpio y agradable; muy buena opción para contenido seguro.	-5
Este video de dibujos animados es bonito; deja una sensación muy positiva y se nota que está pensado con cuidado.	-5
Me gustó este broma inocente; se entiende fácil y es muy respetuoso y aporta algo positivo y sencillo.	-5
El video de cocina sencilla está muy bien logrado; me pareció perfecto para ver en familia y lo vería otra vez con mi familia.	-5
El momento de un choque cómico entre personajes de caricatura es claramente actuado y mantiene una intención divertida.	-3
Buen contenido: video de baile infantil; muy bonito y apto para todos y muy sano y agradable de ver.	-5
Este reto divertido sin peligro mantiene un ambiente sano; es claro, limpio y entretenido y me encantó el estilo amigable.	-5
Muy buen video educativo para niños; se entiende fácil y es muy respetuoso, con un mensaje apto para toda la familia.	-5
Comentario positivo sobre el animación colorida: se siente alegre y positivo y buen contenido para todas las edades.	-5
Buen contenido: clip de mascotas tiernas; me pareció perfecto para ver en familia y lo recomendaría para niños.	-5
Buen contenido: experimento casero seguro; es completamente amigable para niños y lo recomendaría para niños.	-5
Este video de cocina sencilla es ligero; me gustó porque es tranquilo y educativo y perfecto para un ambiente familiar.	-5
Aunque aparece una batalla de bolas de nieve en tono cómico, todo se presenta como juego imaginario y apto para familia.	-3
Muy buen canción para aprender; mantiene un tono divertido y seguro, con un mensaje apto para toda la familia.	-5
Este cuento corto animado es tranquilo; mantiene un tono divertido y seguro y ideal para una tarde tranquila.	-5
Este video funciona muy bien para niños porque es claro, limpio y entretenido; me encantó el estilo amigable.	-5
Me gustó este tutorial de manualidades; usa un lenguaje amable y positivo y lo vería otra vez con mi familia.	-5
Este video funciona muy bien para niños porque tiene un mensaje muy amable; lo recomendaría para niños.	-5
La parte de un concurso de equilibrio con espuma es ligera, cómica y no muestra daño real.	-4
Comentario positivo sobre el video de origami: es claro, limpio y entretenido y muy buena opción para contenido seguro.	-5
El tono del actividad de plastilina es respetuoso, limpio y agradable; gran trabajo del creador.	-5
La parte de un duelo de magia ficticia es ligera, cómica y no muestra daño real.	-4
El momento de una escena de villano caricaturesco sin sustos fuertes tiene acción suave, sin heridas, sin miedo fuerte y con intención cómica.	-3
Muy buen reto divertido sin peligro; transmite una energía muy sana, con un mensaje apto para toda la familia.	-5
Aunque aparece un desafío de risas entre primos, el mensaje es de amistad, respeto y diversión segura.	-4
La escena de una batalla de globos de agua en familia parece una broma inocente entre amigos y se mantiene muy cuidada.	-4
Muy buen video de animales felices; se entiende fácil y es muy respetuoso, con un mensaje apto para toda la familia.	-5
Este tutorial de manualidades es familiar; no contiene nada fuerte ni inapropiado y muy sano y agradable de ver.	-5
Buen video con un duelo de baile con reglas claras; todo se siente controlado, alegre y family friendly.	-4
El video de cocina sencilla está muy bien logrado; está muy bien hecho y no tiene nada preocupante y ideal para una tarde tranquila.	-5
Aunque aparece una discusión cómica que termina en amistad, el mensaje es de amistad, respeto y diversión segura.	-4
El video muestra un choque cómico entre personajes de caricatura; es ficticio y family friendly, sin daño real y con tono divertido.	-3
Este video funciona muy bien para niños porque se entiende fácil y es muy respetuoso; se nota que está pensado con cuidado.	-5
Buen contenido: tutorial de manualidades; es completamente amigable para niños y aporta algo positivo y sencillo.	-5
Este video funciona muy bien para niños porque me pareció perfecto para ver en familia; lo recomendaría para niños.	-5
Este comentario destaca que una batalla de bolas de nieve en tono cómico se siente como juego de niños, no como violencia real.	-3
El tono del reseña de juguetes es inofensivo, limpio y agradable; se nota que está pensado con cuidado.	-5
La situación de una competencia de videojuegos infantiles es amigable y deja claro que todo es juego.	-4
Este actividad escolar divertida mantiene un ambiente sano; transmite una energía muy sana y lo recomendaría para niños.	-5
El video convierte una aventura de héroes con golpes simulados en aventura familiar, con respeto y sin consecuencias graves.	-3
Muy buen video de arte y pintura; está muy bien hecho y no tiene nada preocupante, con un mensaje apto para toda la familia.	-5
El video incluye una clase de karate infantil con protección; muestra acción física sana, con protección, reglas y supervisión.	-2
Buen contenido: video de animales felices; muy bonito y apto para todos y me encantó el estilo amigable.	-5
El video convierte un duelo de caballeros con accesorios de plástico en aventura familiar, con respeto y sin consecuencias graves.	-3
El tono del reseña de juguetes es sano, limpio y agradable; buen contenido para todas las edades.	-5
Muy buen juego de mesa familiar; mantiene un tono divertido y seguro, con un mensaje apto para toda la familia.	-5
Este juego de adivinanzas es claro; no contiene nada fuerte ni inapropiado y perfecto para un ambiente familiar.	-5
Buen contenido: clip de mascotas tiernas; está muy bien hecho y no tiene nada preocupante y ideal para una tarde tranquila.	-5
Este canción para aprender es amigable; es claro, limpio y entretenido y gran trabajo del creador.	-5
Este tutorial para ordenar juguetes mantiene un ambiente sano; es ideal para pasar un buen rato y excelente para un momento tranquilo.	-5
Se nota que el video de comedia familiar es claro; es ideal para pasar un buen rato y lo vería otra vez con mi familia.	-5
Este video funciona muy bien para niños porque es ideal para pasar un buen rato; aporta algo positivo y sencillo.	-5
Este tutorial para ordenar juguetes es entretenido; es ideal para pasar un buen rato y buen contenido para todas las edades.	-5
El video muestra una batalla de rap limpia y divertida; se ve como juego familiar, sin agresividad real, y mantiene un tono divertido.	-4
Este historia con moraleja es ligero; usa un lenguaje amable y positivo y lo recomendaría para niños.	-5
Comentario positivo sobre el reto de colores: promueve creatividad y buen ánimo y lo vería otra vez con mi familia.	-5
Hay un partido de fútbol con choques accidentales leves, pero se mantiene en un entorno sano, con reglas claras y sin violencia realista.	-2
Este video de naturaleza mantiene un ambiente sano; es ideal para pasar un buen rato y lo vería otra vez con mi familia.	-5
Este video de cocina sencilla es bonito; promueve creatividad y buen ánimo y gran trabajo del creador.	-5
Muy buen video musical alegre; deja una sensación muy positiva, con un mensaje apto para toda la familia.	-5
Comentario positivo sobre el tutorial para ordenar juguetes: muy bonito y apto para todos y aporta algo positivo y sencillo.	-5
Buen video con un juego de roles con héroes imaginarios; todo se siente controlado, alegre y family friendly.	-4
La escena de una competencia de disfraces de superhéroes es muy suave y apta para niños, más como juego que como pelea.	-4
El video de cocina sencilla está muy bien logrado; se siente alegre y positivo y me encantó el estilo amigable.	-5
Este video funciona muy bien para niños porque usa un lenguaje amable y positivo; buen contenido para todas las edades.	-5
El video muestra una discusión cómica que termina en amistad; se ve como juego familiar, sin agresividad real, y mantiene un tono divertido.	-4
Este video de ciencia fácil es claro; promueve creatividad y buen ánimo y perfecto para un ambiente familiar.	-5
Este video funciona muy bien para niños porque me pareció perfecto para ver en familia; muy sano y agradable de ver.	-5
Muy buen video de arte y pintura; es claro, limpio y entretenido, con un mensaje apto para toda la familia.	-5
La escena de una batalla de rap limpia y divertida es muy suave y apta para niños, más como juego que como pelea.	-4
El video convierte un duelo de caballeros con accesorios de plástico en aventura familiar, con respeto y sin consecuencias graves.	-3
La escena de una pelea ficticia de superhéroes de cartón se presenta de forma caricaturesca, segura y fácil de entender para niños.	-3
Este video de naturaleza es bonito; transmite una energía muy sana y excelente para un momento tranquilo.	-5
Comentario positivo sobre el clip de mascotas tiernas: tiene un mensaje muy amable y buen contenido para todas las edades.	-5
Buen contenido: experimento casero seguro; usa un lenguaje amable y positivo y se nota que está pensado con cuidado.	-5
El momento de una lucha olímpica explicada como deporte es activo, pero se enfoca en disciplina, respeto y seguridad.	-2
El video musical alegre está muy bien logrado; tiene un mensaje muy amable y muy buena opción para contenido seguro.	-5
Buen contenido: actividad de plastilina; es ideal para pasar un buen rato y aporta algo positivo y sencillo.	-5
Este actividad escolar divertida mantiene un ambiente sano; me pareció perfecto para ver en familia y muy buena opción para contenido seguro.	-5
La parte de una escena de persecución rápida sin daño visible requiere más criterio, pero sigue siendo family friendly y no gráfica.	-1
Se nota que el video de magia sencilla es limpio; muy bonito y apto para todos y lo recomendaría para niños.	-5
Comentario positivo sobre el juego de adivinanzas: muy bonito y apto para todos y lo vería otra vez con mi familia.	-5
Buen contenido: video de comedia familiar; mantiene un tono divertido y seguro y lo vería otra vez con mi familia.	-5
Hay una escena de acción tipo caricatura educativa, pero está tratado de manera amable, ficticia y sin detalles dañinos.	-3
Este video de magia sencilla mantiene un ambiente sano; me hizo sonreír de forma sana y gran trabajo del creador.	-5
Este video funciona muy bien para niños porque tiene un mensaje muy amable; perfecto para un ambiente familiar.	-5
Muy buen video de cocina sencilla; se siente alegre y positivo, con un mensaje apto para toda la familia.	-5
El rutina de ejercicio suave está muy bien logrado; no contiene nada fuerte ni inapropiado y muy sano y agradable de ver.	-5
Muy buen juego de adivinanzas; me gustó porque es tranquilo y educativo, con un mensaje apto para toda la familia.	-5
Buen contenido: canción para aprender; se siente alegre y positivo y muy buena opción para contenido seguro.	-5
El video de comedia familiar está muy bien logrado; me hizo sonreír de forma sana y me encantó el estilo amigable.	-5
Este video funciona muy bien para niños porque tiene un mensaje muy amable; excelente para un momento tranquilo.	-5
Muy buen video de animales felices; es divertido sin ser pesado, con un mensaje apto para toda la familia.	-5
Buen contenido: clip de mascotas tiernas; usa un lenguaje amable y positivo y lo recomendaría para niños.	-5
Comentario positivo sobre el animación colorida: es ideal para pasar un buen rato y lo vería otra vez con mi familia.	-5
El momento de una batalla fantástica sin heridas ni sustos es claramente actuado y mantiene una intención divertida.	-3
El tono del video musical alegre es entretenido, limpio y agradable; aporta algo positivo y sencillo.	-5
Se nota que el clip de mascotas tiernas es educativo; se entiende fácil y es muy respetuoso y lo vería otra vez con mi familia.	-5
Este juego de adivinanzas es amigable; me gustó porque es tranquilo y educativo y buen contenido para todas las edades.	-5
El video de comedia familiar está muy bien logrado; es divertido sin ser pesado y gran trabajo del creador.	-5
El momento de una pelea de robots animados sin violencia real es claramente actuado y mantiene una intención divertida.	-3
Este video funciona muy bien para niños porque me gustó porque es tranquilo y educativo; aporta algo positivo y sencillo.	-5
La parte de una práctica de artes marciales con contacto controlado es más movida, pero no muestra consecuencias reales ni detalles sensibles.	-1
El video muestra una batalla de rap limpia y divertida; se ve como juego familiar, sin agresividad real, y mantiene un tono divertido.	-4
El rutina de ejercicio suave está muy bien logrado; promueve creatividad y buen ánimo y muy sano y agradable de ver.	-5
Buen contenido: video de lectura infantil; es completamente amigable para niños y aporta algo positivo y sencillo.	-5
La escena de un juego de dodgeball con pelotas blandas está presentada con cuidado, como entrenamiento o juego supervisado.	-2
El canción para aprender está muy bien logrado; es ideal para pasar un buen rato y aporta algo positivo y sencillo.	-5
El video muestra una escena de robots chocando en animación infantil; tiene acción más intensa, pero sigue siendo simulada, segura y sin daño explícito.	-1
Este video de cocina sencilla mantiene un ambiente sano; no contiene nada fuerte ni inapropiado y perfecto para un ambiente familiar.	-5
Hay una aventura de héroes con golpes simulados, pero está tratado de manera amable, ficticia y sin detalles dañinos.	-3
Me gustó este rutina de ejercicio suave; es ideal para pasar un buen rato y me encantó el estilo amigable.	-5
Hay un juego de aventura con obstáculos intensos, pero el contenido evita detalles fuertes y mantiene un enfoque seguro.	-1
El momento de un entrenamiento de boxeo con guantes y reglas es activo, pero se enfoca en disciplina, respeto y seguridad.	-2
Este actividad escolar divertida es sano; se entiende fácil y es muy respetuoso y ideal para una tarde tranquila.	-5
Este reseña de juguetes mantiene un ambiente sano; se siente alegre y positivo y ideal para una tarde tranquila.	-5
Este video funciona muy bien para niños porque es completamente amigable para niños; me encantó el estilo amigable.	-5
La parte de una demostración de defensa personal segura tiene movimiento físico, aunque todo sucede en un ambiente cuidado.	-2
Este tutorial de manualidades mantiene un ambiente sano; muy bonito y apto para todos y muy sano y agradable de ver.	-5
El momento de un duelo de piratas de juguete tiene acción suave, sin heridas, sin miedo fuerte y con intención cómica.	-3
El video muestra una escena de acción tipo caricatura educativa; es ficticio y family friendly, sin daño real y con tono divertido.	-3
Me gustó este rutina de ejercicio suave; es ideal para pasar un buen rato y me encantó el estilo amigable.	-5
Este rutina de ejercicio suave mantiene un ambiente sano; usa un lenguaje amable y positivo y lo vería otra vez con mi familia.	-5
Este video funciona muy bien para niños porque usa un lenguaje amable y positivo; lo recomendaría para niños.	-5
Me gustó la parte de un juego de roles con héroes imaginarios porque parece competencia sana, con reglas claras y buen humor.	-4
Este video funciona muy bien para niños porque me hizo sonreír de forma sana; gran trabajo del creador.	-5
La escena de una pelea ficticia de superhéroes de cartón se presenta de forma caricaturesca, segura y fácil de entender para niños.	-3
Se nota que el tutorial de manualidades es creativo; es claro, limpio y entretenido y lo recomendaría para niños.	-5
Comentario positivo sobre el video de naturaleza: me pareció perfecto para ver en familia y excelente para un momento tranquilo.	-5
Este video funciona muy bien para niños porque mantiene un tono divertido y seguro; lo recomendaría para niños.	-5
Este video de naturaleza mantiene un ambiente sano; me hizo sonreír de forma sana y me encantó el estilo amigable.	-5
El video convierte un duelo de piratas de juguete en aventura familiar, con respeto y sin consecuencias graves.	-3
La escena de una carrera de obstáculos con tropiezos suaves está presentada con cuidado, como entrenamiento o juego supervisado.	-2
La situación de una competencia de chistes entre amigos es amigable y deja claro que todo es juego.	-4
Este reto de colores es divertido; me gustó porque es tranquilo y educativo y me encantó el estilo amigable.	-5
Se nota que el clip de mascotas tiernas es alegre; promueve creatividad y buen ánimo y muy sano y agradable de ver.	-5
El tono del video de dibujos animados es amigable, limpio y agradable; aporta algo positivo y sencillo.	-5
Este comentario destaca que una competencia ninja infantil con colchonetas se siente como juego de niños, no como violencia real.	-3
Comentario positivo sobre el video de naturaleza: es completamente amigable para niños y aporta algo positivo y sencillo.	-5
Este video de arte y pintura mantiene un ambiente sano; se siente alegre y positivo y muy buena opción para contenido seguro.	-5
Comentario positivo sobre el video de origami: deja una sensación muy positiva y muy buena opción para contenido seguro.	-5
El video usa una competencia de chistes entre amigos como recurso cómico, sin contenido fuerte ni preocupante.	-4
Comentario positivo sobre el reseña de juguetes: usa un lenguaje amable y positivo y lo vería otra vez con mi familia.	-5
El momento de un duelo de espadas de espuma tiene acción suave, sin heridas, sin miedo fuerte y con intención cómica.	-3
El momento de una discusión cómica que termina en amistad tiene conflicto muy leve, pero sigue siendo sano y familiar.	-4
Este cuento corto animado mantiene un ambiente sano; muy bonito y apto para todos y perfecto para un ambiente familiar.	-5
El video muestra un juego de roles con héroes imaginarios; se ve como juego familiar, sin agresividad real, y mantiene un tono divertido.	-4
Me gustó este actividad escolar divertida; promueve creatividad y buen ánimo y lo recomendaría para niños.	-5
Se nota que el video de arte y pintura es familiar; muy bonito y apto para todos y muy sano y agradable de ver.	-5
El tono del video educativo para niños es respetuoso, limpio y agradable; muy buena opción para contenido seguro.	-5
Me gustó este actividad escolar divertida; es claro, limpio y entretenido y se nota que está pensado con cuidado.	-5
Me gustó este historia con moraleja; promueve creatividad y buen ánimo y aporta algo positivo y sencillo.	-5
Buen contenido: rutina de ejercicio suave; me pareció perfecto para ver en familia y lo recomendaría para niños.	-5
El rutina de ejercicio suave está muy bien logrado; promueve creatividad y buen ánimo y buen contenido para todas las edades.	-5
Este video de animales felices mantiene un ambiente sano; usa un lenguaje amable y positivo y buen contenido para todas las edades.	-5
El video usa un duelo de magia ficticia como recurso cómico, sin contenido fuerte ni preocupante.	-4
El video usa un desafío de risas entre primos como recurso cómico, sin contenido fuerte ni preocupante.	-4
La escena de un duelo de caballeros con accesorios de plástico puede incluir acción, pero evita cualquier contenido gráfico o cruel.	-3
Muy buen video de baile infantil; promueve creatividad y buen ánimo, con un mensaje apto para toda la familia.	-5
Este video de lectura infantil mantiene un ambiente sano; me hizo sonreír de forma sana y lo vería otra vez con mi familia.	-5
Comentario positivo sobre el clip de mascotas tiernas: muy bonito y apto para todos y ideal para una tarde tranquila.	-5
El momento de un concurso de bromas inocentes tiene conflicto muy leve, pero sigue siendo sano y familiar.	-4
La parte de un choque cómico entre personajes de caricatura es moderada y claramente de fantasía, con un ambiente positivo.	-3
Muy buen reto de colores; me gustó porque es tranquilo y educativo, con un mensaje apto para toda la familia.	-5
El broma inocente está muy bien logrado; deja una sensación muy positiva y lo vería otra vez con mi familia.	-5
Me gustó este actividad escolar divertida; muy bonito y apto para todos y muy buena opción para contenido seguro.	-5
El video muestra una rivalidad ligera entre personajes amables; se ve como juego familiar, sin agresividad real, y mantiene un tono divertido.	-4
Se nota que el tutorial de manualidades es sano; deja una sensación muy positiva y me encantó el estilo amigable.	-5
Me gustó este rutina de ejercicio suave; muy bonito y apto para todos y aporta algo positivo y sencillo.	-5
Este video funciona muy bien para niños porque transmite una energía muy sana; lo vería otra vez con mi familia.	-5
El video convierte un duelo de piratas de juguete en aventura familiar, con respeto y sin consecuencias graves.	-3
Buen contenido: canción para aprender; deja una sensación muy positiva y lo vería otra vez con mi familia.	-5
Aunque hay una clase de karate infantil con protección, el contexto es seguro, deportivo y respetuoso.	-2
Hay un duelo de entrenamiento con equipo completo, pero el contenido evita detalles fuertes y mantiene un enfoque seguro.	-1
Este actividad de plastilina mantiene un ambiente sano; transmite una energía muy sana y buen contenido para todas las edades.	-5
El tono del clip de mascotas tiernas es divertido, limpio y agradable; buen contenido para todas las edades.	-5
Me gustó este video de magia sencilla; no contiene nada fuerte ni inapropiado y se nota que está pensado con cuidado.	-5
La parte de una rivalidad ligera entre personajes amables es ligera, cómica y no muestra daño real.	-4
Me gustó la parte de un duelo de magia ficticia porque parece competencia sana, con reglas claras y buen humor.	-4
El tono del video educativo para niños es familiar, limpio y agradable; lo recomendaría para niños.	-5
Este juego de adivinanzas mantiene un ambiente sano; usa un lenguaje amable y positivo y ideal para una tarde tranquila.	-5
La escena de una competencia de chistes entre amigos es muy suave y apta para niños, más como juego que como pelea.	-4
La parte de un juego de captura la bandera sin contacto es ligera, cómica y no muestra daño real.	-4
Aunque aparece un reto de almohadas de juguete, el mensaje es de amistad, respeto y diversión segura.	-4
Se nota que el actividad escolar divertida es positivo; está muy bien hecho y no tiene nada preocupante y lo vería otra vez con mi familia.	-5
La parte de un entrenamiento de defensa con explicación segura requiere más criterio, pero sigue siendo family friendly y no gráfica.	-1
Me gustó este tutorial para ordenar juguetes; usa un lenguaje amable y positivo y muy buena opción para contenido seguro.	-5
Se nota que el video de arte y pintura es seguro; deja una sensación muy positiva y muy buena opción para contenido seguro.	-5
Buen contenido: reto divertido sin peligro; transmite una energía muy sana y gran trabajo del creador.	-5
Me gustó este clip de mascotas tiernas; promueve creatividad y buen ánimo y lo vería otra vez con mi familia.	-5
Comentario positivo sobre el video musical alegre: es ideal para pasar un buen rato y excelente para un momento tranquilo.	-5
Este actividad escolar divertida mantiene un ambiente sano; me gustó porque es tranquilo y educativo y excelente para un momento tranquilo.	-5
Me gustó la parte de un reto de almohadas de juguete porque parece competencia sana, con reglas claras y buen humor.	-4
Comentario positivo sobre el cuento corto animado: me gustó porque es tranquilo y educativo y muy buena opción para contenido seguro.	-5
La escena de una clase de seguridad para evitar golpes tiene contacto leve, sin intención de hacer daño y con tono educativo.	-2
Comentario positivo sobre el video de dibujos animados: se siente alegre y positivo y ideal para una tarde tranquila.	-5
Se nota que el actividad de plastilina es amigable; transmite una energía muy sana y me encantó el estilo amigable.	-5
Este video de dibujos animados es bonito; me gustó porque es tranquilo y educativo y lo vería otra vez con mi familia.	-5
Me gustó este historia con moraleja; es ideal para pasar un buen rato y aporta algo positivo y sencillo.	-5
La escena de una competencia de robots de juguete es muy suave y apta para niños, más como juego que como pelea.	-4
Comentario positivo sobre el tutorial para ordenar juguetes: se entiende fácil y es muy respetuoso y aporta algo positivo y sencillo.	-5
Se nota que el broma inocente es familiar; es completamente amigable para niños y ideal para una tarde tranquila.	-5
Me gustó este video musical alegre; es divertido sin ser pesado y me encantó el estilo amigable.	-5
Comentario positivo sobre el rutina de ejercicio suave: no contiene nada fuerte ni inapropiado y excelente para un momento tranquilo.	-5
Buen contenido: cuento corto animado; me pareció perfecto para ver en familia y muy buena opción para contenido seguro.	-5
El tono del video de origami es tranquilo, limpio y agradable; aporta algo positivo y sencillo.	-5
El video de lectura infantil está muy bien logrado; es completamente amigable para niños y perfecto para un ambiente familiar.	-5
Este video funciona muy bien para niños porque muy bonito y apto para todos; lo vería otra vez con mi familia.	-5
La situación de una competencia de robots de juguete es amigable y deja claro que todo es juego.	-4
Muy buen tutorial para ordenar juguetes; está muy bien hecho y no tiene nada preocupante, con un mensaje apto para toda la familia.	-5
Se nota que el reto divertido sin peligro es amigable; transmite una energía muy sana y excelente para un momento tranquilo.	-5
Buen contenido: clip de mascotas tiernas; me pareció perfecto para ver en familia y aporta algo positivo y sencillo.	-5
El experimento casero seguro está muy bien logrado; no contiene nada fuerte ni inapropiado y muy sano y agradable de ver.	-5
Aunque aparece un reto de obstáculos blandos, el mensaje es de amistad, respeto y diversión segura.	-4
El momento de una batalla de globos de agua en familia tiene conflicto muy leve, pero sigue siendo sano y familiar.	-4
El video incluye una escena de persecución rápida sin daño visible, con contacto controlado y sin contenido realmente peligroso.	-1
El tono del juego de adivinanzas es divertido, limpio y agradable; lo vería otra vez con mi familia.	-5
Este reseña de juguetes mantiene un ambiente sano; me hizo sonreír de forma sana y lo vería otra vez con mi familia.	-5
La escena de una clase de seguridad para evitar golpes tiene contacto leve, sin intención de hacer daño y con tono educativo.	-2
El video muestra un enfrentamiento de juguetes animados; es ficticio y family friendly, sin daño real y con tono divertido.	-3
El momento de una batalla de globos de agua en familia tiene conflicto muy leve, pero sigue siendo sano y familiar.	-4
El tutorial para ordenar juguetes está muy bien logrado; no contiene nada fuerte ni inapropiado y lo vería otra vez con mi familia.	-5
El tono del video de baile infantil es positivo, limpio y agradable; perfecto para un ambiente familiar.	-5
Aunque aparece una batalla de bolas de nieve en tono cómico, todo se presenta como juego imaginario y apto para familia.	-3
Este video incluye un duelo de entrenamiento con equipo completo; puede sentirse más fuerte, aunque sigue en contexto deportivo o ficticio.	-1
Muy buen canción para aprender; promueve creatividad y buen ánimo, con un mensaje apto para toda la familia.	-5
Este video tiene un entrenamiento de artes marciales sin agresividad, pero se entiende como deporte o actividad controlada.	-2
Comentario positivo sobre el reto divertido sin peligro: es claro, limpio y entretenido y buen contenido para todas las edades.	-5
La escena de un desafío de risas entre primos es muy suave y apta para niños, más como juego que como pelea.	-4
Se nota que el reto divertido sin peligro es alegre; transmite una energía muy sana y muy buena opción para contenido seguro.	-5
El momento de una caída cómica sobre colchoneta es activo, pero se enfoca en disciplina, respeto y seguridad.	-2
Este comentario destaca que una competencia ninja infantil con colchonetas se siente como juego de niños, no como violencia real.	-3
Me gustó la parte de una competencia de chistes entre amigos porque parece competencia sana, con reglas claras y buen humor.	-4
Comentario positivo sobre el historia con moraleja: se entiende fácil y es muy respetuoso y ideal para una tarde tranquila.	-5
Este comentario destaca que una pelea de robots animados sin violencia real se siente como juego de niños, no como violencia real.	-3
La situación de un duelo de magia ficticia es amigable y deja claro que todo es juego.	-4
Muy buen tutorial de manualidades; deja una sensación muy positiva, con un mensaje apto para toda la familia.	-5
Hay un partido de fútbol con choques accidentales leves, pero se mantiene en un entorno sano, con reglas claras y sin violencia realista.	-2
La escena de una competencia de chistes entre amigos parece una broma inocente entre amigos y se mantiene muy cuidada.	-4
La escena de un duelo de baile con reglas claras parece una broma inocente entre amigos y se mantiene muy cuidada.	-4
El tono del tutorial para ordenar juguetes es divertido, limpio y agradable; muy buena opción para contenido seguro.	-5
Comentario positivo sobre el reto de colores: me gustó porque es tranquilo y educativo y ideal para una tarde tranquila.	-5
El video de comedia familiar está muy bien logrado; está muy bien hecho y no tiene nada preocupante y lo vería otra vez con mi familia.	-5
La escena de un reto de almohadas de juguete es muy suave y apta para niños, más como juego que como pelea.	-4
Aunque aparece un duelo de entrenamiento con equipo completo, se presenta como fantasía, entrenamiento o juego supervisado.	-1
Hay una pelea ficticia de superhéroes de cartón, pero está tratado de manera amable, ficticia y sin detalles dañinos.	-3
El tono del canción para aprender es respetuoso, limpio y agradable; excelente para un momento tranquilo.	-5
Comentario positivo sobre el cuento corto animado: muy bonito y apto para todos y buen contenido para todas las edades.	-5
Me gustó este clip de mascotas tiernas; no contiene nada fuerte ni inapropiado y lo vería otra vez con mi familia.	-5
Aunque aparece un duelo de piratas de juguete, todo se presenta como juego imaginario y apto para familia.	-3
Este comentario destaca que una escena de acción tipo caricatura educativa se siente como juego de niños, no como violencia real.	-3
El video convierte un duelo de caballeros con accesorios de plástico en aventura familiar, con respeto y sin consecuencias graves.	-3
La escena de un entrenamiento de boxeo con guantes y reglas está presentada con cuidado, como entrenamiento o juego supervisado.	-2
Me gustó este animación colorida; me pareció perfecto para ver en familia y buen contenido para todas las edades.	-5
Buen video con un duelo de magia ficticia; todo se siente controlado, alegre y family friendly.	-4
Se nota que el canción para aprender es sano; no contiene nada fuerte ni inapropiado y buen contenido para todas las edades.	-5
El momento de una escena de robots chocando en animación infantil tiene energía alta, aunque se mantiene ficticio, deportivo y apto.	-1
Este clip de mascotas tiernas mantiene un ambiente sano; es claro, limpio y entretenido y me encantó el estilo amigable.	-5
Me gustó este actividad escolar divertida; tiene un mensaje muy amable y aporta algo positivo y sencillo.	-5
Se nota que el video de arte y pintura es respetuoso; es claro, limpio y entretenido y perfecto para un ambiente familiar.	-5
Aunque aparece una pelea ficticia de superhéroes de cartón, todo se presenta como juego imaginario y apto para familia.	-3
La parte de una batalla de globos de agua en familia es ligera, cómica y no muestra daño real.	-4
Me gustó este reto de colores; muy bonito y apto para todos y buen contenido para todas las edades.	-5
Se nota que el broma inocente es divertido; es claro, limpio y entretenido y lo recomendaría para niños.	-5
El tono del video de arte y pintura es seguro, limpio y agradable; gran trabajo del creador.	-5
Este cuento corto animado mantiene un ambiente sano; es divertido sin ser pesado y ideal para una tarde tranquila.	-5
El tutorial para ordenar juguetes está muy bien logrado; usa un lenguaje amable y positivo y buen contenido para todas las edades.	-5
La escena de una práctica de taekwondo con respeto al rival tiene contacto leve, sin intención de hacer daño y con tono educativo.	-2
Este video funciona muy bien para niños porque es ideal para pasar un buen rato; muy buena opción para contenido seguro.	-5
Este comentario destaca que un enfrentamiento de juguetes animados se siente como juego de niños, no como violencia real.	-3
Se nota que el tutorial de manualidades es sano; transmite una energía muy sana y muy sano y agradable de ver.	-5
Aunque aparece un choque cómico entre personajes de caricatura, todo se presenta como juego imaginario y apto para familia.	-3
Muy buen actividad de plastilina; muy bonito y apto para todos, con un mensaje apto para toda la familia.	-5
Buen contenido: video de magia sencilla; no contiene nada fuerte ni inapropiado y ideal para una tarde tranquila.	-5
Buen contenido: video de dibujos animados; es divertido sin ser pesado y excelente para un momento tranquilo.	-5
Aunque aparece un juego de captura la bandera sin contacto, el mensaje es de amistad, respeto y diversión segura.	-4
El tono del historia con moraleja es amigable, limpio y agradable; ideal para una tarde tranquila.	-5
Se nota que el juego de adivinanzas es entretenido; promueve creatividad y buen ánimo y lo recomendaría para niños.	-5
Me gustó este video de arte y pintura; usa un lenguaje amable y positivo y muy sano y agradable de ver.	-5
El momento de un combate de artes marciales con protección y respeto tiene acción suave, sin heridas, sin miedo fuerte y con intención cómica.	-3
La escena de una batalla de almohadas muy suave se presenta de forma caricaturesca, segura y fácil de entender para niños.	-3
Se nota que el experimento casero seguro es agradable; está muy bien hecho y no tiene nada preocupante y gran trabajo del creador.	-5
Este video incluye una escena de robots chocando en animación infantil; puede sentirse más fuerte, aunque sigue en contexto deportivo o ficticio.	-1
Este video funciona muy bien para niños porque no contiene nada fuerte ni inapropiado; muy sano y agradable de ver.	-5
Buen contenido: reto divertido sin peligro; me pareció perfecto para ver en familia y me encantó el estilo amigable.	-5
Este broma inocente mantiene un ambiente sano; no contiene nada fuerte ni inapropiado y me encantó el estilo amigable.	-5
La parte de una discusión cómica que termina en amistad es ligera, cómica y no muestra daño real.	-4
Comentario positivo sobre el reto divertido sin peligro: es completamente amigable para niños y gran trabajo del creador.	-5
La escena de un entrenamiento de artes marciales sin agresividad tiene contacto leve, sin intención de hacer daño y con tono educativo.	-2
La escena de una secuencia deportiva intensa pero respetuosa puede parecer intensa, pero queda claro que es actuación, deporte o caricatura.	-1
Este video funciona muy bien para niños porque se entiende fácil y es muy respetuoso; excelente para un momento tranquilo.	-5
Este juego de mesa familiar mantiene un ambiente sano; se siente alegre y positivo y me encantó el estilo amigable.	-5
Este broma inocente es creativo; tiene un mensaje muy amable y muy sano y agradable de ver.	-5
Se nota que el video de ciencia fácil es amigable; me pareció perfecto para ver en familia y buen contenido para todas las edades.	-5
Este tutorial de manualidades es sano; tiene un mensaje muy amable y gran trabajo del creador.	-5
El animación colorida está muy bien logrado; tiene un mensaje muy amable y se nota que está pensado con cuidado.	-5
El momento de una competencia ninja infantil con colchonetas tiene acción suave, sin heridas, sin miedo fuerte y con intención cómica.	-3
La escena de un duelo de magia ficticia parece una broma inocente entre amigos y se mantiene muy cuidada.	-4
El momento de una rivalidad ligera entre personajes amables tiene conflicto muy leve, pero sigue siendo sano y familiar.	-4
La situación de una discusión cómica que termina en amistad es amigable y deja claro que todo es juego.	-4
La parte de un juego de aventura con obstáculos intensos requiere más criterio, pero sigue siendo family friendly y no gráfica.	-1
El historia con moraleja está muy bien logrado; se entiende fácil y es muy respetuoso y gran trabajo del creador.	-5
Este video de baile infantil es educativo; no contiene nada fuerte ni inapropiado y excelente para un momento tranquilo.	-5
Este video musical alegre mantiene un ambiente sano; es claro, limpio y entretenido y muy sano y agradable de ver.	-5
La parte de un juego de persecución en caricatura es ligera, cómica y no muestra daño real.	-4
Este video funciona muy bien para niños porque me pareció perfecto para ver en familia; muy sano y agradable de ver.	-5
El momento de una competencia ninja infantil con colchonetas tiene acción suave, sin heridas, sin miedo fuerte y con intención cómica.	-3
Muy buen experimento casero seguro; es claro, limpio y entretenido, con un mensaje apto para toda la familia.	-5
Este comentario destaca que un juego de policías y ladrones sin agresividad se siente como juego de niños, no como violencia real.	-3
Se nota que el video de magia sencilla es ligero; transmite una energía muy sana y me encantó el estilo amigable.	-5
La situación de una competencia de videojuegos infantiles es amigable y deja claro que todo es juego.	-4
Se nota que el juego de mesa familiar es seguro; muy bonito y apto para todos y buen contenido para todas las edades.	-5
Se nota que el video de naturaleza es limpio; me gustó porque es tranquilo y educativo y muy buena opción para contenido seguro.	-5
Este reseña de juguetes mantiene un ambiente sano; no contiene nada fuerte ni inapropiado y se nota que está pensado con cuidado.	-5
Buen contenido: video de baile infantil; se entiende fácil y es muy respetuoso y muy buena opción para contenido seguro.	-5
El momento de un reto de coordinación con movimiento rápido es activo, pero se enfoca en disciplina, respeto y seguridad.	-2
Me gustó este video de cocina sencilla; es claro, limpio y entretenido y me encantó el estilo amigable.	-5
Buen contenido: video de origami; es completamente amigable para niños y muy buena opción para contenido seguro.	-5
Me gustó este video educativo para niños; muy bonito y apto para todos y muy sano y agradable de ver.	-5
Muy buen animación colorida; me pareció perfecto para ver en familia, con un mensaje apto para toda la familia.	-5
El video incluye una práctica deportiva con contacto controlado; muestra acción física sana, con protección, reglas y supervisión.	-2
El tono del juego de adivinanzas es sano, limpio y agradable; muy sano y agradable de ver.	-5
Este tutorial de manualidades mantiene un ambiente sano; es divertido sin ser pesado y me encantó el estilo amigable.	-5
El tono del experimento casero seguro es sano, limpio y agradable; gran trabajo del creador.	-5
Comentario positivo sobre el video de comedia familiar: me gustó porque es tranquilo y educativo y lo recomendaría para niños.	-5
Este reseña de juguetes mantiene un ambiente sano; se siente alegre y positivo y gran trabajo del creador.	-5
Se nota que el video de magia sencilla es amigable; usa un lenguaje amable y positivo y excelente para un momento tranquilo.	-5
La escena de una rivalidad ligera entre personajes amables es muy suave y apta para niños, más como juego que como pelea.	-4
Se nota que el video de ciencia fácil es ligero; tiene un mensaje muy amable y perfecto para un ambiente familiar.	-5
El tono del actividad de plastilina es divertido, limpio y agradable; ideal para una tarde tranquila.	-5
El tono del video de baile infantil es inofensivo, limpio y agradable; aporta algo positivo y sencillo.	-5
Este video funciona muy bien para niños porque es completamente amigable para niños; lo recomendaría para niños.	-5
La parte de una competencia de robots de juguete es ligera, cómica y no muestra daño real.	-4
Muy buen video educativo para niños; se entiende fácil y es muy respetuoso, con un mensaje apto para toda la familia.	-5
Este video funciona muy bien para niños porque me pareció perfecto para ver en familia; ideal para una tarde tranquila.	-5
El momento de una competencia de videojuegos infantiles tiene conflicto muy leve, pero sigue siendo sano y familiar.	-4
Este video funciona muy bien para niños porque me pareció perfecto para ver en familia; me encantó el estilo amigable.	-5
Este video funciona muy bien para niños porque se siente alegre y positivo; excelente para un momento tranquilo.	-5
Me gustó este video educativo para niños; es completamente amigable para niños y perfecto para un ambiente familiar.	-5
Comentario positivo sobre el animación colorida: me hizo sonreír de forma sana y muy sano y agradable de ver.	-5
La escena de un duelo de caballeros con accesorios de plástico se presenta de forma caricaturesca, segura y fácil de entender para niños.	-3
Buen contenido: video de naturaleza; se siente alegre y positivo y aporta algo positivo y sencillo.	-5
El tono del video educativo para niños es divertido, limpio y agradable; excelente para un momento tranquilo.	-5
El video de lectura infantil está muy bien logrado; es divertido sin ser pesado y muy buena opción para contenido seguro.	-5
Este animación colorida es creativo; se entiende fácil y es muy respetuoso y perfecto para un ambiente familiar.	-5
Me gustó este reto divertido sin peligro; tiene un mensaje muy amable y lo recomendaría para niños.	-5
La escena de una competencia de robots de juguete es muy suave y apta para niños, más como juego que como pelea.	-4
Este actividad de plastilina es creativo; no contiene nada fuerte ni inapropiado y ideal para una tarde tranquila.	-5
Este tutorial para ordenar juguetes es entretenido; se siente alegre y positivo y perfecto para un ambiente familiar.	-5
Muy buen video de comedia familiar; usa un lenguaje amable y positivo, con un mensaje apto para toda la familia.	-5
El momento de un duelo de baile con reglas claras tiene conflicto muy leve, pero sigue siendo sano y familiar.	-4
Comentario positivo sobre el tutorial de manualidades: se entiende fácil y es muy respetuoso y buen contenido para todas las edades.	-5
El video muestra una competencia de videojuegos infantiles; se ve como juego familiar, sin agresividad real, y mantiene un tono divertido.	-4
Muy buen video de naturaleza; me gustó porque es tranquilo y educativo, con un mensaje apto para toda la familia.	-5
Este video funciona muy bien para niños porque me pareció perfecto para ver en familia; excelente para un momento tranquilo.	-5
Este video funciona muy bien para niños porque está muy bien hecho y no tiene nada preocupante; muy sano y agradable de ver.	-5
Me gustó este video de comedia familiar; es ideal para pasar un buen rato y lo recomendaría para niños.	-5
Este video funciona muy bien para niños porque se entiende fácil y es muy respetuoso; ideal para una tarde tranquila.	-5
Comentario positivo sobre el video de animales felices: es ideal para pasar un buen rato y muy buena opción para contenido seguro.	-5
Se nota que el canción para aprender es positivo; se entiende fácil y es muy respetuoso y excelente para un momento tranquilo.	-5
El momento de un desafío de risas entre primos tiene conflicto muy leve, pero sigue siendo sano y familiar.	-4
Comentario positivo sobre el canción para aprender: me pareció perfecto para ver en familia y me encantó el estilo amigable.	-5
La parte de una batalla de almohadas muy suave es moderada y claramente de fantasía, con un ambiente positivo.	-3
Me gustó este actividad escolar divertida; no contiene nada fuerte ni inapropiado y me encantó el estilo amigable.	-5
Este video de naturaleza mantiene un ambiente sano; es completamente amigable para niños y aporta algo positivo y sencillo.	-5
El tono del reseña de juguetes es positivo, limpio y agradable; gran trabajo del creador.	-5
La escena de una competencia de disfraces de superhéroes es muy suave y apta para niños, más como juego que como pelea.	-4
Este clip de mascotas tiernas es amigable; es claro, limpio y entretenido y se nota que está pensado con cuidado.	-5
Se nota que el tutorial para ordenar juguetes es creativo; mantiene un tono divertido y seguro y lo recomendaría para niños.	-5
El momento de una batalla de almohadas muy suave es claramente actuado y mantiene una intención divertida.	-3
El video muestra una escena de choque ficticio con tono de caricatura; tiene acción más intensa, pero sigue siendo simulada, segura y sin daño explícito.	-1
Muy buen video de lectura infantil; es claro, limpio y entretenido, con un mensaje apto para toda la familia.	-5
Muy buen reto divertido sin peligro; se siente alegre y positivo, con un mensaje apto para toda la familia.	-5
Este tutorial de manualidades mantiene un ambiente sano; muy bonito y apto para todos y excelente para un momento tranquilo.	-5
La parte de una carrera de obstáculos con tropiezos suaves puede ser intensa para algunos niños, pero no muestra daño explícito ni crueldad.	-2
El momento de un juego de captura la bandera sin contacto tiene conflicto muy leve, pero sigue siendo sano y familiar.	-4
Buen contenido: tutorial de manualidades; es divertido sin ser pesado y me encantó el estilo amigable.	-5
Este canción para aprender mantiene un ambiente sano; promueve creatividad y buen ánimo y se nota que está pensado con cuidado.	-5
Este video de comedia familiar es creativo; me pareció perfecto para ver en familia y muy sano y agradable de ver.	-5
Este video funciona muy bien para niños porque se siente alegre y positivo; lo vería otra vez con mi familia.	-5
Buen contenido: actividad de plastilina; transmite una energía muy sana y buen contenido para todas las edades.	-5
Me gustó este canción para aprender; se entiende fácil y es muy respetuoso y aporta algo positivo y sencillo.	-5
Muy buen video musical alegre; es divertido sin ser pesado, con un mensaje apto para toda la familia.	-5
Este animación colorida es alegre; es divertido sin ser pesado y lo recomendaría para niños.	-5
Buen contenido: actividad escolar divertida; usa un lenguaje amable y positivo y perfecto para un ambiente familiar.	-5
La parte de un enfrentamiento de juguetes animados es moderada y claramente de fantasía, con un ambiente positivo.	-3
Buen contenido: actividad de plastilina; muy bonito y apto para todos y perfecto para un ambiente familiar.	-5
Se nota que el tutorial para ordenar juguetes es creativo; es completamente amigable para niños y lo recomendaría para niños.	-5
El tono del cuento corto animado es respetuoso, limpio y agradable; se nota que está pensado con cuidado.	-5
El clip de mascotas tiernas está muy bien logrado; promueve creatividad y buen ánimo y lo recomendaría para niños.	-5
Comentario positivo sobre el clip de mascotas tiernas: no contiene nada fuerte ni inapropiado y excelente para un momento tranquilo.	-5
Comentario positivo sobre el reto divertido sin peligro: me pareció perfecto para ver en familia y muy sano y agradable de ver.	-5
Este juego de adivinanzas mantiene un ambiente sano; me hizo sonreír de forma sana y perfecto para un ambiente familiar.	-5
Me gustó este video de animales felices; transmite una energía muy sana y perfecto para un ambiente familiar.	-5
La escena de un duelo de piratas de juguete se presenta de forma caricaturesca, segura y fácil de entender para niños.	-3
El video muestra un juego de roles con héroes imaginarios; se ve como juego familiar, sin agresividad real, y mantiene un tono divertido.	-4
Me gustó la parte de un reto de almohadas de juguete porque parece competencia sana, con reglas claras y buen humor.	-4
Este video funciona muy bien para niños porque está muy bien hecho y no tiene nada preocupante; buen contenido para todas las edades.	-5
El momento de un reto de almohadas de juguete tiene conflicto muy leve, pero sigue siendo sano y familiar.	-4
Me gustó este actividad escolar divertida; no contiene nada fuerte ni inapropiado y gran trabajo del creador.	-5
Muy buen broma inocente; transmite una energía muy sana, con un mensaje apto para toda la familia.	-5
Este clip de mascotas tiernas mantiene un ambiente sano; me pareció perfecto para ver en familia y gran trabajo del creador.	-5
Se nota que el video educativo para niños es positivo; se siente alegre y positivo y muy buena opción para contenido seguro.	-5
Se nota que el video de comedia familiar es sano; es claro, limpio y entretenido y muy buena opción para contenido seguro.	-5
El video de arte y pintura está muy bien logrado; me pareció perfecto para ver en familia y excelente para un momento tranquilo.	-5
Me gustó este video de baile infantil; es divertido sin ser pesado y buen contenido para todas las edades.	-5
Comentario positivo sobre el rutina de ejercicio suave: mantiene un tono divertido y seguro y excelente para un momento tranquilo.	-5
Comentario positivo sobre el video de lectura infantil: usa un lenguaje amable y positivo y se nota que está pensado con cuidado.	-5
Me gustó este actividad escolar divertida; usa un lenguaje amable y positivo y muy sano y agradable de ver.	-5
Este video educativo para niños mantiene un ambiente sano; promueve creatividad y buen ánimo y muy sano y agradable de ver.	-5
El video de cocina sencilla está muy bien logrado; está muy bien hecho y no tiene nada preocupante y ideal para una tarde tranquila.	-5
Muy buen cuento corto animado; deja una sensación muy positiva, con un mensaje apto para toda la familia.	-5
El tono del experimento casero seguro es entretenido, limpio y agradable; me encantó el estilo amigable.	-5
Este video tiene un partido amistoso con contacto deportivo, pero se entiende como deporte o actividad controlada.	-2
El video muestra una rivalidad ligera entre personajes amables; se ve como juego familiar, sin agresividad real, y mantiene un tono divertido.	-4
Buen video con un concurso de equilibrio con espuma; todo se siente controlado, alegre y family friendly.	-4
Muy buen video de naturaleza; me pareció perfecto para ver en familia, con un mensaje apto para toda la familia.	-5
El tono del animación colorida es tranquilo, limpio y agradable; ideal para una tarde tranquila.	-5
El tono del video de lectura infantil es inofensivo, limpio y agradable; ideal para una tarde tranquila.	-5
Comentario positivo sobre el video de ciencia fácil: mantiene un tono divertido y seguro y excelente para un momento tranquilo.	-5
La escena de una batalla de globos de agua en familia es muy suave y apta para niños, más como juego que como pelea.	-4
Buen contenido: reto de colores; está muy bien hecho y no tiene nada preocupante y lo vería otra vez con mi familia.	-5
Este video funciona muy bien para niños porque usa un lenguaje amable y positivo; muy buena opción para contenido seguro.	-5
Hay un entrenamiento de defensa con explicación segura, pero el contenido evita detalles fuertes y mantiene un enfoque seguro.	-1
Este video de arte y pintura es familiar; es claro, limpio y entretenido y lo recomendaría para niños.	-5
Me gustó este video de baile infantil; mantiene un tono divertido y seguro y aporta algo positivo y sencillo.	-5
El video usa una demostración de defensa personal segura como ejemplo de actividad física sana y controlada.	-2
El video de baile infantil está muy bien logrado; me hizo sonreír de forma sana y muy buena opción para contenido seguro.	-5
Me gustó este video de naturaleza; tiene un mensaje muy amable y excelente para un momento tranquilo.	-5
Buen contenido: experimento casero seguro; es claro, limpio y entretenido y lo vería otra vez con mi familia.	-5
Muy buen rutina de ejercicio suave; es divertido sin ser pesado, con un mensaje apto para toda la familia.	-5
Se nota que el video de ciencia fácil es tranquilo; mantiene un tono divertido y seguro y gran trabajo del creador.	-5
La parte de un choque cómico entre personajes de caricatura es moderada y claramente de fantasía, con un ambiente positivo.	-3
Se nota que el video de cocina sencilla es claro; es claro, limpio y entretenido y lo recomendaría para niños.	-5
El reto de colores está muy bien logrado; se siente alegre y positivo y perfecto para un ambiente familiar.	-5
Se nota que el video musical alegre es creativo; deja una sensación muy positiva y perfecto para un ambiente familiar.	-5
El tono del video de arte y pintura es divertido, limpio y agradable; muy sano y agradable de ver.	-5
El tutorial de manualidades está muy bien logrado; es divertido sin ser pesado y gran trabajo del creador.	-5
Este juego de adivinanzas es ligero; me hizo sonreír de forma sana y ideal para una tarde tranquila.	-5
Comentario positivo sobre el clip de mascotas tiernas: transmite una energía muy sana y buen contenido para todas las edades.	-5
Este tutorial para ordenar juguetes es ligero; me hizo sonreír de forma sana y perfecto para un ambiente familiar.	-5
Aunque aparece un concurso de bromas inocentes, el mensaje es de amistad, respeto y diversión segura.	-4
La parte de una batalla de globos de agua en familia es ligera, cómica y no muestra daño real.	-4
El video de cocina sencilla está muy bien logrado; es ideal para pasar un buen rato y lo vería otra vez con mi familia.	-5
El video muestra un juego de roles con héroes imaginarios; se ve como juego familiar, sin agresividad real, y mantiene un tono divertido.	-4
Muy buen video musical alegre; se entiende fácil y es muy respetuoso, con un mensaje apto para toda la familia.	-5
Me gustó este juego de mesa familiar; transmite una energía muy sana y gran trabajo del creador.	-5
Este video funciona muy bien para niños porque es claro, limpio y entretenido; ideal para una tarde tranquila.	-5
Me gustó la parte de un juego de captura la bandera sin contacto porque parece competencia sana, con reglas claras y buen humor.	-4
La parte de un juego de captura la bandera sin contacto es ligera, cómica y no muestra daño real.	-4
Se nota que el video de ciencia fácil es amigable; transmite una energía muy sana y excelente para un momento tranquilo.	-5
Este actividad escolar divertida es entretenido; promueve creatividad y buen ánimo y se nota que está pensado con cuidado.	-5
Comentario positivo sobre el cuento corto animado: muy bonito y apto para todos y perfecto para un ambiente familiar.	-5
La escena de una escena de villano caricaturesco sin sustos fuertes puede incluir acción, pero evita cualquier contenido gráfico o cruel.	-3
Me gustó este experimento casero seguro; es divertido sin ser pesado y excelente para un momento tranquilo.	-5
La parte de un reto de coordinación con movimiento rápido puede ser intensa para algunos niños, pero no muestra daño explícito ni crueldad.	-2
Este video de baile infantil mantiene un ambiente sano; transmite una energía muy sana y lo vería otra vez con mi familia.	-5
Este video funciona muy bien para niños porque usa un lenguaje amable y positivo; perfecto para un ambiente familiar.	-5
Se nota que el experimento casero seguro es divertido; transmite una energía muy sana y ideal para una tarde tranquila.	-5
El video usa una simulación de rescate en juego infantil como ejemplo de actividad física sana y controlada.	-2
Buen contenido: video de animales felices; es claro, limpio y entretenido y me encantó el estilo amigable.	-5
El video muestra un juego de policías y ladrones sin agresividad; es ficticio y family friendly, sin daño real y con tono divertido.	-3
Comentario positivo sobre el actividad de plastilina: no contiene nada fuerte ni inapropiado y muy sano y agradable de ver.	-5
Este rutina de ejercicio suave mantiene un ambiente sano; tiene un mensaje muy amable y muy sano y agradable de ver.	-5
El video usa un desafío de risas entre primos como recurso cómico, sin contenido fuerte ni preocupante.	-4
Se nota que el cuento corto animado es creativo; está muy bien hecho y no tiene nada preocupante y lo vería otra vez con mi familia.	-5
Este video funciona muy bien para niños porque mantiene un tono divertido y seguro; gran trabajo del creador.	-5
Aunque hay una demostración de defensa personal segura, el contexto es seguro, deportivo y respetuoso.	-2
Comentario positivo sobre el experimento casero seguro: deja una sensación muy positiva y se nota que está pensado con cuidado.	-5
Comentario positivo sobre el historia con moraleja: es completamente amigable para niños y se nota que está pensado con cuidado.	-5
El momento de un juego de dodgeball con pelotas blandas es activo, pero se enfoca en disciplina, respeto y seguridad.	-2
Buen contenido: video de naturaleza; transmite una energía muy sana y lo recomendaría para niños.	-5
El tono del video de baile infantil es familiar, limpio y agradable; lo recomendaría para niños.	-5
La situación de una rivalidad ligera entre personajes amables es amigable y deja claro que todo es juego.	-4
Buen contenido: reto divertido sin peligro; se entiende fácil y es muy respetuoso y lo vería otra vez con mi familia.	-5
Buen contenido: video de baile infantil; me gustó porque es tranquilo y educativo y me encantó el estilo amigable.	-5
Este video funciona muy bien para niños porque es ideal para pasar un buen rato; se nota que está pensado con cuidado.	-5
Muy buen juego de adivinanzas; deja una sensación muy positiva, con un mensaje apto para toda la familia.	-5
La escena de una caída cómica sobre colchoneta está presentada con cuidado, como entrenamiento o juego supervisado.	-2
Muy buen video de origami; promueve creatividad y buen ánimo, con un mensaje apto para toda la familia.	-5
El rutina de ejercicio suave está muy bien logrado; deja una sensación muy positiva y se nota que está pensado con cuidado.	-5
Este animación colorida mantiene un ambiente sano; es ideal para pasar un buen rato y buen contenido para todas las edades.	-5
Este clip de mascotas tiernas mantiene un ambiente sano; está muy bien hecho y no tiene nada preocupante y se nota que está pensado con cuidado.	-5
Este video funciona muy bien para niños porque tiene un mensaje muy amable; me encantó el estilo amigable.	-5
Me gustó este broma inocente; no contiene nada fuerte ni inapropiado y lo recomendaría para niños.	-5
Buen contenido: reto divertido sin peligro; se siente alegre y positivo y lo recomendaría para niños.	-5
Muy buen video de dibujos animados; es completamente amigable para niños, con un mensaje apto para toda la familia.	-5
El video muestra un juego de policías y ladrones sin agresividad; es ficticio y family friendly, sin daño real y con tono divertido.	-3
Me gustó este historia con moraleja; usa un lenguaje amable y positivo y aporta algo positivo y sencillo.	-5
Buen contenido: video de magia sencilla; me gustó porque es tranquilo y educativo y gran trabajo del creador.	-5
Muy buen video de lectura infantil; se entiende fácil y es muy respetuoso, con un mensaje apto para toda la familia.	-5
Comentario positivo sobre el video de cocina sencilla: me gustó porque es tranquilo y educativo y ideal para una tarde tranquila.	-5
Buen contenido: clip de mascotas tiernas; tiene un mensaje muy amable y lo vería otra vez con mi familia.	-5
El tono del video musical alegre es divertido, limpio y agradable; muy buena opción para contenido seguro.	-5
Este video funciona muy bien para niños porque es claro, limpio y entretenido; se nota que está pensado con cuidado.	-5
El video convierte una batalla de bolas de nieve en tono cómico en aventura familiar, con respeto y sin consecuencias graves.	-3
El tono del cuento corto animado es entretenido, limpio y agradable; perfecto para un ambiente familiar.	-5
Me gustó la parte de un reto de obstáculos blandos porque parece competencia sana, con reglas claras y buen humor.	-4
Comentario positivo sobre el juego de mesa familiar: no contiene nada fuerte ni inapropiado y se nota que está pensado con cuidado.	-5
Buen contenido: clip de mascotas tiernas; se entiende fácil y es muy respetuoso y perfecto para un ambiente familiar.	-5
El canción para aprender está muy bien logrado; tiene un mensaje muy amable y lo vería otra vez con mi familia.	-5
El tono del juego de adivinanzas es entretenido, limpio y agradable; muy buena opción para contenido seguro.	-5
Me gustó este actividad escolar divertida; promueve creatividad y buen ánimo y muy sano y agradable de ver.	-5
Este canción para aprender es entretenido; tiene un mensaje muy amable y ideal para una tarde tranquila.	-5
El tono del video de animales felices es tranquilo, limpio y agradable; gran trabajo del creador.	-5
El momento de una competencia de videojuegos infantiles tiene conflicto muy leve, pero sigue siendo sano y familiar.	-4
Buen contenido: broma inocente; me pareció perfecto para ver en familia y muy sano y agradable de ver.	-5
El tono del reto de colores es limpio, limpio y agradable; muy sano y agradable de ver.	-5
Este animación colorida mantiene un ambiente sano; se entiende fácil y es muy respetuoso y se nota que está pensado con cuidado.	-5
Este reseña de juguetes mantiene un ambiente sano; usa un lenguaje amable y positivo y ideal para una tarde tranquila.	-5
El tono del juego de adivinanzas es inofensivo, limpio y agradable; ideal para una tarde tranquila.	-5
El video de ciencia fácil está muy bien logrado; es completamente amigable para niños y excelente para un momento tranquilo.	-5
La parte de un duelo de espadas de espuma es moderada y claramente de fantasía, con un ambiente positivo.	-3
El video de origami está muy bien logrado; es ideal para pasar un buen rato y muy sano y agradable de ver.	-5
La parte de una batalla de globos de agua en familia es ligera, cómica y no muestra daño real.	-4
Este video funciona muy bien para niños porque me pareció perfecto para ver en familia; aporta algo positivo y sencillo.	-5
El tono del reto de colores es bonito, limpio y agradable; perfecto para un ambiente familiar.	-5
Comentario positivo sobre el juego de mesa familiar: promueve creatividad y buen ánimo y lo vería otra vez con mi familia.	-5
Buen video con una batalla de globos de agua en familia; todo se siente controlado, alegre y family friendly.	-4
Este video de dibujos animados mantiene un ambiente sano; usa un lenguaje amable y positivo y muy sano y agradable de ver.	-5
Se nota que el video de animales felices es alegre; deja una sensación muy positiva y me encantó el estilo amigable.	-5
El tono del actividad de plastilina es amigable, limpio y agradable; se nota que está pensado con cuidado.	-5
Me gustó este juego de adivinanzas; está muy bien hecho y no tiene nada preocupante y gran trabajo del creador.	-5
La escena de un enfrentamiento de juguetes animados se presenta de forma caricaturesca, segura y fácil de entender para niños.	-3
La parte de una escena de acción física explicada como juego tiene movimiento físico, aunque todo sucede en un ambiente cuidado.	-2
Este comentario destaca que un duelo de piratas de juguete se siente como juego de niños, no como violencia real.	-3
Muy buen cuento corto animado; me hizo sonreír de forma sana, con un mensaje apto para toda la familia.	-5
La escena de una competencia de disfraces de superhéroes es muy suave y apta para niños, más como juego que como pelea.	-4
Muy buen rutina de ejercicio suave; se entiende fácil y es muy respetuoso, con un mensaje apto para toda la familia.	-5
Este experimento casero seguro es creativo; me gustó porque es tranquilo y educativo y excelente para un momento tranquilo.	-5
El momento de una batalla de bolas de nieve en tono cómico es claramente actuado y mantiene una intención divertida.	-3
Comentario positivo sobre el clip de mascotas tiernas: transmite una energía muy sana y muy sano y agradable de ver.	-5
Me gustó este video de lectura infantil; se entiende fácil y es muy respetuoso y muy buena opción para contenido seguro.	-5
Comentario positivo sobre el reto de colores: se siente alegre y positivo y muy sano y agradable de ver.	-5
Este experimento casero seguro mantiene un ambiente sano; promueve creatividad y buen ánimo y perfecto para un ambiente familiar.	-5
Este video funciona muy bien para niños porque me hizo sonreír de forma sana; muy sano y agradable de ver.	-5
Este actividad de plastilina mantiene un ambiente sano; tiene un mensaje muy amable y excelente para un momento tranquilo.	-5
Se nota que el reto divertido sin peligro es entretenido; mantiene un tono divertido y seguro y se nota que está pensado con cuidado.	-5
Me gustó la parte de una batalla de globos de agua en familia porque parece competencia sana, con reglas claras y buen humor.	-4
El video de animales felices está muy bien logrado; se entiende fácil y es muy respetuoso y muy buena opción para contenido seguro.	-5
Comentario positivo sobre el video de naturaleza: está muy bien hecho y no tiene nada preocupante y muy buena opción para contenido seguro.	-5
Este actividad de plastilina mantiene un ambiente sano; me hizo sonreír de forma sana y muy buena opción para contenido seguro.	-5
El tono del broma inocente es respetuoso, limpio y agradable; gran trabajo del creador.	-5
Se nota que el video de origami es sano; no contiene nada fuerte ni inapropiado y muy buena opción para contenido seguro.	-5
Me gustó este canción para aprender; promueve creatividad y buen ánimo y muy buena opción para contenido seguro.	-5
El video muestra un concurso de equilibrio con espuma; se ve como juego familiar, sin agresividad real, y mantiene un tono divertido.	-4
El cuento corto animado está muy bien logrado; no contiene nada fuerte ni inapropiado y lo vería otra vez con mi familia.	-5
El tono del reto de colores es tranquilo, limpio y agradable; aporta algo positivo y sencillo.	-5
Buen video con un duelo de baile con reglas claras; todo se siente controlado, alegre y family friendly.	-4
La parte de una clase de seguridad para evitar golpes tiene movimiento físico, aunque todo sucede en un ambiente cuidado.	-2
Comentario positivo sobre el video de animales felices: está muy bien hecho y no tiene nada preocupante y se nota que está pensado con cuidado.	-5
La parte de un juego de roles con héroes imaginarios es ligera, cómica y no muestra daño real.	-4
Este video funciona muy bien para niños porque usa un lenguaje amable y positivo; muy buena opción para contenido seguro.	-5
El momento de un desafío de risas entre primos tiene conflicto muy leve, pero sigue siendo sano y familiar.	-4
Este reto divertido sin peligro es limpio; me gustó porque es tranquilo y educativo y muy sano y agradable de ver.	-5
Este reto de colores mantiene un ambiente sano; mantiene un tono divertido y seguro y me encantó el estilo amigable.	-5
Muy buen animación colorida; me gustó porque es tranquilo y educativo, con un mensaje apto para toda la familia.	-5
Me gustó este clip de mascotas tiernas; promueve creatividad y buen ánimo y gran trabajo del creador.	-5
El tono del video de lectura infantil es limpio, limpio y agradable; perfecto para un ambiente familiar.	-5
Me gustó este juego de adivinanzas; es ideal para pasar un buen rato y me encantó el estilo amigable.	-5
Este reseña de juguetes mantiene un ambiente sano; transmite una energía muy sana y ideal para una tarde tranquila.	-5
Comentario positivo sobre el tutorial para ordenar juguetes: me pareció perfecto para ver en familia y se nota que está pensado con cuidado.	-5
El tono del video de origami es claro, limpio y agradable; aporta algo positivo y sencillo.	-5
Este historia con moraleja es alegre; se entiende fácil y es muy respetuoso y lo recomendaría para niños.	-5
Me gustó la parte de una batalla de rap limpia y divertida porque parece competencia sana, con reglas claras y buen humor.	-4
La situación de una batalla de rap limpia y divertida es amigable y deja claro que todo es juego.	-4
Muy buen video de ciencia fácil; muy bonito y apto para todos, con un mensaje apto para toda la familia.	-5
Me gustó este video de animales felices; me gustó porque es tranquilo y educativo y lo recomendaría para niños.	-5
Este animación colorida mantiene un ambiente sano; me pareció perfecto para ver en familia y gran trabajo del creador.	-5
Buen contenido: video de baile infantil; deja una sensación muy positiva y lo recomendaría para niños.	-5
Este comentario destaca que un duelo de espadas de espuma se siente como juego de niños, no como violencia real.	-3
Me gustó este broma inocente; no contiene nada fuerte ni inapropiado y muy buena opción para contenido seguro.	-5
El tono del video de comedia familiar es tranquilo, limpio y agradable; muy buena opción para contenido seguro.	-5
Muy buen experimento casero seguro; deja una sensación muy positiva, con un mensaje apto para toda la familia.	-5
El momento de un duelo de caballeros con accesorios de plástico es claramente actuado y mantiene una intención divertida.	-3
Se nota que el video de cocina sencilla es familiar; es claro, limpio y entretenido y muy buena opción para contenido seguro.	-5
Este reto de colores mantiene un ambiente sano; usa un lenguaje amable y positivo y perfecto para un ambiente familiar.	-5
Este juego de mesa familiar mantiene un ambiente sano; se entiende fácil y es muy respetuoso y lo recomendaría para niños.	-5
Se nota que el video de comedia familiar es ligero; es claro, limpio y entretenido y aporta algo positivo y sencillo.	-5
Me gustó este cuento corto animado; me gustó porque es tranquilo y educativo y muy sano y agradable de ver.	-5
La situación de un reto de almohadas de juguete es amigable y deja claro que todo es juego.	-4
Este video funciona muy bien para niños porque se siente alegre y positivo; lo recomendaría para niños.	-5
Este video funciona muy bien para niños porque deja una sensación muy positiva; lo vería otra vez con mi familia.	-5
Me gustó este rutina de ejercicio suave; transmite una energía muy sana y lo vería otra vez con mi familia.	-5
Este actividad escolar divertida es agradable; es ideal para pasar un buen rato y muy sano y agradable de ver.	-5
Este video de cocina sencilla mantiene un ambiente sano; usa un lenguaje amable y positivo y excelente para un momento tranquilo.	-5
Me gustó la parte de un concurso de bromas inocentes porque parece competencia sana, con reglas claras y buen humor.	-4
Este video tiene un video de acrobacias supervisadas, pero se entiende como deporte o actividad controlada.	-2
Buen contenido: juego de adivinanzas; es completamente amigable para niños y me encantó el estilo amigable.	-5
El video muestra una escena de choque ficticio con tono de caricatura; tiene acción más intensa, pero sigue siendo simulada, segura y sin daño explícito.	-1
Comentario positivo sobre el video de magia sencilla: es divertido sin ser pesado y aporta algo positivo y sencillo.	-5
El tono del video de cocina sencilla es familiar, limpio y agradable; buen contenido para todas las edades.	-5
El momento de una persecución de caricatura sin daño real es claramente actuado y mantiene una intención divertida.	-3
La parte de una secuencia de superhéroes simulada sin heridas requiere más criterio, pero sigue siendo family friendly y no gráfica.	-1
El video de cocina sencilla está muy bien logrado; me hizo sonreír de forma sana y se nota que está pensado con cuidado.	-5
Buen video con un desafío de risas entre primos; todo se siente controlado, alegre y family friendly.	-4
Este video funciona muy bien para niños porque mantiene un tono divertido y seguro; lo recomendaría para niños.	-5
Muy buen actividad de plastilina; está muy bien hecho y no tiene nada preocupante, con un mensaje apto para toda la familia.	-5
La parte de una competencia de robots de juguete es ligera, cómica y no muestra daño real.	-4
Me gustó este cuento corto animado; es claro, limpio y entretenido y gran trabajo del creador.	-5
Este tutorial para ordenar juguetes mantiene un ambiente sano; se entiende fácil y es muy respetuoso y se nota que está pensado con cuidado.	-5
Muy buen video de ciencia fácil; se siente alegre y positivo, con un mensaje apto para toda la familia.	-5
Se nota que el video de cocina sencilla es entretenido; tiene un mensaje muy amable y lo recomendaría para niños.	-5
El tutorial para ordenar juguetes está muy bien logrado; me hizo sonreír de forma sana y se nota que está pensado con cuidado.	-5
La situación de una discusión cómica que termina en amistad es amigable y deja claro que todo es juego.	-4
Este video funciona muy bien para niños porque muy bonito y apto para todos; ideal para una tarde tranquila.	-5
La parte de un duelo de piratas de juguete es moderada y claramente de fantasía, con un ambiente positivo.	-3
Se nota que el video de dibujos animados es amigable; me pareció perfecto para ver en familia y buen contenido para todas las edades.	-5
Comentario positivo sobre el video de ciencia fácil: es divertido sin ser pesado y muy buena opción para contenido seguro.	-5
El reseña de juguetes está muy bien logrado; muy bonito y apto para todos y lo recomendaría para niños.	-5
El video muestra una competencia de robots de juguete; se ve como juego familiar, sin agresividad real, y mantiene un tono divertido.	-4
Se nota que el video de ciencia fácil es amigable; promueve creatividad y buen ánimo y me encantó el estilo amigable.	-5
La parte de un duelo de magia ficticia es ligera, cómica y no muestra daño real.	-4
El video muestra una discusión cómica que termina en amistad; se ve como juego familiar, sin agresividad real, y mantiene un tono divertido.	-4
Buen contenido: reto de colores; muy bonito y apto para todos y aporta algo positivo y sencillo.	-5
Este video de ciencia fácil es amigable; está muy bien hecho y no tiene nada preocupante y gran trabajo del creador.	-5
Se nota que el video de lectura infantil es limpio; transmite una energía muy sana y excelente para un momento tranquilo.	-5
Muy buen canción para aprender; no contiene nada fuerte ni inapropiado, con un mensaje apto para toda la familia.	-5
El tono del experimento casero seguro es seguro, limpio y agradable; muy sano y agradable de ver.	-5
Este video funciona muy bien para niños porque muy bonito y apto para todos; me encantó el estilo amigable.	-5
El canción para aprender está muy bien logrado; me hizo sonreír de forma sana y muy sano y agradable de ver.	-5
La parte de un reto de obstáculos blandos es ligera, cómica y no muestra daño real.	-4
El historia con moraleja está muy bien logrado; es completamente amigable para niños y buen contenido para todas las edades.	-5
Me gustó este reseña de juguetes; no contiene nada fuerte ni inapropiado y me encantó el estilo amigable.	-5
El tono del canción para aprender es alegre, limpio y agradable; lo vería otra vez con mi familia.	-5
Buen contenido: video musical alegre; me gustó porque es tranquilo y educativo y aporta algo positivo y sencillo.	-5
La parte de un choque cómico entre personajes de caricatura es moderada y claramente de fantasía, con un ambiente positivo.	-3
Buen video con una competencia de robots de juguete; todo se siente controlado, alegre y family friendly.	-4
La parte de un concurso de bromas inocentes es ligera, cómica y no muestra daño real.	-4
Buen contenido: tutorial de manualidades; se entiende fácil y es muy respetuoso y aporta algo positivo y sencillo.	-5
Buen contenido: video de baile infantil; muy bonito y apto para todos y gran trabajo del creador.	-5
El video musical alegre está muy bien logrado; es ideal para pasar un buen rato y ideal para una tarde tranquila.	-5
Comentario positivo sobre el video de cocina sencilla: me pareció perfecto para ver en familia y gran trabajo del creador.	-5
Este video de naturaleza es positivo; es claro, limpio y entretenido y aporta algo positivo y sencillo.	-5
El video de magia sencilla está muy bien logrado; es divertido sin ser pesado y se nota que está pensado con cuidado.	-5
El momento de una secuencia deportiva intensa pero respetuosa tiene energía alta, aunque se mantiene ficticio, deportivo y apto.	-1
Muy buen video educativo para niños; muy bonito y apto para todos, con un mensaje apto para toda la familia.	-5
Muy buen rutina de ejercicio suave; es claro, limpio y entretenido, con un mensaje apto para toda la familia.	-5
Comentario positivo sobre el reto divertido sin peligro: me pareció perfecto para ver en familia y muy buena opción para contenido seguro.	-5
Este video de comedia familiar es amigable; transmite una energía muy sana y me encantó el estilo amigable.	-5
Buen contenido: reto divertido sin peligro; me pareció perfecto para ver en familia y me encantó el estilo amigable.	-5
Me gustó este video de comedia familiar; se entiende fácil y es muy respetuoso y se nota que está pensado con cuidado.	-5
Comentario positivo sobre el rutina de ejercicio suave: usa un lenguaje amable y positivo y ideal para una tarde tranquila.	-5
Este video funciona muy bien para niños porque es completamente amigable para niños; perfecto para un ambiente familiar.	-5
Se nota que el video musical alegre es sano; me hizo sonreír de forma sana y aporta algo positivo y sencillo.	-5
Buen contenido: video de comedia familiar; no contiene nada fuerte ni inapropiado y me encantó el estilo amigable.	-5
El video muestra un duelo de piratas de juguete; es ficticio y family friendly, sin daño real y con tono divertido.	-3
Comentario positivo sobre el actividad de plastilina: muy bonito y apto para todos y lo vería otra vez con mi familia.	-5
Este cuento corto animado mantiene un ambiente sano; es claro, limpio y entretenido y me encantó el estilo amigable.	-5
Me gustó este video de cocina sencilla; está muy bien hecho y no tiene nada preocupante y ideal para una tarde tranquila.	-5
Este video funciona muy bien para niños porque no contiene nada fuerte ni inapropiado; lo recomendaría para niños.	-5
Este video de magia sencilla mantiene un ambiente sano; tiene un mensaje muy amable y me encantó el estilo amigable.	-5
Buen contenido: experimento casero seguro; es completamente amigable para niños y ideal para una tarde tranquila.	-5
El video muestra un duelo de magia ficticia; se ve como juego familiar, sin agresividad real, y mantiene un tono divertido.	-4
Se nota que el video musical alegre es entretenido; transmite una energía muy sana y muy sano y agradable de ver.	-5
Se nota que el juego de mesa familiar es divertido; se entiende fácil y es muy respetuoso y se nota que está pensado con cuidado.	-5
El momento de una batalla de globos de agua en familia tiene conflicto muy leve, pero sigue siendo sano y familiar.	-4
Muy buen video de magia sencilla; usa un lenguaje amable y positivo, con un mensaje apto para toda la familia.	-5
Muy buen canción para aprender; deja una sensación muy positiva, con un mensaje apto para toda la familia.	-5
Buen contenido: video de animales felices; es completamente amigable para niños y se nota que está pensado con cuidado.	-5
Me gustó este video de origami; tiene un mensaje muy amable y muy buena opción para contenido seguro.	-5
Este experimento casero seguro es limpio; promueve creatividad y buen ánimo y perfecto para un ambiente familiar.	-5
Me gustó este animación colorida; se entiende fácil y es muy respetuoso y excelente para un momento tranquilo.	-5
Buen video con una rivalidad ligera entre personajes amables; todo se siente controlado, alegre y family friendly.	-4
Comentario positivo sobre el video educativo para niños: no contiene nada fuerte ni inapropiado y muy sano y agradable de ver.	-5
El momento de una persecución de caricatura sin daño real es claramente actuado y mantiene una intención divertida.	-3
Este video funciona muy bien para niños porque es ideal para pasar un buen rato; ideal para una tarde tranquila.	-5
El video de baile infantil está muy bien logrado; transmite una energía muy sana y aporta algo positivo y sencillo.	-5
El video de cocina sencilla está muy bien logrado; es ideal para pasar un buen rato y muy buena opción para contenido seguro.	-5
Muy buen tutorial para ordenar juguetes; está muy bien hecho y no tiene nada preocupante, con un mensaje apto para toda la familia.	-5
La parte de un duelo de película infantil sin sangre ni daño real requiere más criterio, pero sigue siendo family friendly y no gráfica.	-1
Este reseña de juguetes mantiene un ambiente sano; me hizo sonreír de forma sana y muy sano y agradable de ver.	-5
La escena de una pelea de robots animados sin violencia real se presenta de forma caricaturesca, segura y fácil de entender para niños.	-3
Aunque hay un entrenamiento de boxeo con guantes y reglas, el contexto es seguro, deportivo y respetuoso.	-2
Este broma inocente es agradable; usa un lenguaje amable y positivo y aporta algo positivo y sencillo.	-5
Buen contenido: video de animales felices; es divertido sin ser pesado y lo recomendaría para niños.	-5
Se nota que el video de cocina sencilla es sano; no contiene nada fuerte ni inapropiado y buen contenido para todas las edades.	-5
Me gustó este rutina de ejercicio suave; está muy bien hecho y no tiene nada preocupante y perfecto para un ambiente familiar.	-5
Este video funciona muy bien para niños porque mantiene un tono divertido y seguro; buen contenido para todas las edades.	-5
Muy buen historia con moraleja; deja una sensación muy positiva, con un mensaje apto para toda la familia.	-5
Este juego de mesa familiar mantiene un ambiente sano; mantiene un tono divertido y seguro y lo vería otra vez con mi familia.	-5
La escena de un combate de artes marciales con protección y respeto puede incluir acción, pero evita cualquier contenido gráfico o cruel.	-3
La escena de un concurso de bromas inocentes parece una broma inocente entre amigos y se mantiene muy cuidada.	-4
Buen contenido: actividad escolar divertida; es ideal para pasar un buen rato y lo vería otra vez con mi familia.	-5
Este video de arte y pintura es educativo; me pareció perfecto para ver en familia y ideal para una tarde tranquila.	-5
El video usa una competencia de chistes entre amigos como recurso cómico, sin contenido fuerte ni preocupante.	-4
La escena de un desafío de risas entre primos es muy suave y apta para niños, más como juego que como pelea.	-4
El video de baile infantil está muy bien logrado; es ideal para pasar un buen rato y muy buena opción para contenido seguro.	-5
Comentario positivo sobre el video de magia sencilla: me gustó porque es tranquilo y educativo y muy buena opción para contenido seguro.	-5
El video de ciencia fácil está muy bien logrado; muy bonito y apto para todos y excelente para un momento tranquilo.	-5
Hay un entrenamiento de boxeo con guantes y reglas, pero se mantiene en un entorno sano, con reglas claras y sin violencia realista.	-2
El tono del video de naturaleza es alegre, limpio y agradable; buen contenido para todas las edades.	-5
Este video funciona muy bien para niños porque me pareció perfecto para ver en familia; me encantó el estilo amigable.	-5
Me gustó este video educativo para niños; deja una sensación muy positiva y muy sano y agradable de ver.	-5
Este video funciona muy bien para niños porque no contiene nada fuerte ni inapropiado; me encantó el estilo amigable.	-5
Este tutorial para ordenar juguetes mantiene un ambiente sano; mantiene un tono divertido y seguro y excelente para un momento tranquilo.	-5
Este video musical alegre es alegre; me gustó porque es tranquilo y educativo y perfecto para un ambiente familiar.	-5
El video de baile infantil está muy bien logrado; mantiene un tono divertido y seguro y lo recomendaría para niños.	-5
Muy buen video de lectura infantil; me pareció perfecto para ver en familia, con un mensaje apto para toda la familia.	-5
Este rutina de ejercicio suave es tranquilo; es completamente amigable para niños y ideal para una tarde tranquila.	-5
Se nota que el broma inocente es respetuoso; se entiende fácil y es muy respetuoso y buen contenido para todas las edades.	-5
Este video funciona muy bien para niños porque promueve creatividad y buen ánimo; me encantó el estilo amigable.	-5
Muy buen reto de colores; se entiende fácil y es muy respetuoso, con un mensaje apto para toda la familia.	-5
Hay un entrenamiento de defensa con explicación segura, pero el contenido evita detalles fuertes y mantiene un enfoque seguro.	-1
Este video funciona muy bien para niños porque usa un lenguaje amable y positivo; lo recomendaría para niños.	-5
Este video funciona muy bien para niños porque promueve creatividad y buen ánimo; aporta algo positivo y sencillo.	-5
Aunque aparece una discusión cómica que termina en amistad, el mensaje es de amistad, respeto y diversión segura.	-4
Comentario positivo sobre el video de lectura infantil: no contiene nada fuerte ni inapropiado y lo vería otra vez con mi familia.	-5
Este video de animales felices es sano; es divertido sin ser pesado y muy buena opción para contenido seguro.	-5
Buen contenido: actividad escolar divertida; me hizo sonreír de forma sana y aporta algo positivo y sencillo.	-5
Este tutorial de manualidades es inofensivo; usa un lenguaje amable y positivo y gran trabajo del creador.	-5
El video muestra una batalla de rap limpia y divertida; se ve como juego familiar, sin agresividad real, y mantiene un tono divertido.	-4
Este video funciona muy bien para niños porque transmite una energía muy sana; muy buena opción para contenido seguro.	-5
El momento de una pelea ficticia de superhéroes de cartón tiene acción suave, sin heridas, sin miedo fuerte y con intención cómica.	-3
Comentario positivo sobre el juego de mesa familiar: es ideal para pasar un buen rato y ideal para una tarde tranquila.	-5
El video educativo para niños está muy bien logrado; tiene un mensaje muy amable y lo recomendaría para niños.	-5
El tono del historia con moraleja es amigable, limpio y agradable; se nota que está pensado con cuidado.	-5
Me gustó este actividad de plastilina; deja una sensación muy positiva y excelente para un momento tranquilo.	-5
El tono del video de arte y pintura es amigable, limpio y agradable; muy buena opción para contenido seguro.	-5
El video de comedia familiar está muy bien logrado; tiene un mensaje muy amable y me encantó el estilo amigable.	-5
Este video funciona muy bien para niños porque es claro, limpio y entretenido; gran trabajo del creador.	-5
Buen contenido: video de ciencia fácil; es completamente amigable para niños y me encantó el estilo amigable.	-5
Este actividad escolar divertida mantiene un ambiente sano; me hizo sonreír de forma sana y muy sano y agradable de ver.	-5
Se nota que el video de ciencia fácil es ligero; es claro, limpio y entretenido y buen contenido para todas las edades.	-5
El tono del actividad de plastilina es limpio, limpio y agradable; me encantó el estilo amigable.	-5
Este video funciona muy bien para niños porque es completamente amigable para niños; muy sano y agradable de ver.	-5
Este video de arte y pintura mantiene un ambiente sano; deja una sensación muy positiva y gran trabajo del creador.	-5
Este video funciona muy bien para niños porque tiene un mensaje muy amable; muy sano y agradable de ver.	-5
Comentario positivo sobre el video de baile infantil: usa un lenguaje amable y positivo y muy buena opción para contenido seguro.	-5
Me gustó este video musical alegre; se entiende fácil y es muy respetuoso y ideal para una tarde tranquila.	-5
La escena de un combate de artes marciales con protección y respeto puede incluir acción, pero evita cualquier contenido gráfico o cruel.	-3
La escena de una caída cómica sobre colchoneta está presentada con cuidado, como entrenamiento o juego supervisado.	-2
La escena de un combate de artes marciales con protección y respeto puede incluir acción, pero evita cualquier contenido gráfico o cruel.	-3
Buen contenido: reseña de juguetes; se siente alegre y positivo y ideal para una tarde tranquila.	-5
La parte de un reto de defensa personal explicado como deporte es moderada y claramente de fantasía, con un ambiente positivo.	-3
Buen contenido: video de cocina sencilla; mantiene un tono divertido y seguro y se nota que está pensado con cuidado.	-5
Aunque aparece un duelo de piratas de juguete, todo se presenta como juego imaginario y apto para familia.	-3
Me gustó este reto de colores; está muy bien hecho y no tiene nada preocupante y excelente para un momento tranquilo.	-5
Muy buen broma inocente; me gustó porque es tranquilo y educativo, con un mensaje apto para toda la familia.	-5
Se nota que el video de dibujos animados es limpio; usa un lenguaje amable y positivo y me encantó el estilo amigable.	-5
Este video funciona muy bien para niños porque muy bonito y apto para todos; perfecto para un ambiente familiar.	-5
La parte de un juego de captura la bandera sin contacto es ligera, cómica y no muestra daño real.	-4
Este actividad escolar divertida es seguro; se siente alegre y positivo y aporta algo positivo y sencillo.	-5
Este animación colorida mantiene un ambiente sano; no contiene nada fuerte ni inapropiado y lo recomendaría para niños.	-5
Me gustó este video de cocina sencilla; me hizo sonreír de forma sana y lo recomendaría para niños.	-5
Me gustó la parte de un duelo de baile con reglas claras porque parece competencia sana, con reglas claras y buen humor.	-4
Muy buen video de arte y pintura; se entiende fácil y es muy respetuoso, con un mensaje apto para toda la familia.	-5
El video convierte una aventura de héroes con golpes simulados en aventura familiar, con respeto y sin consecuencias graves.	-3
Se nota que el reto divertido sin peligro es claro; muy bonito y apto para todos y ideal para una tarde tranquila.	-5
Este actividad de plastilina mantiene un ambiente sano; se siente alegre y positivo y buen contenido para todas las edades.	-5
El momento de una escena de acción física explicada como juego es activo, pero se enfoca en disciplina, respeto y seguridad.	-2
Este tutorial para ordenar juguetes es limpio; mantiene un tono divertido y seguro y lo recomendaría para niños.	-5
El tono del video de ciencia fácil es educativo, limpio y agradable; muy sano y agradable de ver.	-5
Muy buen video de baile infantil; transmite una energía muy sana, con un mensaje apto para toda la familia.	-5
El tono del video de baile infantil es ligero, limpio y agradable; gran trabajo del creador.	-5
Este comentario destaca que una pelea ficticia de superhéroes de cartón se siente como juego de niños, no como violencia real.	-3
Buen contenido: video de arte y pintura; es claro, limpio y entretenido y excelente para un momento tranquilo.	-5
Me gustó este video de lectura infantil; promueve creatividad y buen ánimo y gran trabajo del creador.	-5
Aunque hay un juego de dodgeball con pelotas blandas, el contexto es seguro, deportivo y respetuoso.	-2
El video muestra un juego de persecución en caricatura; se ve como juego familiar, sin agresividad real, y mantiene un tono divertido.	-4
El video usa una clase de seguridad para evitar golpes como ejemplo de actividad física sana y controlada.	-2
El video incluye una batalla fantástica con efectos de caricatura, con contacto controlado y sin contenido realmente peligroso.	-1
Este comentario destaca que un reto de defensa personal explicado como deporte se siente como juego de niños, no como violencia real.	-3
La parte de una demostración de defensa personal segura puede ser intensa para algunos niños, pero no muestra daño explícito ni crueldad.	-2
El tono del video de lectura infantil es seguro, limpio y agradable; excelente para un momento tranquilo.	-5
Se nota que el video de baile infantil es familiar; me gustó porque es tranquilo y educativo y lo vería otra vez con mi familia.	-5
El tono del rutina de ejercicio suave es creativo, limpio y agradable; buen contenido para todas las edades.	-5
El video de ciencia fácil está muy bien logrado; se siente alegre y positivo y lo vería otra vez con mi familia.	-5
El tono del video educativo para niños es sano, limpio y agradable; lo vería otra vez con mi familia.	-5
El video educativo para niños está muy bien logrado; es ideal para pasar un buen rato y muy sano y agradable de ver.	-5
Me gustó este tutorial para ordenar juguetes; es completamente amigable para niños y buen contenido para todas las edades.	-5
Este broma inocente es inofensivo; se siente alegre y positivo y lo recomendaría para niños.	-5
El reto divertido sin peligro está muy bien logrado; no contiene nada fuerte ni inapropiado y me encantó el estilo amigable.	-5
Este video funciona muy bien para niños porque es divertido sin ser pesado; perfecto para un ambiente familiar.	-5
El tono del reto divertido sin peligro es sano, limpio y agradable; gran trabajo del creador.	-5
Comentario positivo sobre el actividad escolar divertida: me gustó porque es tranquilo y educativo y muy sano y agradable de ver.	-5
Este video de arte y pintura es alegre; se entiende fácil y es muy respetuoso y ideal para una tarde tranquila.	-5
Este video funciona muy bien para niños porque está muy bien hecho y no tiene nada preocupante; buen contenido para todas las edades.	-5
Muy buen video educativo para niños; es claro, limpio y entretenido, con un mensaje apto para toda la familia.	-5
La escena de un combate deportivo intenso con reglas claras es la parte con más acción, pero no hay sangre, crueldad ni daño real.	-1
Este video funciona muy bien para niños porque me pareció perfecto para ver en familia; se nota que está pensado con cuidado.	-5
El broma inocente está muy bien logrado; se entiende fácil y es muy respetuoso y excelente para un momento tranquilo.	-5
El momento de una lucha olímpica explicada como deporte es activo, pero se enfoca en disciplina, respeto y seguridad.	-2
Este cuento corto animado es entretenido; es divertido sin ser pesado y lo recomendaría para niños.	-5
Este video funciona muy bien para niños porque no contiene nada fuerte ni inapropiado; lo recomendaría para niños.	-5
Este video musical alegre mantiene un ambiente sano; mantiene un tono divertido y seguro y lo recomendaría para niños.	-5
Comentario positivo sobre el video de naturaleza: transmite una energía muy sana y gran trabajo del creador.	-5
La situación de una discusión cómica que termina en amistad es amigable y deja claro que todo es juego.	-4
Buen contenido: video de magia sencilla; se entiende fácil y es muy respetuoso y gran trabajo del creador.	-5
Este video funciona muy bien para niños porque muy bonito y apto para todos; ideal para una tarde tranquila.	-5
Este video funciona muy bien para niños porque muy bonito y apto para todos; lo recomendaría para niños.	-5
Muy buen video de lectura infantil; mantiene un tono divertido y seguro, con un mensaje apto para toda la familia.	-5
La parte de un duelo de caballeros con accesorios de plástico es moderada y claramente de fantasía, con un ambiente positivo.	-3
Muy buen video de dibujos animados; es ideal para pasar un buen rato, con un mensaje apto para toda la familia.	-5
Aunque aparece una competencia de robots de juguete, el mensaje es de amistad, respeto y diversión segura.	-4
Se nota que el video musical alegre es respetuoso; se siente alegre y positivo y muy sano y agradable de ver.	-5
Comentario positivo sobre el video de origami: es completamente amigable para niños y lo recomendaría para niños.	-5
Este video incluye un juego de batalla ficticia con armas de espuma; puede sentirse más fuerte, aunque sigue en contexto deportivo o ficticio.	-1
Buen contenido: video de baile infantil; tiene un mensaje muy amable y lo recomendaría para niños.	-5
Este video de comedia familiar es claro; es ideal para pasar un buen rato y gran trabajo del creador.	-5
La escena de una competencia de chistes entre amigos es muy suave y apta para niños, más como juego que como pelea.	-4
Este animación colorida es positivo; me gustó porque es tranquilo y educativo y buen contenido para todas las edades.	-5
El video muestra un combate de artes marciales con protección y respeto; es ficticio y family friendly, sin daño real y con tono divertido.	-3
El video de baile infantil está muy bien logrado; está muy bien hecho y no tiene nada preocupante y aporta algo positivo y sencillo.	-5
Este video musical alegre es divertido; está muy bien hecho y no tiene nada preocupante y gran trabajo del creador.	-5
Se nota que el reseña de juguetes es familiar; promueve creatividad y buen ánimo y muy sano y agradable de ver.	-5
Este video tiene una escena de acción física explicada como juego, pero se entiende como deporte o actividad controlada.	-2
Se nota que el video de origami es divertido; promueve creatividad y buen ánimo y gran trabajo del creador.	-5
El reto divertido sin peligro está muy bien logrado; no contiene nada fuerte ni inapropiado y buen contenido para todas las edades.	-5
El video usa una carrera de obstáculos con tropiezos suaves como ejemplo de actividad física sana y controlada.	-2
La escena de un concurso de bromas inocentes es muy suave y apta para niños, más como juego que como pelea.	-4
Este video de lectura infantil mantiene un ambiente sano; está muy bien hecho y no tiene nada preocupante y buen contenido para todas las edades.	-5
Muy buen reseña de juguetes; me pareció perfecto para ver en familia, con un mensaje apto para toda la familia.	-5
Comentario positivo sobre el video de arte y pintura: transmite una energía muy sana y gran trabajo del creador.	-5
Este clip de mascotas tiernas es amigable; muy bonito y apto para todos y perfecto para un ambiente familiar.	-5
El juego de mesa familiar está muy bien logrado; está muy bien hecho y no tiene nada preocupante y excelente para un momento tranquilo.	-5
Este video musical alegre mantiene un ambiente sano; no contiene nada fuerte ni inapropiado y lo vería otra vez con mi familia.	-5
Muy buen video de dibujos animados; no contiene nada fuerte ni inapropiado, con un mensaje apto para toda la familia.	-5
Este tutorial de manualidades mantiene un ambiente sano; se siente alegre y positivo y lo vería otra vez con mi familia.	-5
Se nota que el tutorial para ordenar juguetes es agradable; me pareció perfecto para ver en familia y lo recomendaría para niños.	-5
El video usa un partido de fútbol con choques accidentales leves como ejemplo de actividad física sana y controlada.	-2
El video de dibujos animados está muy bien logrado; se entiende fácil y es muy respetuoso y muy sano y agradable de ver.	-5
Aunque aparece un juego de policías y ladrones sin agresividad, todo se presenta como juego imaginario y apto para familia.	-3
Me gustó la parte de un juego de persecución en caricatura porque parece competencia sana, con reglas claras y buen humor.	-4
Se nota que el video educativo para niños es amigable; usa un lenguaje amable y positivo y gran trabajo del creador.	-5
Este video de cocina sencilla mantiene un ambiente sano; es completamente amigable para niños y lo recomendaría para niños.	-5
Me gustó la parte de una rivalidad ligera entre personajes amables porque parece competencia sana, con reglas claras y buen humor.	-4
Buen contenido: tutorial de manualidades; promueve creatividad y buen ánimo y muy buena opción para contenido seguro.	-5
Comentario positivo sobre el video de magia sencilla: usa un lenguaje amable y positivo y muy buena opción para contenido seguro.	-5
El momento de un reto de almohadas de juguete tiene conflicto muy leve, pero sigue siendo sano y familiar.	-4
Buen contenido: video de magia sencilla; promueve creatividad y buen ánimo y muy sano y agradable de ver.	-5
Muy buen video de comedia familiar; tiene un mensaje muy amable, con un mensaje apto para toda la familia.	-5
Muy buen video de arte y pintura; muy bonito y apto para todos, con un mensaje apto para toda la familia.	-5
El video muestra un concurso de equilibrio con espuma; se ve como juego familiar, sin agresividad real, y mantiene un tono divertido.	-4
El video usa una competencia de robots de juguete como recurso cómico, sin contenido fuerte ni preocupante.	-4
Este reto de colores mantiene un ambiente sano; es claro, limpio y entretenido y muy sano y agradable de ver.	-5
El tono del canción para aprender es positivo, limpio y agradable; perfecto para un ambiente familiar.	-5
La escena de una persecución de caricatura sin daño real se presenta de forma caricaturesca, segura y fácil de entender para niños.	-3
Me gustó este juego de adivinanzas; usa un lenguaje amable y positivo y muy buena opción para contenido seguro.	-5
Me gustó este animación colorida; se siente alegre y positivo y gran trabajo del creador.	-5
El video de naturaleza está muy bien logrado; me hizo sonreír de forma sana y gran trabajo del creador.	-5
Comentario positivo sobre el animación colorida: es claro, limpio y entretenido y muy buena opción para contenido seguro.	-5
Este tutorial para ordenar juguetes mantiene un ambiente sano; está muy bien hecho y no tiene nada preocupante y se nota que está pensado con cuidado.	-5
El video muestra un desafío de risas entre primos; se ve como juego familiar, sin agresividad real, y mantiene un tono divertido.	-4
Este video funciona muy bien para niños porque deja una sensación muy positiva; se nota que está pensado con cuidado.	-5
Buen contenido: video educativo para niños; no contiene nada fuerte ni inapropiado y me encantó el estilo amigable.	-5
La parte de una batalla de globos de agua en familia es ligera, cómica y no muestra daño real.	-4
Muy buen animación colorida; promueve creatividad y buen ánimo, con un mensaje apto para toda la familia.	-5
Buen contenido: video de dibujos animados; es ideal para pasar un buen rato y lo recomendaría para niños.	-5
El momento de un reto de obstáculos blandos tiene conflicto muy leve, pero sigue siendo sano y familiar.	-4
Me gustó este video de arte y pintura; se siente alegre y positivo y muy buena opción para contenido seguro.	-5
Muy buen reseña de juguetes; se siente alegre y positivo, con un mensaje apto para toda la familia.	-5
Muy buen video de origami; se siente alegre y positivo, con un mensaje apto para toda la familia.	-5
Este actividad de plastilina es entretenido; es completamente amigable para niños y se nota que está pensado con cuidado.	-5
Comentario positivo sobre el juego de adivinanzas: usa un lenguaje amable y positivo y ideal para una tarde tranquila.	-5
Este video de dibujos animados mantiene un ambiente sano; usa un lenguaje amable y positivo y excelente para un momento tranquilo.	-5
Este juego de mesa familiar es sano; deja una sensación muy positiva y se nota que está pensado con cuidado.	-5
El momento de un reto de defensa personal explicado como deporte tiene acción suave, sin heridas, sin miedo fuerte y con intención cómica.	-3
Muy buen video de arte y pintura; se siente alegre y positivo, con un mensaje apto para toda la familia.	-5
Me gustó este video musical alegre; es claro, limpio y entretenido y perfecto para un ambiente familiar.	-5
Se nota que el video musical alegre es tranquilo; tiene un mensaje muy amable y muy sano y agradable de ver.	-5
Este video tiene una práctica de taekwondo con respeto al rival, pero se entiende como deporte o actividad controlada.	-2
El tono del video de dibujos animados es creativo, limpio y agradable; perfecto para un ambiente familiar.	-5
Me gustó este reto divertido sin peligro; deja una sensación muy positiva y perfecto para un ambiente familiar.	-5
Me gustó este video de magia sencilla; me pareció perfecto para ver en familia y ideal para una tarde tranquila.	-5
Muy buen canción para aprender; me hizo sonreír de forma sana, con un mensaje apto para toda la familia.	-5
Este cuento corto animado mantiene un ambiente sano; me hizo sonreír de forma sana y me encantó el estilo amigable.	-5
Este video de naturaleza es limpio; deja una sensación muy positiva y buen contenido para todas las edades.	-5
Este reseña de juguetes es creativo; usa un lenguaje amable y positivo y buen contenido para todas las edades.	-5
Aunque aparece un reto de obstáculos blandos, el mensaje es de amistad, respeto y diversión segura.	-4
El video usa un desafío de risas entre primos como recurso cómico, sin contenido fuerte ni preocupante.	-4
El video musical alegre está muy bien logrado; me pareció perfecto para ver en familia y buen contenido para todas las edades.	-5
Me gustó la parte de una competencia de robots de juguete porque parece competencia sana, con reglas claras y buen humor.	-4
El tono del video de ciencia fácil es creativo, limpio y agradable; se nota que está pensado con cuidado.	-5
El video usa un concurso de bromas inocentes como recurso cómico, sin contenido fuerte ni preocupante.	-4
El video convierte una batalla fantástica sin heridas ni sustos en aventura familiar, con respeto y sin consecuencias graves.	-3
Este video de animales felices mantiene un ambiente sano; no contiene nada fuerte ni inapropiado y se nota que está pensado con cuidado.	-5
El tutorial de manualidades está muy bien logrado; se entiende fácil y es muy respetuoso y me encantó el estilo amigable.	-5
Hay una competencia física fuerte pero supervisada, pero el contenido evita detalles fuertes y mantiene un enfoque seguro.	-1
Buen contenido: video de cocina sencilla; es claro, limpio y entretenido y excelente para un momento tranquilo.	-5
Se nota que el historia con moraleja es ligero; muy bonito y apto para todos y lo recomendaría para niños.	-5
El tono del video de magia sencilla es agradable, limpio y agradable; lo recomendaría para niños.	-5
Comentario positivo sobre el juego de adivinanzas: me pareció perfecto para ver en familia y perfecto para un ambiente familiar.	-5
Buen contenido: cuento corto animado; me hizo sonreír de forma sana y me encantó el estilo amigable.	-5
Buen contenido: reto de colores; se entiende fácil y es muy respetuoso y excelente para un momento tranquilo.	-5
Este video funciona muy bien para niños porque me gustó porque es tranquilo y educativo; se nota que está pensado con cuidado.	-5
Buen contenido: video educativo para niños; muy bonito y apto para todos y se nota que está pensado con cuidado.	-5
Comentario positivo sobre el broma inocente: es completamente amigable para niños y excelente para un momento tranquilo.	-5
Me gustó la parte de una batalla de globos de agua en familia porque parece competencia sana, con reglas claras y buen humor.	-4
El actividad escolar divertida está muy bien logrado; se siente alegre y positivo y buen contenido para todas las edades.	-5
Muy buen cuento corto animado; transmite una energía muy sana, con un mensaje apto para toda la familia.	-5
Este video de baile infantil mantiene un ambiente sano; me hizo sonreír de forma sana y perfecto para un ambiente familiar.	-5
Este reto de colores mantiene un ambiente sano; es divertido sin ser pesado y ideal para una tarde tranquila.	-5
Buen contenido: historia con moraleja; promueve creatividad y buen ánimo y muy buena opción para contenido seguro.	-5
Este video de magia sencilla mantiene un ambiente sano; me pareció perfecto para ver en familia y gran trabajo del creador.	-5
El tono del reto de colores es limpio, limpio y agradable; muy buena opción para contenido seguro.	-5
Me gustó este animación colorida; me pareció perfecto para ver en familia y ideal para una tarde tranquila.	-5
Muy buen historia con moraleja; se entiende fácil y es muy respetuoso, con un mensaje apto para toda la familia.	-5
Este broma inocente es sano; no contiene nada fuerte ni inapropiado y excelente para un momento tranquilo.	-5
La escena de una clase de karate infantil con protección tiene contacto leve, sin intención de hacer daño y con tono educativo.	-2
Me gustó la parte de un juego de roles con héroes imaginarios porque parece competencia sana, con reglas claras y buen humor.	-4
El video muestra un reto de almohadas de juguete; se ve como juego familiar, sin agresividad real, y mantiene un tono divertido.	-4
El video muestra una rivalidad ligera entre personajes amables; se ve como juego familiar, sin agresividad real, y mantiene un tono divertido.	-4
Me gustó la parte de una competencia de chistes entre amigos porque parece competencia sana, con reglas claras y buen humor.	-4
Este video de animales felices es limpio; transmite una energía muy sana y lo vería otra vez con mi familia.	-5
La escena de un reto de defensa personal explicado como deporte puede incluir acción, pero evita cualquier contenido gráfico o cruel.	-3
Buen contenido: video de origami; está muy bien hecho y no tiene nada preocupante y muy sano y agradable de ver.	-5
Se nota que el video de lectura infantil es positivo; está muy bien hecho y no tiene nada preocupante y excelente para un momento tranquilo.	-5
El actividad escolar divertida está muy bien logrado; me gustó porque es tranquilo y educativo y buen contenido para todas las edades.	-5
El video muestra un combate de artes marciales con protección y respeto; es ficticio y family friendly, sin daño real y con tono divertido.	-3
La parte de una simulación de rescate en juego infantil puede ser intensa para algunos niños, pero no muestra daño explícito ni crueldad.	-2
La situación de un juego de roles con héroes imaginarios es amigable y deja claro que todo es juego.	-4
Este video de baile infantil mantiene un ambiente sano; promueve creatividad y buen ánimo y lo recomendaría para niños.	-5
Este comentario destaca que un reto de defensa personal explicado como deporte se siente como juego de niños, no como violencia real.	-3
El video usa un juego de dodgeball con pelotas blandas como ejemplo de actividad física sana y controlada.	-2
Se nota que el video de cocina sencilla es sano; me gustó porque es tranquilo y educativo y muy buena opción para contenido seguro.	-5
El video muestra un duelo de caballeros con accesorios de plástico; es ficticio y family friendly, sin daño real y con tono divertido.	-3
Este video funciona muy bien para niños porque mantiene un tono divertido y seguro; excelente para un momento tranquilo.	-5
Muy buen video educativo para niños; no contiene nada fuerte ni inapropiado, con un mensaje apto para toda la familia.	-5
Se nota que el reseña de juguetes es bonito; es completamente amigable para niños y gran trabajo del creador.	-5
El video de ciencia fácil está muy bien logrado; está muy bien hecho y no tiene nada preocupante y lo recomendaría para niños.	-5
Buen contenido: tutorial para ordenar juguetes; me gustó porque es tranquilo y educativo y aporta algo positivo y sencillo.	-5
La parte de un partido amistoso con contacto deportivo puede ser intensa para algunos niños, pero no muestra daño explícito ni crueldad.	-2
El momento de un reto de coordinación con movimiento rápido es activo, pero se enfoca en disciplina, respeto y seguridad.	-2
La escena de un desafío de risas entre primos parece una broma inocente entre amigos y se mantiene muy cuidada.	-4
Me gustó este cuento corto animado; es ideal para pasar un buen rato y buen contenido para todas las edades.	-5
Comentario positivo sobre el video de lectura infantil: no contiene nada fuerte ni inapropiado y gran trabajo del creador.	-5
Buen video con un juego de roles con héroes imaginarios; todo se siente controlado, alegre y family friendly.	-4
Comentario positivo sobre el reto de colores: tiene un mensaje muy amable y se nota que está pensado con cuidado.	-5
Se nota que el video de dibujos animados es claro; deja una sensación muy positiva y me encantó el estilo amigable.	-5
La parte de una práctica deportiva con contacto controlado tiene movimiento físico, aunque todo sucede en un ambiente cuidado.	-2
La escena de un duelo de magia ficticia es muy suave y apta para niños, más como juego que como pelea.	-4
Este video tiene una competencia de esgrima con equipo protector, pero se entiende como deporte o actividad controlada.	-2
La parte de una competencia ninja infantil con colchonetas es moderada y claramente de fantasía, con un ambiente positivo.	-3
El video muestra una pelea ficticia de superhéroes de cartón; es ficticio y family friendly, sin daño real y con tono divertido.	-3
Me gustó este tutorial para ordenar juguetes; se siente alegre y positivo y perfecto para un ambiente familiar.	-5
Hay una escena de acción física explicada como juego, pero se mantiene en un entorno sano, con reglas claras y sin violencia realista.	-2
La parte de un partido amistoso con contacto deportivo tiene movimiento físico, aunque todo sucede en un ambiente cuidado.	-2
Este video funciona muy bien para niños porque no contiene nada fuerte ni inapropiado; lo recomendaría para niños.	-5
La escena de una competencia de videojuegos infantiles parece una broma inocente entre amigos y se mantiene muy cuidada.	-4
Se nota que el experimento casero seguro es ligero; usa un lenguaje amable y positivo y gran trabajo del creador.	-5
Muy buen rutina de ejercicio suave; transmite una energía muy sana, con un mensaje apto para toda la familia.	-5
El experimento casero seguro está muy bien logrado; me pareció perfecto para ver en familia y ideal para una tarde tranquila.	-5
Se nota que el video de cocina sencilla es creativo; está muy bien hecho y no tiene nada preocupante y se nota que está pensado con cuidado.	-5
Me gustó este video de dibujos animados; me hizo sonreír de forma sana y excelente para un momento tranquilo.	-5
Buen video con un duelo de magia ficticia; todo se siente controlado, alegre y family friendly.	-4
Este juego de mesa familiar es creativo; usa un lenguaje amable y positivo y se nota que está pensado con cuidado.	-5
Me gustó este tutorial de manualidades; es ideal para pasar un buen rato y buen contenido para todas las edades.	-5
Me gustó este reto divertido sin peligro; me hizo sonreír de forma sana y lo vería otra vez con mi familia.	-5
La parte de una batalla de almohadas muy suave es moderada y claramente de fantasía, con un ambiente positivo.	-3
La parte de una competencia de disfraces de superhéroes es ligera, cómica y no muestra daño real.	-4
Buen contenido: canción para aprender; transmite una energía muy sana y ideal para una tarde tranquila.	-5
Este video educativo para niños mantiene un ambiente sano; es claro, limpio y entretenido y muy buena opción para contenido seguro.	-5
Me gustó este actividad escolar divertida; es ideal para pasar un buen rato y me encantó el estilo amigable.	-5
Muy buen video de magia sencilla; promueve creatividad y buen ánimo, con un mensaje apto para toda la familia.	-5
Comentario positivo sobre el video de lectura infantil: se siente alegre y positivo y gran trabajo del creador.	-5
El tono del cuento corto animado es alegre, limpio y agradable; se nota que está pensado con cuidado.	-5
Se nota que el actividad escolar divertida es seguro; es divertido sin ser pesado y muy buena opción para contenido seguro.	-5
El momento de un duelo de piratas de juguete tiene acción suave, sin heridas, sin miedo fuerte y con intención cómica.	-3
Se nota que el video de baile infantil es sano; me pareció perfecto para ver en familia y buen contenido para todas las edades.	-5
El video muestra una competencia ninja infantil con colchonetas; es ficticio y family friendly, sin daño real y con tono divertido.	-3
Este tutorial para ordenar juguetes mantiene un ambiente sano; usa un lenguaje amable y positivo y buen contenido para todas las edades.	-5
Se nota que el video de origami es bonito; es ideal para pasar un buen rato y lo recomendaría para niños.	-5
Hay un juego de policías y ladrones sin agresividad, pero está tratado de manera amable, ficticia y sin detalles dañinos.	-3
El video musical alegre está muy bien logrado; se siente alegre y positivo y lo vería otra vez con mi familia.	-5
El video muestra una batalla de rap limpia y divertida; se ve como juego familiar, sin agresividad real, y mantiene un tono divertido.	-4
El tono del rutina de ejercicio suave es bonito, limpio y agradable; buen contenido para todas las edades.	-5
La situación de un concurso de bromas inocentes es amigable y deja claro que todo es juego.	-4
La parte de un juego de captura la bandera sin contacto es ligera, cómica y no muestra daño real.	-4
El historia con moraleja está muy bien logrado; me hizo sonreír de forma sana y se nota que está pensado con cuidado.	-5
Buen contenido: video educativo para niños; se siente alegre y positivo y gran trabajo del creador.	-5
El animación colorida está muy bien logrado; no contiene nada fuerte ni inapropiado y gran trabajo del creador.	-5
Aunque hay una demostración de defensa personal segura, el contexto es seguro, deportivo y respetuoso.	-2
El tono del reto divertido sin peligro es educativo, limpio y agradable; gran trabajo del creador.	-5
Se nota que el actividad escolar divertida es positivo; me hizo sonreír de forma sana y lo recomendaría para niños.	-5
Me gustó la parte de un juego de persecución en caricatura porque parece competencia sana, con reglas claras y buen humor.	-4
Este tutorial de manualidades es inofensivo; tiene un mensaje muy amable y buen contenido para todas las edades.	-5
Se nota que el reto divertido sin peligro es respetuoso; mantiene un tono divertido y seguro y aporta algo positivo y sencillo.	-5
Buen contenido: broma inocente; me hizo sonreír de forma sana y muy buena opción para contenido seguro.	-5
Se nota que el actividad de plastilina es seguro; promueve creatividad y buen ánimo y aporta algo positivo y sencillo.	-5
Este video de cocina sencilla es educativo; promueve creatividad y buen ánimo y se nota que está pensado con cuidado.	-5
La escena de un entrenamiento de artes marciales sin agresividad está presentada con cuidado, como entrenamiento o juego supervisado.	-2
Este video funciona muy bien para niños porque me hizo sonreír de forma sana; muy buena opción para contenido seguro.	-5
Me gustó este clip de mascotas tiernas; usa un lenguaje amable y positivo y gran trabajo del creador.	-5
Se nota que el rutina de ejercicio suave es bonito; se entiende fácil y es muy respetuoso y aporta algo positivo y sencillo.	-5
La escena de un reto de almohadas de juguete parece una broma inocente entre amigos y se mantiene muy cuidada.	-4
Este clip de mascotas tiernas mantiene un ambiente sano; no contiene nada fuerte ni inapropiado y gran trabajo del creador.	-5
Hay una competencia física fuerte pero supervisada, pero el contenido evita detalles fuertes y mantiene un enfoque seguro.	-1
Comentario positivo sobre el reseña de juguetes: se entiende fácil y es muy respetuoso y excelente para un momento tranquilo.	-5
Se nota que el video de comedia familiar es claro; es ideal para pasar un buen rato y muy sano y agradable de ver.	-5
El tono del video de naturaleza es familiar, limpio y agradable; lo vería otra vez con mi familia.	-5
El video de lectura infantil está muy bien logrado; tiene un mensaje muy amable y aporta algo positivo y sencillo.	-5
Muy buen reseña de juguetes; me hizo sonreír de forma sana, con un mensaje apto para toda la familia.	-5
Aunque hay un reto de coordinación con movimiento rápido, el contexto es seguro, deportivo y respetuoso.	-2
Se nota que el video de comedia familiar es ligero; deja una sensación muy positiva y muy buena opción para contenido seguro.	-5
Comentario positivo sobre el experimento casero seguro: es divertido sin ser pesado y aporta algo positivo y sencillo.	-5
Se nota que el actividad escolar divertida es ligero; promueve creatividad y buen ánimo y aporta algo positivo y sencillo.	-5
La parte de un video de acrobacias supervisadas tiene movimiento físico, aunque todo sucede en un ambiente cuidado.	-2
Este video funciona muy bien para niños porque me gustó porque es tranquilo y educativo; muy buena opción para contenido seguro.	-5
La parte de una carrera de obstáculos con tropiezos suaves tiene movimiento físico, aunque todo sucede en un ambiente cuidado.	-2
Este video funciona muy bien para niños porque me pareció perfecto para ver en familia; aporta algo positivo y sencillo.	-5
La escena de una carrera de obstáculos con tropiezos suaves está presentada con cuidado, como entrenamiento o juego supervisado.	-2
El tono del actividad de plastilina es claro, limpio y agradable; aporta algo positivo y sencillo.	-5
Me gustó este video de origami; me gustó porque es tranquilo y educativo y aporta algo positivo y sencillo.	-5
Este comentario destaca que un combate de artes marciales con protección y respeto se siente como juego de niños, no como violencia real.	-3
El momento de una discusión cómica que termina en amistad tiene conflicto muy leve, pero sigue siendo sano y familiar.	-4
Este experimento casero seguro es divertido; deja una sensación muy positiva y gran trabajo del creador.	-5
Buen contenido: actividad escolar divertida; está muy bien hecho y no tiene nada preocupante y lo recomendaría para niños.	-5
Se nota que el video de cocina sencilla es inofensivo; transmite una energía muy sana y perfecto para un ambiente familiar.	-5
El video usa un juego de roles con héroes imaginarios como recurso cómico, sin contenido fuerte ni preocupante.	-4
Muy buen reto de colores; no contiene nada fuerte ni inapropiado, con un mensaje apto para toda la familia.	-5
El video de baile infantil está muy bien logrado; me hizo sonreír de forma sana y se nota que está pensado con cuidado.	-5
La parte de un duelo de magia ficticia es ligera, cómica y no muestra daño real.	-4
Buen contenido: video de animales felices; muy bonito y apto para todos y me encantó el estilo amigable.	-5
Buen contenido: juego de mesa familiar; se siente alegre y positivo y excelente para un momento tranquilo.	-5
Muy buen canción para aprender; es divertido sin ser pesado, con un mensaje apto para toda la familia.	-5
Se nota que el historia con moraleja es tranquilo; se entiende fácil y es muy respetuoso y gran trabajo del creador.	-5
El video convierte un enfrentamiento de juguetes animados en aventura familiar, con respeto y sin consecuencias graves.	-3
El video muestra un desafío de risas entre primos; se ve como juego familiar, sin agresividad real, y mantiene un tono divertido.	-4
Se nota que el tutorial de manualidades es amigable; es ideal para pasar un buen rato y lo recomendaría para niños.	-5
Comentario positivo sobre el actividad escolar divertida: me hizo sonreír de forma sana y me encantó el estilo amigable.	-5
Muy buen animación colorida; se entiende fácil y es muy respetuoso, con un mensaje apto para toda la familia.	-5
Este video funciona muy bien para niños porque se entiende fácil y es muy respetuoso; lo recomendaría para niños.	-5
Hay un duelo de piratas de juguete, pero está tratado de manera amable, ficticia y sin detalles dañinos.	-3
Me gustó la parte de un juego de persecución en caricatura porque parece competencia sana, con reglas claras y buen humor.	-4
El video convierte un reto de defensa personal explicado como deporte en aventura familiar, con respeto y sin consecuencias graves.	-3
El video incluye un juego de dodgeball con pelotas blandas; muestra acción física sana, con protección, reglas y supervisión.	-2
Este video incluye una competencia física fuerte pero supervisada; puede sentirse más fuerte, aunque sigue en contexto deportivo o ficticio.	-1
La escena de una batalla fantástica con efectos de caricatura es la parte con más acción, pero no hay sangre, crueldad ni daño real.	-1
El actividad de plastilina está muy bien logrado; me pareció perfecto para ver en familia y perfecto para un ambiente familiar.	-5
Este video incluye una secuencia deportiva intensa pero respetuosa; puede sentirse más fuerte, aunque sigue en contexto deportivo o ficticio.	-1
El tono del cuento corto animado es seguro, limpio y agradable; buen contenido para todas las edades.	-5
El momento de una pelea ficticia de superhéroes de cartón tiene acción suave, sin heridas, sin miedo fuerte y con intención cómica.	-3
Me gustó este video de ciencia fácil; se entiende fácil y es muy respetuoso y aporta algo positivo y sencillo.	-5
Muy buen video de cocina sencilla; se siente alegre y positivo, con un mensaje apto para toda la familia.	-5
Este video de ciencia fácil es divertido; tiene un mensaje muy amable y lo vería otra vez con mi familia.	-5
El tono del juego de adivinanzas es bonito, limpio y agradable; muy buena opción para contenido seguro.	-5
El video convierte una competencia ninja infantil con colchonetas en aventura familiar, con respeto y sin consecuencias graves.	-3
La situación de un duelo de baile con reglas claras es amigable y deja claro que todo es juego.	-4
Comentario positivo sobre el video de arte y pintura: me pareció perfecto para ver en familia y ideal para una tarde tranquila.	-5
Comentario positivo sobre el reseña de juguetes: transmite una energía muy sana y lo recomendaría para niños.	-5
El video usa un reto de coordinación con movimiento rápido como ejemplo de actividad física sana y controlada.	-2
Este actividad escolar divertida es bonito; me gustó porque es tranquilo y educativo y muy buena opción para contenido seguro.	-5
El video incluye una escena de acción muy marcada pero caricaturesca, con contacto controlado y sin contenido realmente peligroso.	-1
Este experimento casero seguro mantiene un ambiente sano; mantiene un tono divertido y seguro y excelente para un momento tranquilo.	-5
Me gustó este video de comedia familiar; me pareció perfecto para ver en familia y se nota que está pensado con cuidado.	-5
La escena de un juego de captura la bandera sin contacto parece una broma inocente entre amigos y se mantiene muy cuidada.	-4
Aunque aparece una competencia ninja infantil con colchonetas, todo se presenta como juego imaginario y apto para familia.	-3
Buen contenido: video de baile infantil; se siente alegre y positivo y perfecto para un ambiente familiar.	-5
Este video de cocina sencilla es creativo; muy bonito y apto para todos y muy buena opción para contenido seguro.	-5
Aunque hay un entrenamiento de artes marciales sin agresividad, el contexto es seguro, deportivo y respetuoso.	-2
Este video funciona muy bien para niños porque muy bonito y apto para todos; gran trabajo del creador.	-5
Buen contenido: actividad de plastilina; transmite una energía muy sana y muy buena opción para contenido seguro.	-5
Este video funciona muy bien para niños porque no contiene nada fuerte ni inapropiado; perfecto para un ambiente familiar.	-5
Este video musical alegre es alegre; es divertido sin ser pesado y me encantó el estilo amigable.	-5
El video incluye un reto de coordinación con movimiento rápido; muestra acción física sana, con protección, reglas y supervisión.	-2
El tono del tutorial para ordenar juguetes es educativo, limpio y agradable; me encantó el estilo amigable.	-5
Muy buen juego de mesa familiar; tiene un mensaje muy amable, con un mensaje apto para toda la familia.	-5
Se nota que el video de ciencia fácil es claro; se entiende fácil y es muy respetuoso y buen contenido para todas las edades.	-5
Buen contenido: experimento casero seguro; me hizo sonreír de forma sana y ideal para una tarde tranquila.	-5
Buen contenido: video de naturaleza; es divertido sin ser pesado y lo vería otra vez con mi familia.	-5
La escena de una discusión cómica que termina en amistad parece una broma inocente entre amigos y se mantiene muy cuidada.	-4
Hay una competencia ninja infantil con colchonetas, pero está tratado de manera amable, ficticia y sin detalles dañinos.	-3
Este actividad de plastilina es alegre; promueve creatividad y buen ánimo y muy buena opción para contenido seguro.	-5
Se nota que el video de comedia familiar es seguro; deja una sensación muy positiva y excelente para un momento tranquilo.	-5
El tono del reseña de juguetes es inofensivo, limpio y agradable; excelente para un momento tranquilo.	-5
Este video funciona muy bien para niños porque muy bonito y apto para todos; muy buena opción para contenido seguro.	-5
Se nota que el reto de colores es seguro; transmite una energía muy sana y muy buena opción para contenido seguro.	-5
Buen contenido: video educativo para niños; muy bonito y apto para todos y muy buena opción para contenido seguro.	-5
Este video funciona muy bien para niños porque transmite una energía muy sana; lo vería otra vez con mi familia.	-5
El video muestra una discusión cómica que termina en amistad; se ve como juego familiar, sin agresividad real, y mantiene un tono divertido.	-4
Se nota que el reseña de juguetes es entretenido; se entiende fácil y es muy respetuoso y ideal para una tarde tranquila.	-5
El tono del actividad escolar divertida es inofensivo, limpio y agradable; excelente para un momento tranquilo.	-5
Buen contenido: canción para aprender; me pareció perfecto para ver en familia y gran trabajo del creador.	-5
Este video de cocina sencilla mantiene un ambiente sano; transmite una energía muy sana y excelente para un momento tranquilo.	-5
Este experimento casero seguro mantiene un ambiente sano; es divertido sin ser pesado y se nota que está pensado con cuidado.	-5
La escena de un duelo de película infantil sin sangre ni daño real es la parte con más acción, pero no hay sangre, crueldad ni daño real.	-1
Este tutorial de manualidades es creativo; es ideal para pasar un buen rato y me encantó el estilo amigable.	-5
Buen contenido: animación colorida; no contiene nada fuerte ni inapropiado y me encantó el estilo amigable.	-5
El cuento corto animado está muy bien logrado; deja una sensación muy positiva y muy sano y agradable de ver.	-5
Este video musical alegre es alegre; usa un lenguaje amable y positivo y buen contenido para todas las edades.	-5
Me gustó este video de naturaleza; transmite una energía muy sana y muy buena opción para contenido seguro.	-5
Buen video con una competencia de videojuegos infantiles; todo se siente controlado, alegre y family friendly.	-4
Muy buen rutina de ejercicio suave; promueve creatividad y buen ánimo, con un mensaje apto para toda la familia.	-5
El tono del canción para aprender es divertido, limpio y agradable; muy buena opción para contenido seguro.	-5
Se nota que el video de ciencia fácil es entretenido; deja una sensación muy positiva y muy buena opción para contenido seguro.	-5
El momento de una pelea de robots animados sin violencia real tiene acción suave, sin heridas, sin miedo fuerte y con intención cómica.	-3
La escena de una batalla de bolas de nieve en tono cómico puede incluir acción, pero evita cualquier contenido gráfico o cruel.	-3
Este video de origami mantiene un ambiente sano; transmite una energía muy sana y buen contenido para todas las edades.	-5
Buen contenido: reto divertido sin peligro; muy bonito y apto para todos y perfecto para un ambiente familiar.	-5
La parte de una discusión cómica que termina en amistad es ligera, cómica y no muestra daño real.	-4
Este reseña de juguetes mantiene un ambiente sano; no contiene nada fuerte ni inapropiado y lo vería otra vez con mi familia.	-5
Me gustó este video de magia sencilla; no contiene nada fuerte ni inapropiado y excelente para un momento tranquilo.	-5
Me gustó este video educativo para niños; deja una sensación muy positiva y gran trabajo del creador.	-5
Se nota que el video de lectura infantil es educativo; promueve creatividad y buen ánimo y lo vería otra vez con mi familia.	-5
Buen contenido: juego de mesa familiar; se entiende fácil y es muy respetuoso y aporta algo positivo y sencillo.	-5
Se nota que el tutorial para ordenar juguetes es positivo; es completamente amigable para niños y aporta algo positivo y sencillo.	-5
Este broma inocente es positivo; muy bonito y apto para todos y muy buena opción para contenido seguro.	-5
El tono del video de baile infantil es agradable, limpio y agradable; perfecto para un ambiente familiar.	-5
Se nota que el video de arte y pintura es creativo; es ideal para pasar un buen rato y lo recomendaría para niños.	-5
Se nota que el tutorial de manualidades es ligero; me pareció perfecto para ver en familia y se nota que está pensado con cuidado.	-5
El video de lectura infantil está muy bien logrado; es claro, limpio y entretenido y excelente para un momento tranquilo.	-5
Este juego de mesa familiar es positivo; está muy bien hecho y no tiene nada preocupante y excelente para un momento tranquilo.	-5
Este reseña de juguetes mantiene un ambiente sano; es completamente amigable para niños y gran trabajo del creador.	-5
Buen contenido: cuento corto animado; es ideal para pasar un buen rato y me encantó el estilo amigable.	-5
El video de naturaleza está muy bien logrado; muy bonito y apto para todos y perfecto para un ambiente familiar.	-5
Buen contenido: video de arte y pintura; es divertido sin ser pesado y lo vería otra vez con mi familia.	-5
El cuento corto animado está muy bien logrado; promueve creatividad y buen ánimo y muy buena opción para contenido seguro.	-5
La escena de un entrenamiento de boxeo con guantes y reglas está presentada con cuidado, como entrenamiento o juego supervisado.	-2
Buen contenido: actividad escolar divertida; es claro, limpio y entretenido y buen contenido para todas las edades.	-5
El tono del tutorial de manualidades es seguro, limpio y agradable; me encantó el estilo amigable.	-5
Este historia con moraleja mantiene un ambiente sano; es ideal para pasar un buen rato y gran trabajo del creador.	-5
Muy buen reseña de juguetes; está muy bien hecho y no tiene nada preocupante, con un mensaje apto para toda la familia.	-5
La escena de un desafío de risas entre primos es muy suave y apta para niños, más como juego que como pelea.	-4
Buen contenido: canción para aprender; es completamente amigable para niños y buen contenido para todas las edades.	-5
La escena de una carrera de obstáculos con tropiezos suaves está presentada con cuidado, como entrenamiento o juego supervisado.	-2
El video muestra una batalla de globos de agua en familia; se ve como juego familiar, sin agresividad real, y mantiene un tono divertido.	-4
La situación de un juego de captura la bandera sin contacto es amigable y deja claro que todo es juego.	-4
Buen contenido: video de comedia familiar; está muy bien hecho y no tiene nada preocupante y lo recomendaría para niños.	-5
Este video funciona muy bien para niños porque es ideal para pasar un buen rato; lo recomendaría para niños.	-5
Este comentario destaca que un duelo de espadas de espuma se siente como juego de niños, no como violencia real.	-3
Se nota que el actividad escolar divertida es divertido; muy bonito y apto para todos y se nota que está pensado con cuidado.	-5
Este reto divertido sin peligro es seguro; se siente alegre y positivo y me encantó el estilo amigable.	-5
La parte de una pelea ficticia de superhéroes de cartón es moderada y claramente de fantasía, con un ambiente positivo.	-3
Se nota que el video de origami es limpio; me pareció perfecto para ver en familia y muy sano y agradable de ver.	-5
Se nota que el juego de adivinanzas es creativo; es completamente amigable para niños y se nota que está pensado con cuidado.	-5
Comentario positivo sobre el tutorial para ordenar juguetes: se siente alegre y positivo y aporta algo positivo y sencillo.	-5
La escena de una escena de villano caricaturesco sin sustos fuertes puede incluir acción, pero evita cualquier contenido gráfico o cruel.	-3
El video convierte un enfrentamiento de juguetes animados en aventura familiar, con respeto y sin consecuencias graves.	-3
Este video musical alegre es alegre; se entiende fácil y es muy respetuoso y me encantó el estilo amigable.	-5
Este cuento corto animado mantiene un ambiente sano; me hizo sonreír de forma sana y muy sano y agradable de ver.	-5
Se nota que el video de comedia familiar es positivo; es ideal para pasar un buen rato y perfecto para un ambiente familiar.	-5
Este video funciona muy bien para niños porque tiene un mensaje muy amable; perfecto para un ambiente familiar.	-5
El tono del video musical alegre es amigable, limpio y agradable; me encantó el estilo amigable.	-5
El video de ciencia fácil está muy bien logrado; me pareció perfecto para ver en familia y gran trabajo del creador.	-5
Este video tiene una competencia de esgrima con equipo protector, pero se entiende como deporte o actividad controlada.	-2
El tono del juego de mesa familiar es alegre, limpio y agradable; excelente para un momento tranquilo.	-5
Me gustó este rutina de ejercicio suave; me gustó porque es tranquilo y educativo y lo vería otra vez con mi familia.	-5
Me gustó este video de cocina sencilla; mantiene un tono divertido y seguro y me encantó el estilo amigable.	-5
Este comentario destaca que una competencia ninja infantil con colchonetas se siente como juego de niños, no como violencia real.	-3
El momento de un duelo de piratas de juguete tiene acción suave, sin heridas, sin miedo fuerte y con intención cómica.	-3
Este video de magia sencilla mantiene un ambiente sano; muy bonito y apto para todos y lo recomendaría para niños.	-5
Muy buen video de lectura infantil; se entiende fácil y es muy respetuoso, con un mensaje apto para toda la familia.	-5
El tono del video de arte y pintura es familiar, limpio y agradable; se nota que está pensado con cuidado.	-5
Me gustó este video de naturaleza; deja una sensación muy positiva y muy buena opción para contenido seguro.	-5
Buen contenido: tutorial para ordenar juguetes; muy bonito y apto para todos y buen contenido para todas las edades.	-5
Se nota que el reto de colores es claro; me hizo sonreír de forma sana y aporta algo positivo y sencillo.	-5
Aunque aparece una competencia de disfraces de superhéroes, el mensaje es de amistad, respeto y diversión segura.	-4
El momento de un duelo de piratas de juguete tiene acción suave, sin heridas, sin miedo fuerte y con intención cómica.	-3
La escena de una batalla fantástica sin heridas ni sustos puede incluir acción, pero evita cualquier contenido gráfico o cruel.	-3
Buen contenido: video de arte y pintura; me gustó porque es tranquilo y educativo y ideal para una tarde tranquila.	-5
La escena de un choque cómico entre personajes de caricatura puede incluir acción, pero evita cualquier contenido gráfico o cruel.	-3
Se nota que el video de baile infantil es divertido; se entiende fácil y es muy respetuoso y se nota que está pensado con cuidado.	-5
Este video de dibujos animados mantiene un ambiente sano; promueve creatividad y buen ánimo y lo recomendaría para niños.	-5
Me gustó este reto de colores; tiene un mensaje muy amable y aporta algo positivo y sencillo.	-5
Muy buen video de comedia familiar; se entiende fácil y es muy respetuoso, con un mensaje apto para toda la familia.	-5
Comentario positivo sobre el canción para aprender: tiene un mensaje muy amable y perfecto para un ambiente familiar.	-5
Este video de ciencia fácil mantiene un ambiente sano; está muy bien hecho y no tiene nada preocupante y ideal para una tarde tranquila.	-5
Este actividad escolar divertida mantiene un ambiente sano; es divertido sin ser pesado y perfecto para un ambiente familiar.	-5
Me gustó la parte de un concurso de bromas inocentes porque parece competencia sana, con reglas claras y buen humor.	-4
El video usa una carrera de obstáculos con tropiezos suaves como ejemplo de actividad física sana y controlada.	-2
Este video de comedia familiar es sano; es ideal para pasar un buen rato y muy buena opción para contenido seguro.	-5
La escena de una caída cómica sobre colchoneta está presentada con cuidado, como entrenamiento o juego supervisado.	-2
Este video de magia sencilla es entretenido; se entiende fácil y es muy respetuoso y se nota que está pensado con cuidado.	-5
El clip de mascotas tiernas está muy bien logrado; me hizo sonreír de forma sana y perfecto para un ambiente familiar.	-5
El video de naturaleza está muy bien logrado; se entiende fácil y es muy respetuoso y buen contenido para todas las edades.	-5
Este reto de colores mantiene un ambiente sano; me gustó porque es tranquilo y educativo y ideal para una tarde tranquila.	-5
Se nota que el juego de mesa familiar es bonito; es divertido sin ser pesado y muy sano y agradable de ver.	-5
Este video de dibujos animados es respetuoso; se siente alegre y positivo y muy buena opción para contenido seguro.	-5
Comentario positivo sobre el video de lectura infantil: me gustó porque es tranquilo y educativo y aporta algo positivo y sencillo.	-5
El video muestra una simulación de combate como actividad deportiva; tiene acción más intensa, pero sigue siendo simulada, segura y sin daño explícito.	-1
Este video educativo para niños es seguro; es completamente amigable para niños y muy sano y agradable de ver.	-5
El tono del actividad escolar divertida es limpio, limpio y agradable; excelente para un momento tranquilo.	-5
Se nota que el reto de colores es familiar; me pareció perfecto para ver en familia y lo vería otra vez con mi familia.	-5
Comentario positivo sobre el cuento corto animado: es divertido sin ser pesado y perfecto para un ambiente familiar.	-5
El tono del reseña de juguetes es educativo, limpio y agradable; se nota que está pensado con cuidado.	-5
El tono del video de baile infantil es inofensivo, limpio y agradable; buen contenido para todas las edades.	-5
Este video funciona muy bien para niños porque tiene un mensaje muy amable; me encantó el estilo amigable.	-5
Se nota que el video educativo para niños es agradable; es divertido sin ser pesado y aporta algo positivo y sencillo.	-5
La situación de un juego de roles con héroes imaginarios es amigable y deja claro que todo es juego.	-4
Buen contenido: rutina de ejercicio suave; es claro, limpio y entretenido y excelente para un momento tranquilo.	-5
Me gustó este video educativo para niños; está muy bien hecho y no tiene nada preocupante y se nota que está pensado con cuidado.	-5
Buen contenido: video de animales felices; deja una sensación muy positiva y me encantó el estilo amigable.	-5
Se nota que el reto divertido sin peligro es alegre; usa un lenguaje amable y positivo y buen contenido para todas las edades.	-5
Comentario positivo sobre el video de cocina sencilla: me gustó porque es tranquilo y educativo y me encantó el estilo amigable.	-5
Este experimento casero seguro mantiene un ambiente sano; deja una sensación muy positiva y buen contenido para todas las edades.	-5
Este comentario destaca que una batalla fantástica sin heridas ni sustos se siente como juego de niños, no como violencia real.	-3
La escena de una clase de seguridad para evitar golpes está presentada con cuidado, como entrenamiento o juego supervisado.	-2
El tono del video de naturaleza es bonito, limpio y agradable; lo vería otra vez con mi familia.	-5
La parte de una secuencia deportiva intensa pero respetuosa es más movida, pero no muestra consecuencias reales ni detalles sensibles.	-1
El tono del video de ciencia fácil es bonito, limpio y agradable; se nota que está pensado con cuidado.	-5
La escena de un duelo de espadas de espuma se presenta de forma caricaturesca, segura y fácil de entender para niños.	-3
El momento de un choque cómico entre personajes de caricatura es claramente actuado y mantiene una intención divertida.	-3
Comentario positivo sobre el reto de colores: se entiende fácil y es muy respetuoso y muy sano y agradable de ver.	-5
El tutorial para ordenar juguetes está muy bien logrado; tiene un mensaje muy amable y ideal para una tarde tranquila.	-5
Este video tiene un partido amistoso con contacto deportivo, pero se entiende como deporte o actividad controlada.	-2
El tono del actividad de plastilina es creativo, limpio y agradable; muy sano y agradable de ver.	-5
Este video de ciencia fácil mantiene un ambiente sano; tiene un mensaje muy amable y excelente para un momento tranquilo.	-5
El video muestra un juego de roles con héroes imaginarios; se ve como juego familiar, sin agresividad real, y mantiene un tono divertido.	-4
Este tutorial para ordenar juguetes es sano; usa un lenguaje amable y positivo y buen contenido para todas las edades.	-5
Este video de arte y pintura es bonito; me gustó porque es tranquilo y educativo y ideal para una tarde tranquila.	-5
El tono del video educativo para niños es inofensivo, limpio y agradable; aporta algo positivo y sencillo.	-5
El video usa un juego de dodgeball con pelotas blandas como ejemplo de actividad física sana y controlada.	-2
Este video de baile infantil mantiene un ambiente sano; es claro, limpio y entretenido y aporta algo positivo y sencillo.	-5
Comentario positivo sobre el video educativo para niños: es ideal para pasar un buen rato y muy sano y agradable de ver.	-5
Muy buen video de magia sencilla; me gustó porque es tranquilo y educativo, con un mensaje apto para toda la familia.	-5
La parte de un concurso de bromas inocentes es ligera, cómica y no muestra daño real.	-4
El video de naturaleza está muy bien logrado; usa un lenguaje amable y positivo y lo vería otra vez con mi familia.	-5
El video muestra un duelo de caballeros con accesorios de plástico; es ficticio y family friendly, sin daño real y con tono divertido.	-3
Muy buen tutorial para ordenar juguetes; está muy bien hecho y no tiene nada preocupante, con un mensaje apto para toda la familia.	-5
El momento de un enfrentamiento de juguetes animados tiene acción suave, sin heridas, sin miedo fuerte y con intención cómica.	-3
Comentario positivo sobre el video de arte y pintura: transmite una energía muy sana y gran trabajo del creador.	-5
Buen contenido: animación colorida; es claro, limpio y entretenido y lo recomendaría para niños.	-5
Muy buen video musical alegre; está muy bien hecho y no tiene nada preocupante, con un mensaje apto para toda la familia.	-5
El tutorial para ordenar juguetes está muy bien logrado; es completamente amigable para niños y muy buena opción para contenido seguro.	-5
El reto divertido sin peligro está muy bien logrado; me gustó porque es tranquilo y educativo y excelente para un momento tranquilo.	-5
Buen contenido: video de ciencia fácil; es completamente amigable para niños y excelente para un momento tranquilo.	-5
La escena de una escena de acción física explicada como juego está presentada con cuidado, como entrenamiento o juego supervisado.	-2
Este comentario destaca que una pelea de robots animados sin violencia real se siente como juego de niños, no como violencia real.	-3
Este cuento corto animado mantiene un ambiente sano; transmite una energía muy sana y lo recomendaría para niños.	-5
Buen contenido: video de dibujos animados; promueve creatividad y buen ánimo y lo recomendaría para niños.	-5
Hay una batalla fantástica sin heridas ni sustos, pero está tratado de manera amable, ficticia y sin detalles dañinos.	-3
Me gustó la parte de un reto de obstáculos blandos porque parece competencia sana, con reglas claras y buen humor.	-4
Este video funciona muy bien para niños porque usa un lenguaje amable y positivo; gran trabajo del creador.	-5
Se nota que el historia con moraleja es agradable; usa un lenguaje amable y positivo y buen contenido para todas las edades.	-5
Este video de comedia familiar mantiene un ambiente sano; mantiene un tono divertido y seguro y lo vería otra vez con mi familia.	-5
Me gustó este cuento corto animado; me hizo sonreír de forma sana y me encantó el estilo amigable.	-5
El tono del juego de adivinanzas es sano, limpio y agradable; ideal para una tarde tranquila.	-5
Muy buen video educativo para niños; usa un lenguaje amable y positivo, con un mensaje apto para toda la familia.	-5
Muy buen video musical alegre; mantiene un tono divertido y seguro, con un mensaje apto para toda la familia.	-5
Aunque aparece un entrenamiento de defensa con explicación segura, se presenta como fantasía, entrenamiento o juego supervisado.	-1
Este video funciona muy bien para niños porque se siente alegre y positivo; lo vería otra vez con mi familia.	-5
Comentario positivo sobre el reto de colores: se siente alegre y positivo y se nota que está pensado con cuidado.	-5
Este animación colorida mantiene un ambiente sano; promueve creatividad y buen ánimo y aporta algo positivo y sencillo.	-5
Comentario positivo sobre el tutorial de manualidades: no contiene nada fuerte ni inapropiado y me encantó el estilo amigable.	-5
Este video incluye una escena de persecución rápida sin daño visible; puede sentirse más fuerte, aunque sigue en contexto deportivo o ficticio.	-1
Este tutorial para ordenar juguetes mantiene un ambiente sano; usa un lenguaje amable y positivo y buen contenido para todas las edades.	-5
Este video de animales felices es claro; muy bonito y apto para todos y buen contenido para todas las edades.	-5
Muy buen actividad escolar divertida; me gustó porque es tranquilo y educativo, con un mensaje apto para toda la familia.	-5
El video de ciencia fácil está muy bien logrado; me hizo sonreír de forma sana y lo vería otra vez con mi familia.	-5
Este clip de mascotas tiernas es bonito; usa un lenguaje amable y positivo y me encantó el estilo amigable.	-5
Muy buen reseña de juguetes; me pareció perfecto para ver en familia, con un mensaje apto para toda la familia.	-5
Comentario positivo sobre el video educativo para niños: es claro, limpio y entretenido y perfecto para un ambiente familiar.	-5
Muy buen video de dibujos animados; muy bonito y apto para todos, con un mensaje apto para toda la familia.	-5
Este video de cocina sencilla mantiene un ambiente sano; me pareció perfecto para ver en familia y lo recomendaría para niños.	-5
Buen contenido: video de naturaleza; es divertido sin ser pesado y muy buena opción para contenido seguro.	-5
El actividad de plastilina está muy bien logrado; es divertido sin ser pesado y gran trabajo del creador.	-5
Muy buen video de ciencia fácil; es claro, limpio y entretenido, con un mensaje apto para toda la familia.	-5
Buen contenido: canción para aprender; muy bonito y apto para todos y ideal para una tarde tranquila.	-5
Este video de cocina sencilla es amigable; no contiene nada fuerte ni inapropiado y se nota que está pensado con cuidado.	-5
Este video incluye un combate deportivo intenso con reglas claras; puede sentirse más fuerte, aunque sigue en contexto deportivo o ficticio.	-1
Buen contenido: video de origami; está muy bien hecho y no tiene nada preocupante y me encantó el estilo amigable.	-5
La parte de una competencia de chistes entre amigos es ligera, cómica y no muestra daño real.	-4
Se nota que el video de dibujos animados es tranquilo; muy bonito y apto para todos y ideal para una tarde tranquila.	-5
Aunque aparece un duelo de entrenamiento con equipo completo, se presenta como fantasía, entrenamiento o juego supervisado.	-1
Este video de magia sencilla es amigable; usa un lenguaje amable y positivo y aporta algo positivo y sencillo.	-5
Se nota que el video de naturaleza es respetuoso; transmite una energía muy sana y se nota que está pensado con cuidado.	-5
Este video funciona muy bien para niños porque usa un lenguaje amable y positivo; lo vería otra vez con mi familia.	-5
Se nota que el tutorial para ordenar juguetes es agradable; tiene un mensaje muy amable y muy sano y agradable de ver.	-5
Este video incluye una escena de persecución rápida sin daño visible; puede sentirse más fuerte, aunque sigue en contexto deportivo o ficticio.	-1
El video incluye una caída cómica sobre colchoneta; muestra acción física sana, con protección, reglas y supervisión.	-2
Este reseña de juguetes es educativo; está muy bien hecho y no tiene nada preocupante y muy sano y agradable de ver.	-5
El tono del actividad de plastilina es tranquilo, limpio y agradable; perfecto para un ambiente familiar.	-5
Este tutorial de manualidades mantiene un ambiente sano; es ideal para pasar un buen rato y muy sano y agradable de ver.	-5
Buen contenido: juego de adivinanzas; tiene un mensaje muy amable y se nota que está pensado con cuidado.	-5
Este reto divertido sin peligro mantiene un ambiente sano; mantiene un tono divertido y seguro y lo vería otra vez con mi familia.	-5
Comentario positivo sobre el broma inocente: mantiene un tono divertido y seguro y lo recomendaría para niños.	-5
Me gustó la parte de un juego de captura la bandera sin contacto porque parece competencia sana, con reglas claras y buen humor.	-4
El video muestra un concurso de bromas inocentes; se ve como juego familiar, sin agresividad real, y mantiene un tono divertido.	-4
El video convierte una competencia ninja infantil con colchonetas en aventura familiar, con respeto y sin consecuencias graves.	-3
Buen video con una discusión cómica que termina en amistad; todo se siente controlado, alegre y family friendly.	-4
El video usa un juego de roles con héroes imaginarios como recurso cómico, sin contenido fuerte ni preocupante.	-4
El video muestra una escena de villano caricaturesco sin sustos fuertes; es ficticio y family friendly, sin daño real y con tono divertido.	-3
Me gustó la parte de un reto de almohadas de juguete porque parece competencia sana, con reglas claras y buen humor.	-4
Muy buen experimento casero seguro; me hizo sonreír de forma sana, con un mensaje apto para toda la familia.	-5
Se nota que el tutorial de manualidades es sano; promueve creatividad y buen ánimo y lo recomendaría para niños.	-5
Me gustó este cuento corto animado; deja una sensación muy positiva y muy buena opción para contenido seguro.	-5
Este video funciona muy bien para niños porque se entiende fácil y es muy respetuoso; muy buena opción para contenido seguro.	-5
La parte de una batalla de bolas de nieve en tono cómico es moderada y claramente de fantasía, con un ambiente positivo.	-3
El tono del tutorial para ordenar juguetes es tranquilo, limpio y agradable; ideal para una tarde tranquila.	-5
La parte de una clase de karate infantil con protección puede ser intensa para algunos niños, pero no muestra daño explícito ni crueldad.	-2
Hay un duelo de entrenamiento con equipo completo, pero el contenido evita detalles fuertes y mantiene un enfoque seguro.	-1
El video de magia sencilla está muy bien logrado; no contiene nada fuerte ni inapropiado y perfecto para un ambiente familiar.	-5
Este historia con moraleja mantiene un ambiente sano; transmite una energía muy sana y se nota que está pensado con cuidado.	-5
Muy buen video educativo para niños; me hizo sonreír de forma sana, con un mensaje apto para toda la familia.	-5
Este juego de mesa familiar es limpio; mantiene un tono divertido y seguro y buen contenido para todas las edades.	-5
Este video funciona muy bien para niños porque se siente alegre y positivo; ideal para una tarde tranquila.	-5
Se nota que el rutina de ejercicio suave es educativo; me hizo sonreír de forma sana y ideal para una tarde tranquila.	-5
Me gustó este video de ciencia fácil; está muy bien hecho y no tiene nada preocupante y perfecto para un ambiente familiar.	-5
Comentario positivo sobre el video de dibujos animados: transmite una energía muy sana y me encantó el estilo amigable.	-5
El momento de un reto de almohadas de juguete tiene conflicto muy leve, pero sigue siendo sano y familiar.	-4
Hay un enfrentamiento de juguetes animados, pero está tratado de manera amable, ficticia y sin detalles dañinos.	-3
El momento de un juego de persecución en caricatura tiene conflicto muy leve, pero sigue siendo sano y familiar.	-4
La escena de un combate de artes marciales con protección y respeto se presenta de forma caricaturesca, segura y fácil de entender para niños.	-3
El tono del rutina de ejercicio suave es alegre, limpio y agradable; me encantó el estilo amigable.	-5
Comentario positivo sobre el cuento corto animado: deja una sensación muy positiva y muy buena opción para contenido seguro.	-5
El video muestra una competencia ninja infantil con colchonetas; es ficticio y family friendly, sin daño real y con tono divertido.	-3
Este experimento casero seguro mantiene un ambiente sano; se siente alegre y positivo y ideal para una tarde tranquila.	-5
El tono del clip de mascotas tiernas es ligero, limpio y agradable; buen contenido para todas las edades.	-5
El video convierte una pelea de robots animados sin violencia real en aventura familiar, con respeto y sin consecuencias graves.	-3
Este video educativo para niños es seguro; está muy bien hecho y no tiene nada preocupante y se nota que está pensado con cuidado.	-5
Buen contenido: clip de mascotas tiernas; es divertido sin ser pesado y gran trabajo del creador.	-5
El tono del video de magia sencilla es inofensivo, limpio y agradable; muy buena opción para contenido seguro.	-5
Este broma inocente es divertido; deja una sensación muy positiva y aporta algo positivo y sencillo.	-5
Hay un duelo de espadas de espuma, pero está tratado de manera amable, ficticia y sin detalles dañinos.	-3
El animación colorida está muy bien logrado; es ideal para pasar un buen rato y lo recomendaría para niños.	-5
Se nota que el tutorial de manualidades es inofensivo; tiene un mensaje muy amable y excelente para un momento tranquilo.	-5
El tutorial para ordenar juguetes está muy bien logrado; no contiene nada fuerte ni inapropiado y muy buena opción para contenido seguro.	-5
El video muestra un concurso de bromas inocentes; se ve como juego familiar, sin agresividad real, y mantiene un tono divertido.	-4
Se nota que el historia con moraleja es educativo; mantiene un tono divertido y seguro y gran trabajo del creador.	-5
Me gustó este video de comedia familiar; es divertido sin ser pesado y gran trabajo del creador.	-5
La escena de una práctica de artes marciales con contacto controlado puede parecer intensa, pero queda claro que es actuación, deporte o caricatura.	-1
El momento de un reto de almohadas de juguete tiene conflicto muy leve, pero sigue siendo sano y familiar.	-4
El video muestra una batalla fantástica sin heridas ni sustos; es ficticio y family friendly, sin daño real y con tono divertido.	-3
Este video funciona muy bien para niños porque transmite una energía muy sana; se nota que está pensado con cuidado.	-5
Me gustó este video de ciencia fácil; deja una sensación muy positiva y lo recomendaría para niños.	-5
La escena de un enfrentamiento de juguetes animados se presenta de forma caricaturesca, segura y fácil de entender para niños.	-3
La parte de un juego de dodgeball con pelotas blandas puede ser intensa para algunos niños, pero no muestra daño explícito ni crueldad.	-2
Este video tiene un juego de dodgeball con pelotas blandas, pero se entiende como deporte o actividad controlada.	-2
El video convierte una escena de acción tipo caricatura educativa en aventura familiar, con respeto y sin consecuencias graves.	-3
Muy buen reto de colores; promueve creatividad y buen ánimo, con un mensaje apto para toda la familia.	-5
Muy buen video de ciencia fácil; es completamente amigable para niños, con un mensaje apto para toda la familia.	-5
Este video de dibujos animados mantiene un ambiente sano; deja una sensación muy positiva y perfecto para un ambiente familiar.	-5
Este actividad de plastilina mantiene un ambiente sano; usa un lenguaje amable y positivo y muy sano y agradable de ver.	-5
Comentario positivo sobre el rutina de ejercicio suave: tiene un mensaje muy amable y me encantó el estilo amigable.	-5
Muy buen reseña de juguetes; es completamente amigable para niños, con un mensaje apto para toda la familia.	-5
La escena de una rivalidad ligera entre personajes amables es muy suave y apta para niños, más como juego que como pelea.	-4
La escena de una competencia de chistes entre amigos es muy suave y apta para niños, más como juego que como pelea.	-4
Me gustó este video de origami; es ideal para pasar un buen rato y me encantó el estilo amigable.	-5
La parte de una batalla de juguete con reglas y supervisión requiere más criterio, pero sigue siendo family friendly y no gráfica.	-1
La escena de una rivalidad ligera entre personajes amables parece una broma inocente entre amigos y se mantiene muy cuidada.	-4
El video de cocina sencilla está muy bien logrado; es claro, limpio y entretenido y ideal para una tarde tranquila.	-5
El video muestra una batalla fantástica sin heridas ni sustos; es ficticio y family friendly, sin daño real y con tono divertido.	-3
Buen video con una rivalidad ligera entre personajes amables; todo se siente controlado, alegre y family friendly.	-4
Se nota que el tutorial de manualidades es seguro; me pareció perfecto para ver en familia y muy buena opción para contenido seguro.	-5
El momento de un duelo de baile con reglas claras tiene conflicto muy leve, pero sigue siendo sano y familiar.	-4
Este video tiene una competencia de esgrima con equipo protector, pero se entiende como deporte o actividad controlada.	-2
Comentario positivo sobre el juego de mesa familiar: mantiene un tono divertido y seguro y me encantó el estilo amigable.	-5
La escena de un juego de captura la bandera sin contacto parece una broma inocente entre amigos y se mantiene muy cuidada.	-4
Muy buen actividad escolar divertida; promueve creatividad y buen ánimo, con un mensaje apto para toda la familia.	-5
La situación de un juego de roles con héroes imaginarios es amigable y deja claro que todo es juego.	-4
El tono del tutorial de manualidades es limpio, limpio y agradable; se nota que está pensado con cuidado.	-5
El tono del juego de mesa familiar es educativo, limpio y agradable; lo recomendaría para niños.	-5
Este video educativo para niños es alegre; me gustó porque es tranquilo y educativo y ideal para una tarde tranquila.	-5
Muy buen canción para aprender; me hizo sonreír de forma sana, con un mensaje apto para toda la familia.	-5
Buen contenido: video de origami; usa un lenguaje amable y positivo y gran trabajo del creador.	-5
Se nota que el video de arte y pintura es alegre; usa un lenguaje amable y positivo y se nota que está pensado con cuidado.	-5
El broma inocente está muy bien logrado; promueve creatividad y buen ánimo y muy sano y agradable de ver.	-5
Me gustó este video de dibujos animados; deja una sensación muy positiva y muy sano y agradable de ver.	-5
Comentario positivo sobre el video musical alegre: es claro, limpio y entretenido y me encantó el estilo amigable.	-5
Se nota que el video de naturaleza es seguro; deja una sensación muy positiva y perfecto para un ambiente familiar.	-5
La escena de una práctica deportiva con contacto controlado tiene contacto leve, sin intención de hacer daño y con tono educativo.	-2
La escena de una simulación de combate como actividad deportiva es la parte con más acción, pero no hay sangre, crueldad ni daño real.	-1
Muy buen video de magia sencilla; es divertido sin ser pesado, con un mensaje apto para toda la familia.	-5
Este experimento casero seguro es limpio; se siente alegre y positivo y perfecto para un ambiente familiar.	-5
El tono del clip de mascotas tiernas es inofensivo, limpio y agradable; me encantó el estilo amigable.	-5
Este video funciona muy bien para niños porque me pareció perfecto para ver en familia; excelente para un momento tranquilo.	-5
El video educativo para niños está muy bien logrado; es claro, limpio y entretenido y lo recomendaría para niños.	-5
El video usa un reto de obstáculos blandos como recurso cómico, sin contenido fuerte ni preocupante.	-4
Aunque aparece un duelo de piratas de juguete, todo se presenta como juego imaginario y apto para familia.	-3
El video de ciencia fácil está muy bien logrado; me pareció perfecto para ver en familia y ideal para una tarde tranquila.	-5
La escena de una competencia de chistes entre amigos parece una broma inocente entre amigos y se mantiene muy cuidada.	-4
El momento de un juego de batalla ficticia con armas de espuma tiene energía alta, aunque se mantiene ficticio, deportivo y apto.	-1
Buen contenido: video de magia sencilla; deja una sensación muy positiva y me encantó el estilo amigable.	-5
La escena de una escena de acción tipo caricatura educativa se presenta de forma caricaturesca, segura y fácil de entender para niños.	-3
El video convierte una batalla de bolas de nieve en tono cómico en aventura familiar, con respeto y sin consecuencias graves.	-3
Me gustó este video de animales felices; promueve creatividad y buen ánimo y muy buena opción para contenido seguro.	-5
La parte de una batalla de globos de agua en familia es ligera, cómica y no muestra daño real.	-4
El video muestra un reto de almohadas de juguete; se ve como juego familiar, sin agresividad real, y mantiene un tono divertido.	-4
La escena de una caída cómica sobre colchoneta está presentada con cuidado, como entrenamiento o juego supervisado.	-2
Comentario positivo sobre el experimento casero seguro: tiene un mensaje muy amable y lo recomendaría para niños.	-5
El tono del video de dibujos animados es divertido, limpio y agradable; gran trabajo del creador.	-5
El video musical alegre está muy bien logrado; es claro, limpio y entretenido y me encantó el estilo amigable.	-5
Este video de cocina sencilla mantiene un ambiente sano; no contiene nada fuerte ni inapropiado y perfecto para un ambiente familiar.	-5
El video muestra un combate de artes marciales con protección y respeto; es ficticio y family friendly, sin daño real y con tono divertido.	-3
El video usa una competencia de chistes entre amigos como recurso cómico, sin contenido fuerte ni preocupante.	-4
Este video de comedia familiar mantiene un ambiente sano; me pareció perfecto para ver en familia y me encantó el estilo amigable.	-5
La situación de un duelo de magia ficticia es amigable y deja claro que todo es juego.	-4
Este video de baile infantil es entretenido; deja una sensación muy positiva y ideal para una tarde tranquila.	-5
La parte de un entrenamiento de boxeo con guantes y reglas puede ser intensa para algunos niños, pero no muestra daño explícito ni crueldad.	-2
La escena de un reto de obstáculos blandos es muy suave y apta para niños, más como juego que como pelea.	-4
Muy buen video de comedia familiar; mantiene un tono divertido y seguro, con un mensaje apto para toda la familia.	-5
Este video funciona muy bien para niños porque me gustó porque es tranquilo y educativo; muy buena opción para contenido seguro.	-5
Este video funciona muy bien para niños porque usa un lenguaje amable y positivo; ideal para una tarde tranquila.	-5
Se nota que el video de comedia familiar es limpio; transmite una energía muy sana y aporta algo positivo y sencillo.	-5
Este video incluye una secuencia deportiva intensa pero respetuosa; puede sentirse más fuerte, aunque sigue en contexto deportivo o ficticio.	-1
Este video de comedia familiar es seguro; no contiene nada fuerte ni inapropiado y aporta algo positivo y sencillo.	-5
Este broma inocente mantiene un ambiente sano; me hizo sonreír de forma sana y se nota que está pensado con cuidado.	-5
La parte de un desafío de risas entre primos es ligera, cómica y no muestra daño real.	-4
Se nota que el video de naturaleza es familiar; es completamente amigable para niños y me encantó el estilo amigable.	-5
Este video de comedia familiar es entretenido; mantiene un tono divertido y seguro y muy buena opción para contenido seguro.	-5
El tono del reseña de juguetes es seguro, limpio y agradable; ideal para una tarde tranquila.	-5
Comentario positivo sobre el historia con moraleja: muy bonito y apto para todos y gran trabajo del creador.	-5
Me gustó este video musical alegre; es claro, limpio y entretenido y gran trabajo del creador.	-5
Este juego de adivinanzas es tranquilo; es completamente amigable para niños y gran trabajo del creador.	-5
La escena de una competencia ninja infantil con colchonetas se presenta de forma caricaturesca, segura y fácil de entender para niños.	-3
Este video funciona muy bien para niños porque me pareció perfecto para ver en familia; buen contenido para todas las edades.	-5
El video convierte un reto de defensa personal explicado como deporte en aventura familiar, con respeto y sin consecuencias graves.	-3
Aunque hay un entrenamiento de boxeo con guantes y reglas, el contexto es seguro, deportivo y respetuoso.	-2
Me gustó la parte de un juego de persecución en caricatura porque parece competencia sana, con reglas claras y buen humor.	-4
Este comentario destaca que un combate de artes marciales con protección y respeto se siente como juego de niños, no como violencia real.	-3
Buen contenido: animación colorida; es ideal para pasar un buen rato y buen contenido para todas las edades.	-5
El video de baile infantil está muy bien logrado; me gustó porque es tranquilo y educativo y muy buena opción para contenido seguro.	-5
El tono del reto divertido sin peligro es educativo, limpio y agradable; me encantó el estilo amigable.	-5
Comentario positivo sobre el reseña de juguetes: muy bonito y apto para todos y lo recomendaría para niños.	-5
Este video de dibujos animados es ligero; transmite una energía muy sana y ideal para una tarde tranquila.	-5
La parte de una lucha olímpica explicada como deporte tiene movimiento físico, aunque todo sucede en un ambiente cuidado.	-2
La parte de un reto de defensa personal explicado como deporte es moderada y claramente de fantasía, con un ambiente positivo.	-3
El video muestra una batalla fantástica con efectos de caricatura; tiene acción más intensa, pero sigue siendo simulada, segura y sin daño explícito.	-1
Hay una práctica deportiva con contacto controlado, pero se mantiene en un entorno sano, con reglas claras y sin violencia realista.	-2
El experimento casero seguro está muy bien logrado; es divertido sin ser pesado y muy buena opción para contenido seguro.	-5
El reto divertido sin peligro está muy bien logrado; me pareció perfecto para ver en familia y me encantó el estilo amigable.	-5
Este video de naturaleza mantiene un ambiente sano; es ideal para pasar un buen rato y gran trabajo del creador.	-5
Buen contenido: video de lectura infantil; es ideal para pasar un buen rato y ideal para una tarde tranquila.	-5
La parte de una rivalidad ligera entre personajes amables es ligera, cómica y no muestra daño real.	-4
Comentario positivo sobre el clip de mascotas tiernas: está muy bien hecho y no tiene nada preocupante y muy buena opción para contenido seguro.	-5
Este video musical alegre mantiene un ambiente sano; es completamente amigable para niños y me encantó el estilo amigable.	-5
La escena de una batalla de juguete con reglas y supervisión es la parte con más acción, pero no hay sangre, crueldad ni daño real.	-1
Buen contenido: video de naturaleza; me pareció perfecto para ver en familia y buen contenido para todas las edades.	-5
La escena de un duelo de piratas de juguete puede incluir acción, pero evita cualquier contenido gráfico o cruel.	-3
Buen contenido: actividad escolar divertida; tiene un mensaje muy amable y lo vería otra vez con mi familia.	-5
Se nota que el video de comedia familiar es creativo; promueve creatividad y buen ánimo y me encantó el estilo amigable.	-5
El actividad de plastilina está muy bien logrado; se siente alegre y positivo y perfecto para un ambiente familiar.	-5
Muy buen reto divertido sin peligro; es divertido sin ser pesado, con un mensaje apto para toda la familia.	-5
Me gustó este video de magia sencilla; muy bonito y apto para todos y ideal para una tarde tranquila.	-5
Se nota que el video de naturaleza es familiar; deja una sensación muy positiva y ideal para una tarde tranquila.	-5
El momento de una aventura de héroes con golpes simulados tiene acción suave, sin heridas, sin miedo fuerte y con intención cómica.	-3
Este rutina de ejercicio suave es seguro; es divertido sin ser pesado y ideal para una tarde tranquila.	-5
Me gustó este video de magia sencilla; me pareció perfecto para ver en familia y me encantó el estilo amigable.	-5
Comentario positivo sobre el actividad de plastilina: usa un lenguaje amable y positivo y excelente para un momento tranquilo.	-5
Aunque hay una caída cómica sobre colchoneta, el contexto es seguro, deportivo y respetuoso.	-2
La parte de una batalla fantástica sin heridas ni sustos es moderada y claramente de fantasía, con un ambiente positivo.	-3
Me gustó este video de cocina sencilla; es divertido sin ser pesado y ideal para una tarde tranquila.	-5
El video de ciencia fácil está muy bien logrado; es ideal para pasar un buen rato y lo recomendaría para niños.	-5
Me gustó este canción para aprender; está muy bien hecho y no tiene nada preocupante y lo recomendaría para niños.	-5
La parte de una discusión cómica que termina en amistad es ligera, cómica y no muestra daño real.	-4
Buen contenido: video de animales felices; es completamente amigable para niños y gran trabajo del creador.	-5
El momento de un duelo de espadas de espuma es claramente actuado y mantiene una intención divertida.	-3
Este video musical alegre mantiene un ambiente sano; deja una sensación muy positiva y lo vería otra vez con mi familia.	-5
El video de cocina sencilla está muy bien logrado; promueve creatividad y buen ánimo y muy sano y agradable de ver.	-5
El tutorial para ordenar juguetes está muy bien logrado; mantiene un tono divertido y seguro y se nota que está pensado con cuidado.	-5
El momento de una batalla de almohadas muy suave es claramente actuado y mantiene una intención divertida.	-3
El tono del reseña de juguetes es limpio, limpio y agradable; gran trabajo del creador.	-5
Se nota que el video de cocina sencilla es respetuoso; usa un lenguaje amable y positivo y lo recomendaría para niños.	-5
Este video de arte y pintura es claro; está muy bien hecho y no tiene nada preocupante y lo recomendaría para niños.	-5
El tono del video de naturaleza es seguro, limpio y agradable; muy buena opción para contenido seguro.	-5
Me gustó este actividad de plastilina; se entiende fácil y es muy respetuoso y se nota que está pensado con cuidado.	-5
La parte de un reto de coordinación con movimiento rápido puede ser intensa para algunos niños, pero no muestra daño explícito ni crueldad.	-2
Comentario positivo sobre el reto divertido sin peligro: es claro, limpio y entretenido y gran trabajo del creador.	-5
Me gustó la parte de una competencia de disfraces de superhéroes porque parece competencia sana, con reglas claras y buen humor.	-4
El momento de una competencia de videojuegos infantiles tiene conflicto muy leve, pero sigue siendo sano y familiar.	-4
Muy buen actividad de plastilina; mantiene un tono divertido y seguro, con un mensaje apto para toda la familia.	-5
El video educativo para niños está muy bien logrado; se entiende fácil y es muy respetuoso y lo recomendaría para niños.	-5
La escena de un reto de obstáculos blandos parece una broma inocente entre amigos y se mantiene muy cuidada.	-4
El tono del video musical alegre es respetuoso, limpio y agradable; lo recomendaría para niños.	-5
Comentario positivo sobre el reto divertido sin peligro: está muy bien hecho y no tiene nada preocupante y perfecto para un ambiente familiar.	-5
Se nota que el clip de mascotas tiernas es inofensivo; se siente alegre y positivo y excelente para un momento tranquilo.	-5
El broma inocente está muy bien logrado; transmite una energía muy sana y me encantó el estilo amigable.	-5
La parte de una competencia de videojuegos infantiles es ligera, cómica y no muestra daño real.	-4
Muy buen canción para aprender; se entiende fácil y es muy respetuoso, con un mensaje apto para toda la familia.	-5
Se nota que el video de dibujos animados es amigable; es completamente amigable para niños y ideal para una tarde tranquila.	-5
El tono del video de origami es seguro, limpio y agradable; me encantó el estilo amigable.	-5
El tono del rutina de ejercicio suave es agradable, limpio y agradable; ideal para una tarde tranquila.	-5
Este video funciona muy bien para niños porque se entiende fácil y es muy respetuoso; lo recomendaría para niños.	-5
Este video de magia sencilla mantiene un ambiente sano; mantiene un tono divertido y seguro y muy buena opción para contenido seguro.	-5
Me gustó este video de magia sencilla; mantiene un tono divertido y seguro y excelente para un momento tranquilo.	-5
Buen contenido: video de lectura infantil; es divertido sin ser pesado y gran trabajo del creador.	-5
La escena de una batalla fantástica con efectos de caricatura es la parte con más acción, pero no hay sangre, crueldad ni daño real.	-1
El momento de un juego de captura la bandera sin contacto tiene conflicto muy leve, pero sigue siendo sano y familiar.	-4
El tono del video de baile infantil es divertido, limpio y agradable; muy sano y agradable de ver.	-5
Este video funciona muy bien para niños porque es ideal para pasar un buen rato; muy buena opción para contenido seguro.	-5
La parte de un juego de roles con héroes imaginarios es ligera, cómica y no muestra daño real.	-4
Buen contenido: animación colorida; está muy bien hecho y no tiene nada preocupante y excelente para un momento tranquilo.	-5
Este video funciona muy bien para niños porque es ideal para pasar un buen rato; gran trabajo del creador.	-5
El animación colorida está muy bien logrado; deja una sensación muy positiva y me encantó el estilo amigable.	-5
El video muestra un juego de persecución en caricatura; se ve como juego familiar, sin agresividad real, y mantiene un tono divertido.	-4
Muy buen video de magia sencilla; está muy bien hecho y no tiene nada preocupante, con un mensaje apto para toda la familia.	-5
Este video de origami mantiene un ambiente sano; transmite una energía muy sana y buen contenido para todas las edades.	-5
Este video de naturaleza mantiene un ambiente sano; es ideal para pasar un buen rato y lo recomendaría para niños.	-5
El broma inocente está muy bien logrado; tiene un mensaje muy amable y buen contenido para todas las edades.	-5
La escena de una competencia de chistes entre amigos es muy suave y apta para niños, más como juego que como pelea.	-4
Este comentario destaca que un combate de artes marciales con protección y respeto se siente como juego de niños, no como violencia real.	-3
El momento de una escena de robots chocando en animación infantil tiene energía alta, aunque se mantiene ficticio, deportivo y apto.	-1
El video incluye una secuencia deportiva intensa pero respetuosa, con contacto controlado y sin contenido realmente peligroso.	-1
Se nota que el clip de mascotas tiernas es ligero; transmite una energía muy sana y buen contenido para todas las edades.	-5
La parte de una secuencia de superhéroes simulada sin heridas es más movida, pero no muestra consecuencias reales ni detalles sensibles.	-1
Se nota que el reto divertido sin peligro es sano; es divertido sin ser pesado y aporta algo positivo y sencillo.	-5
Este animación colorida mantiene un ambiente sano; se entiende fácil y es muy respetuoso y gran trabajo del creador.	-5
Este video incluye una secuencia deportiva intensa pero respetuosa; puede sentirse más fuerte, aunque sigue en contexto deportivo o ficticio.	-1
Muy buen broma inocente; deja una sensación muy positiva, con un mensaje apto para toda la familia.	-5
Este video funciona muy bien para niños porque usa un lenguaje amable y positivo; lo vería otra vez con mi familia.	-5
Me gustó este actividad de plastilina; es divertido sin ser pesado y muy sano y agradable de ver.	-5
Buen contenido: video de ciencia fácil; se entiende fácil y es muy respetuoso y lo vería otra vez con mi familia.	-5
La situación de un juego de roles con héroes imaginarios es amigable y deja claro que todo es juego.	-4
Hay una práctica deportiva con contacto controlado, pero se mantiene en un entorno sano, con reglas claras y sin violencia realista.	-2
Muy buen tutorial para ordenar juguetes; me gustó porque es tranquilo y educativo, con un mensaje apto para toda la familia.	-5
Me gustó este video de origami; me hizo sonreír de forma sana y perfecto para un ambiente familiar.	-5
El video muestra una competencia ninja infantil con colchonetas; es ficticio y family friendly, sin daño real y con tono divertido.	-3
Buen contenido: experimento casero seguro; es claro, limpio y entretenido y me encantó el estilo amigable.	-5
Muy buen video de ciencia fácil; me hizo sonreír de forma sana, con un mensaje apto para toda la familia.	-5
Este comentario destaca que una escena de acción tipo caricatura educativa se siente como juego de niños, no como violencia real.	-3
Buen contenido: video de magia sencilla; está muy bien hecho y no tiene nada preocupante y buen contenido para todas las edades.	-5
Me gustó este video de magia sencilla; es completamente amigable para niños y muy sano y agradable de ver.	-5
El tono del video de dibujos animados es tranquilo, limpio y agradable; ideal para una tarde tranquila.	-5
Muy buen clip de mascotas tiernas; es ideal para pasar un buen rato, con un mensaje apto para toda la familia.	-5
Este video funciona muy bien para niños porque me hizo sonreír de forma sana; perfecto para un ambiente familiar.	-5
Se nota que el historia con moraleja es ligero; me pareció perfecto para ver en familia y aporta algo positivo y sencillo.	-5
Buen contenido: video de ciencia fácil; mantiene un tono divertido y seguro y perfecto para un ambiente familiar.	-5
La parte de un partido de fútbol con choques accidentales leves puede ser intensa para algunos niños, pero no muestra daño explícito ni crueldad.	-2
Aunque aparece un desafío de risas entre primos, el mensaje es de amistad, respeto y diversión segura.	-4
La situación de un juego de roles con héroes imaginarios es amigable y deja claro que todo es juego.	-4
El tono del experimento casero seguro es sano, limpio y agradable; perfecto para un ambiente familiar.	-5
Comentario positivo sobre el reto divertido sin peligro: es claro, limpio y entretenido y ideal para una tarde tranquila.	-5
Este video funciona muy bien para niños porque es claro, limpio y entretenido; muy buena opción para contenido seguro.	-5
Este video funciona muy bien para niños porque se siente alegre y positivo; muy buena opción para contenido seguro.	-5
Comentario positivo sobre el video de dibujos animados: es divertido sin ser pesado y buen contenido para todas las edades.	-5
Buen contenido: video de dibujos animados; es claro, limpio y entretenido y lo vería otra vez con mi familia.	-5
Me gustó la parte de un duelo de magia ficticia porque parece competencia sana, con reglas claras y buen humor.	-4
Comentario positivo sobre el video de arte y pintura: me gustó porque es tranquilo y educativo y buen contenido para todas las edades.	-5
Este video de lectura infantil mantiene un ambiente sano; me hizo sonreír de forma sana y perfecto para un ambiente familiar.	-5
El video de naturaleza está muy bien logrado; tiene un mensaje muy amable y muy sano y agradable de ver.	-5
El tono del reto divertido sin peligro es claro, limpio y agradable; buen contenido para todas las edades.	-5
La parte de una caída cómica sobre colchoneta puede ser intensa para algunos niños, pero no muestra daño explícito ni crueldad.	-2
Aunque aparece una aventura de héroes con golpes simulados, todo se presenta como juego imaginario y apto para familia.	-3
Este video funciona muy bien para niños porque usa un lenguaje amable y positivo; perfecto para un ambiente familiar.	-5
Comentario positivo sobre el historia con moraleja: no contiene nada fuerte ni inapropiado y muy buena opción para contenido seguro.	-5
La escena de un duelo de baile con reglas claras es muy suave y apta para niños, más como juego que como pelea.	-4
La parte de una lucha olímpica explicada como deporte puede ser intensa para algunos niños, pero no muestra daño explícito ni crueldad.	-2
Este video de magia sencilla es bonito; transmite una energía muy sana y perfecto para un ambiente familiar.	-5
El momento de una batalla fantástica sin heridas ni sustos tiene acción suave, sin heridas, sin miedo fuerte y con intención cómica.	-3
Aunque aparece un juego de persecución en caricatura, el mensaje es de amistad, respeto y diversión segura.	-4
Comentario positivo sobre el video de dibujos animados: transmite una energía muy sana y buen contenido para todas las edades.	-5
Muy buen historia con moraleja; es claro, limpio y entretenido, con un mensaje apto para toda la familia.	-5
Este tutorial para ordenar juguetes mantiene un ambiente sano; usa un lenguaje amable y positivo y perfecto para un ambiente familiar.	-5
El tono del juego de adivinanzas es entretenido, limpio y agradable; muy buena opción para contenido seguro.	-5
Comentario positivo sobre el actividad de plastilina: me pareció perfecto para ver en familia y perfecto para un ambiente familiar.	-5
Este actividad de plastilina es divertido; tiene un mensaje muy amable y gran trabajo del creador.	-5
Buen contenido: video de comedia familiar; deja una sensación muy positiva y excelente para un momento tranquilo.	-5
Muy buen juego de mesa familiar; tiene un mensaje muy amable, con un mensaje apto para toda la familia.	-5
Este video educativo para niños mantiene un ambiente sano; me pareció perfecto para ver en familia y lo recomendaría para niños.	-5
Comentario positivo sobre el historia con moraleja: se entiende fácil y es muy respetuoso y excelente para un momento tranquilo.	-5
La escena de una escena de villano caricaturesco sin sustos fuertes se presenta de forma caricaturesca, segura y fácil de entender para niños.	-3
Buen contenido: actividad escolar divertida; me gustó porque es tranquilo y educativo y lo vería otra vez con mi familia.	-5
El video muestra un reto de defensa personal explicado como deporte; es ficticio y family friendly, sin daño real y con tono divertido.	-3
La escena de una práctica deportiva con contacto controlado tiene contacto leve, sin intención de hacer daño y con tono educativo.	-2
Comentario positivo sobre el video de lectura infantil: transmite una energía muy sana y muy buena opción para contenido seguro.	-5
Comentario positivo sobre el actividad escolar divertida: me hizo sonreír de forma sana y muy buena opción para contenido seguro.	-5
Muy buen tutorial de manualidades; no contiene nada fuerte ni inapropiado, con un mensaje apto para toda la familia.	-5
Buen contenido: canción para aprender; muy bonito y apto para todos y gran trabajo del creador.	-5
La escena de un entrenamiento de boxeo con guantes y reglas tiene contacto leve, sin intención de hacer daño y con tono educativo.	-2
Me gustó este juego de mesa familiar; no contiene nada fuerte ni inapropiado y aporta algo positivo y sencillo.	-5
El tono del actividad escolar divertida es bonito, limpio y agradable; aporta algo positivo y sencillo.	-5
Buen contenido: juego de mesa familiar; es ideal para pasar un buen rato y gran trabajo del creador.	-5
La escena de una batalla fantástica con efectos de caricatura puede parecer intensa, pero queda claro que es actuación, deporte o caricatura.	-1
La escena de una batalla de rap limpia y divertida es muy suave y apta para niños, más como juego que como pelea.	-4
Muy buen experimento casero seguro; muy bonito y apto para todos, con un mensaje apto para toda la familia.	-5
Se nota que el video de comedia familiar es familiar; usa un lenguaje amable y positivo y me encantó el estilo amigable.	-5
La escena de un juego de dodgeball con pelotas blandas tiene contacto leve, sin intención de hacer daño y con tono educativo.	-2
El momento de un desafío de risas entre primos tiene conflicto muy leve, pero sigue siendo sano y familiar.	-4
Comentario positivo sobre el tutorial de manualidades: me gustó porque es tranquilo y educativo y buen contenido para todas las edades.	-5
Se nota que el reto divertido sin peligro es amigable; deja una sensación muy positiva y aporta algo positivo y sencillo.	-5
Comentario positivo sobre el broma inocente: transmite una energía muy sana y muy sano y agradable de ver.	-5
Muy buen video de magia sencilla; se entiende fácil y es muy respetuoso, con un mensaje apto para toda la familia.	-5
Este video educativo para niños es familiar; muy bonito y apto para todos y muy sano y agradable de ver.	-5
El actividad escolar divertida está muy bien logrado; me hizo sonreír de forma sana y muy buena opción para contenido seguro.	-5
Me gustó este experimento casero seguro; mantiene un tono divertido y seguro y buen contenido para todas las edades.	-5
Me gustó este juego de mesa familiar; deja una sensación muy positiva y me encantó el estilo amigable.	-5
Muy buen actividad de plastilina; se siente alegre y positivo, con un mensaje apto para toda la familia.	-5
Aunque aparece una escena de choque ficticio con tono de caricatura, se presenta como fantasía, entrenamiento o juego supervisado.	-1
Me gustó este video musical alegre; es claro, limpio y entretenido y muy buena opción para contenido seguro.	-5
Este video de naturaleza es creativo; me hizo sonreír de forma sana y aporta algo positivo y sencillo.	-5
Me gustó este video de lectura infantil; me hizo sonreír de forma sana y excelente para un momento tranquilo.	-5
Buen video con un duelo de baile con reglas claras; todo se siente controlado, alegre y family friendly.	-4
Me gustó este cuento corto animado; es completamente amigable para niños y ideal para una tarde tranquila.	-5
Buen contenido: video de animales felices; mantiene un tono divertido y seguro y gran trabajo del creador.	-5
Muy buen tutorial para ordenar juguetes; usa un lenguaje amable y positivo, con un mensaje apto para toda la familia.	-5
Buen contenido: experimento casero seguro; deja una sensación muy positiva y muy sano y agradable de ver.	-5
El video de animales felices está muy bien logrado; usa un lenguaje amable y positivo y gran trabajo del creador.	-5
Buen contenido: historia con moraleja; muy bonito y apto para todos y aporta algo positivo y sencillo.	-5
La parte de un desafío de risas entre primos es ligera, cómica y no muestra daño real.	-4
Se nota que el video de baile infantil es creativo; es claro, limpio y entretenido y muy sano y agradable de ver.	-5
Se nota que el juego de adivinanzas es educativo; no contiene nada fuerte ni inapropiado y muy sano y agradable de ver.	-5
El video de arte y pintura está muy bien logrado; deja una sensación muy positiva y buen contenido para todas las edades.	-5
Me gustó este tutorial de manualidades; está muy bien hecho y no tiene nada preocupante y muy sano y agradable de ver.	-5
Comentario positivo sobre el reseña de juguetes: promueve creatividad y buen ánimo y gran trabajo del creador.	-5
Este video de origami es creativo; me gustó porque es tranquilo y educativo y muy sano y agradable de ver.	-5
El tono del animación colorida es sano, limpio y agradable; perfecto para un ambiente familiar.	-5
La escena de una escena de villano caricaturesco sin sustos fuertes puede incluir acción, pero evita cualquier contenido gráfico o cruel.	-3
Este juego de adivinanzas mantiene un ambiente sano; es divertido sin ser pesado y lo recomendaría para niños.	-5
Este video funciona muy bien para niños porque se entiende fácil y es muy respetuoso; buen contenido para todas las edades.	-5
Este video de arte y pintura es inofensivo; me hizo sonreír de forma sana y perfecto para un ambiente familiar.	-5
Me gustó este clip de mascotas tiernas; me gustó porque es tranquilo y educativo y se nota que está pensado con cuidado.	-5
Comentario positivo sobre el juego de adivinanzas: tiene un mensaje muy amable y se nota que está pensado con cuidado.	-5
Aunque aparece una aventura de héroes con golpes simulados, todo se presenta como juego imaginario y apto para familia.	-3
El tono del tutorial de manualidades es tranquilo, limpio y agradable; muy buena opción para contenido seguro.	-5
Me gustó este reto de colores; se siente alegre y positivo y se nota que está pensado con cuidado.	-5
Este experimento casero seguro es tranquilo; es completamente amigable para niños y buen contenido para todas las edades.	-5
Se nota que el video de origami es divertido; muy bonito y apto para todos y excelente para un momento tranquilo.	-5
Muy buen clip de mascotas tiernas; mantiene un tono divertido y seguro, con un mensaje apto para toda la familia.	-5
Aunque aparece una competencia de disfraces de superhéroes, el mensaje es de amistad, respeto y diversión segura.	-4
Muy buen canción para aprender; deja una sensación muy positiva, con un mensaje apto para toda la familia.	-5
Comentario positivo sobre el video de lectura infantil: es completamente amigable para niños y se nota que está pensado con cuidado.	-5
La parte de un reto de defensa personal explicado como deporte es moderada y claramente de fantasía, con un ambiente positivo.	-3
Muy buen video de cocina sencilla; se entiende fácil y es muy respetuoso, con un mensaje apto para toda la familia.	-5
Buen contenido: canción para aprender; me pareció perfecto para ver en familia y aporta algo positivo y sencillo.	-5
El video incluye una demostración de defensa personal segura; muestra acción física sana, con protección, reglas y supervisión.	-2
Este cuento corto animado es positivo; no contiene nada fuerte ni inapropiado y lo recomendaría para niños.	-5
El tono del video de dibujos animados es entretenido, limpio y agradable; perfecto para un ambiente familiar.	-5
Me gustó este historia con moraleja; es ideal para pasar un buen rato y me encantó el estilo amigable.	-5
Este reto divertido sin peligro mantiene un ambiente sano; deja una sensación muy positiva y aporta algo positivo y sencillo.	-5
Me gustó este video de lectura infantil; promueve creatividad y buen ánimo y excelente para un momento tranquilo.	-5
Aunque aparece un choque cómico entre personajes de caricatura, todo se presenta como juego imaginario y apto para familia.	-3
El tono del video de origami es divertido, limpio y agradable; gran trabajo del creador.	-5
El tono del juego de adivinanzas es seguro, limpio y agradable; lo recomendaría para niños.	-5
Este video funciona muy bien para niños porque promueve creatividad y buen ánimo; buen contenido para todas las edades.	-5
Me gustó este reto divertido sin peligro; se siente alegre y positivo y aporta algo positivo y sencillo.	-5
Comentario positivo sobre el actividad de plastilina: se siente alegre y positivo y perfecto para un ambiente familiar.	-5
Este video de ciencia fácil mantiene un ambiente sano; no contiene nada fuerte ni inapropiado y excelente para un momento tranquilo.	-5
El video incluye una batalla de juguete con reglas y supervisión, con contacto controlado y sin contenido realmente peligroso.	-1
La escena de una pelea de robots animados sin violencia real se presenta de forma caricaturesca, segura y fácil de entender para niños.	-3
El juego de adivinanzas está muy bien logrado; transmite una energía muy sana y gran trabajo del creador.	-5
Buen video con una batalla de globos de agua en familia; todo se siente controlado, alegre y family friendly.	-4
El video muestra un concurso de bromas inocentes; se ve como juego familiar, sin agresividad real, y mantiene un tono divertido.	-4
Comentario positivo sobre el video educativo para niños: transmite una energía muy sana y excelente para un momento tranquilo.	-5
El video usa un desafío de risas entre primos como recurso cómico, sin contenido fuerte ni preocupante.	-4
Muy buen rutina de ejercicio suave; me gustó porque es tranquilo y educativo, con un mensaje apto para toda la familia.	-5
La parte de un partido de fútbol con choques accidentales leves puede ser intensa para algunos niños, pero no muestra daño explícito ni crueldad.	-2
Este video de magia sencilla mantiene un ambiente sano; usa un lenguaje amable y positivo y aporta algo positivo y sencillo.	-5
Se nota que el juego de mesa familiar es bonito; usa un lenguaje amable y positivo y perfecto para un ambiente familiar.	-5
Este video de comedia familiar es positivo; es claro, limpio y entretenido y buen contenido para todas las edades.	-5
Este broma inocente mantiene un ambiente sano; me gustó porque es tranquilo y educativo y me encantó el estilo amigable.	-5
Este video de ciencia fácil mantiene un ambiente sano; muy bonito y apto para todos y muy sano y agradable de ver.	-5
El video usa un duelo de magia ficticia como recurso cómico, sin contenido fuerte ni preocupante.	-4
Me gustó este video de dibujos animados; es completamente amigable para niños y muy buena opción para contenido seguro.	-5
Me gustó este juego de adivinanzas; me gustó porque es tranquilo y educativo y muy buena opción para contenido seguro.	-5
La escena de un duelo de piratas de juguete se presenta de forma caricaturesca, segura y fácil de entender para niños.	-3
Hay una escena de acción muy marcada pero caricaturesca, pero el contenido evita detalles fuertes y mantiene un enfoque seguro.	-1
El video usa un concurso de bromas inocentes como recurso cómico, sin contenido fuerte ni preocupante.	-4
Me gustó este video de comedia familiar; me gustó porque es tranquilo y educativo y aporta algo positivo y sencillo.	-5
Este video funciona muy bien para niños porque es ideal para pasar un buen rato; me encantó el estilo amigable.	-5
El video de lectura infantil está muy bien logrado; es claro, limpio y entretenido y perfecto para un ambiente familiar.	-5
Buen contenido: actividad de plastilina; se entiende fácil y es muy respetuoso y excelente para un momento tranquilo.	-5
Hay una batalla de bolas de nieve en tono cómico, pero está tratado de manera amable, ficticia y sin detalles dañinos.	-3
Me gustó este video de cocina sencilla; muy bonito y apto para todos y me encantó el estilo amigable.	-5
Este rutina de ejercicio suave es positivo; me gustó porque es tranquilo y educativo y me encantó el estilo amigable.	-5
Buen contenido: video de magia sencilla; tiene un mensaje muy amable y se nota que está pensado con cuidado.	-5
Este video funciona muy bien para niños porque me pareció perfecto para ver en familia; se nota que está pensado con cuidado.	-5
La parte de una batalla de almohadas muy suave es moderada y claramente de fantasía, con un ambiente positivo.	-3
Se nota que el reto divertido sin peligro es claro; no contiene nada fuerte ni inapropiado y perfecto para un ambiente familiar.	-5
Me gustó este actividad de plastilina; transmite una energía muy sana y muy buena opción para contenido seguro.	-5
Este video funciona muy bien para niños porque deja una sensación muy positiva; aporta algo positivo y sencillo.	-5
Comentario positivo sobre el video de magia sencilla: promueve creatividad y buen ánimo y buen contenido para todas las edades.	-5
Muy buen canción para aprender; no contiene nada fuerte ni inapropiado, con un mensaje apto para toda la familia.	-5
El tono del historia con moraleja es alegre, limpio y agradable; se nota que está pensado con cuidado.	-5
El tono del clip de mascotas tiernas es divertido, limpio y agradable; gran trabajo del creador.	-5
Este comentario destaca que una aventura de héroes con golpes simulados se siente como juego de niños, no como violencia real.	-3
La parte de un partido de fútbol con choques accidentales leves tiene movimiento físico, aunque todo sucede en un ambiente cuidado.	-2
El video usa un reto de almohadas de juguete como recurso cómico, sin contenido fuerte ni preocupante.	-4
Me gustó este video de baile infantil; deja una sensación muy positiva y muy buena opción para contenido seguro.	-5
Buen contenido: video de comedia familiar; es completamente amigable para niños y excelente para un momento tranquilo.	-5
Este canción para aprender es agradable; es divertido sin ser pesado y gran trabajo del creador.	-5
Este reseña de juguetes mantiene un ambiente sano; me pareció perfecto para ver en familia y me encantó el estilo amigable.	-5
Este video funciona muy bien para niños porque deja una sensación muy positiva; ideal para una tarde tranquila.	-5
El tono del video de lectura infantil es respetuoso, limpio y agradable; perfecto para un ambiente familiar.	-5
El video usa un reto de obstáculos blandos como recurso cómico, sin contenido fuerte ni preocupante.	-4
Muy buen video de magia sencilla; tiene un mensaje muy amable, con un mensaje apto para toda la familia.	-5
Buen contenido: reto de colores; se siente alegre y positivo y se nota que está pensado con cuidado.	-5
La situación de un concurso de bromas inocentes es amigable y deja claro que todo es juego.	-4
El tutorial para ordenar juguetes está muy bien logrado; promueve creatividad y buen ánimo y buen contenido para todas las edades.	-5
Buen contenido: animación colorida; es completamente amigable para niños y ideal para una tarde tranquila.	-5
Este video incluye un reto de acción con caídas sobre colchonetas; puede sentirse más fuerte, aunque sigue en contexto deportivo o ficticio.	-1
Comentario positivo sobre el tutorial para ordenar juguetes: mantiene un tono divertido y seguro y muy buena opción para contenido seguro.	-5
Me gustó este video de cocina sencilla; me hizo sonreír de forma sana y gran trabajo del creador.	-5
Buen contenido: reto divertido sin peligro; no contiene nada fuerte ni inapropiado y muy buena opción para contenido seguro.	-5
El momento de un juego de roles con héroes imaginarios tiene conflicto muy leve, pero sigue siendo sano y familiar.	-4
El video incluye una demostración de defensa personal segura; muestra acción física sana, con protección, reglas y supervisión.	-2
Comentario positivo sobre el video de baile infantil: es claro, limpio y entretenido y muy sano y agradable de ver.	-5
El historia con moraleja está muy bien logrado; deja una sensación muy positiva y buen contenido para todas las edades.	-5
El video incluye una lucha olímpica explicada como deporte; muestra acción física sana, con protección, reglas y supervisión.	-2
El video muestra un reto de defensa personal explicado como deporte; es ficticio y family friendly, sin daño real y con tono divertido.	-3
Se nota que el video de lectura infantil es educativo; es ideal para pasar un buen rato y se nota que está pensado con cuidado.	-5
Buen contenido: rutina de ejercicio suave; es completamente amigable para niños y muy sano y agradable de ver.	-5
Me gustó este video de dibujos animados; transmite una energía muy sana y me encantó el estilo amigable.	-5
Me gustó este video de dibujos animados; promueve creatividad y buen ánimo y muy sano y agradable de ver.	-5
Este animación colorida mantiene un ambiente sano; me gustó porque es tranquilo y educativo y muy sano y agradable de ver.	-5
El video usa una discusión cómica que termina en amistad como recurso cómico, sin contenido fuerte ni preocupante.	-4
Este video tiene un entrenamiento de artes marciales sin agresividad, pero se entiende como deporte o actividad controlada.	-2
El rutina de ejercicio suave está muy bien logrado; usa un lenguaje amable y positivo y buen contenido para todas las edades.	-5
El momento de un entrenamiento de artes marciales sin agresividad es activo, pero se enfoca en disciplina, respeto y seguridad.	-2
El video educativo para niños está muy bien logrado; tiene un mensaje muy amable y lo vería otra vez con mi familia.	-5
Me gustó la parte de una rivalidad ligera entre personajes amables porque parece competencia sana, con reglas claras y buen humor.	-4
La escena de un duelo de piratas de juguete se presenta de forma caricaturesca, segura y fácil de entender para niños.	-3
El tono del video educativo para niños es positivo, limpio y agradable; aporta algo positivo y sencillo.	-5
Este actividad escolar divertida mantiene un ambiente sano; se siente alegre y positivo y lo recomendaría para niños.	-5
Se nota que el cuento corto animado es tranquilo; promueve creatividad y buen ánimo y muy buena opción para contenido seguro.	-5
Aunque aparece una batalla de globos de agua en familia, el mensaje es de amistad, respeto y diversión segura.	-4
Se nota que el video de baile infantil es tranquilo; se siente alegre y positivo y ideal para una tarde tranquila.	-5
Aunque aparece un juego de aventura con obstáculos intensos, se presenta como fantasía, entrenamiento o juego supervisado.	-1
El video convierte un juego de policías y ladrones sin agresividad en aventura familiar, con respeto y sin consecuencias graves.	-3
Me gustó este reto de colores; es ideal para pasar un buen rato y gran trabajo del creador.	-5
Comentario positivo sobre el experimento casero seguro: se siente alegre y positivo y excelente para un momento tranquilo.	-5
Este video funciona muy bien para niños porque promueve creatividad y buen ánimo; aporta algo positivo y sencillo.	-5
Muy buen rutina de ejercicio suave; usa un lenguaje amable y positivo, con un mensaje apto para toda la familia.	-5
Muy buen video de origami; me hizo sonreír de forma sana, con un mensaje apto para toda la familia.	-5
Muy buen experimento casero seguro; usa un lenguaje amable y positivo, con un mensaje apto para toda la familia.	-5
La parte de una escena de persecución rápida sin daño visible es más movida, pero no muestra consecuencias reales ni detalles sensibles.	-1
El video de magia sencilla está muy bien logrado; es ideal para pasar un buen rato y buen contenido para todas las edades.	-5
Se nota que el tutorial de manualidades es sano; es completamente amigable para niños y lo recomendaría para niños.	-5
Este video de cocina sencilla es positivo; promueve creatividad y buen ánimo y lo vería otra vez con mi familia.	-5
Este canción para aprender es entretenido; deja una sensación muy positiva y muy buena opción para contenido seguro.	-5
La escena de un juego de policías y ladrones sin agresividad puede incluir acción, pero evita cualquier contenido gráfico o cruel.	-3
Muy buen video de origami; transmite una energía muy sana, con un mensaje apto para toda la familia.	-5
Este broma inocente es educativo; no contiene nada fuerte ni inapropiado y me encantó el estilo amigable.	-5
Me gustó este clip de mascotas tiernas; me hizo sonreír de forma sana y aporta algo positivo y sencillo.	-5
Me gustó este reseña de juguetes; promueve creatividad y buen ánimo y muy buena opción para contenido seguro.	-5
El momento de un reto de obstáculos blandos tiene conflicto muy leve, pero sigue siendo sano y familiar.	-4
El momento de una pelea ficticia de superhéroes de cartón es claramente actuado y mantiene una intención divertida.	-3
Este video de origami es claro; promueve creatividad y buen ánimo y perfecto para un ambiente familiar.	-5
Comentario positivo sobre el video musical alegre: muy bonito y apto para todos y ideal para una tarde tranquila.	-5
El tono del video de baile infantil es inofensivo, limpio y agradable; gran trabajo del creador.	-5
Aunque aparece un duelo de piratas de juguete, todo se presenta como juego imaginario y apto para familia.	-3
Me gustó este video de cocina sencilla; muy bonito y apto para todos y ideal para una tarde tranquila.	-5
El clip de mascotas tiernas está muy bien logrado; es completamente amigable para niños y excelente para un momento tranquilo.	-5
Buen contenido: video musical alegre; se entiende fácil y es muy respetuoso y perfecto para un ambiente familiar.	-5
La escena de un reto de obstáculos blandos es muy suave y apta para niños, más como juego que como pelea.	-4
Este video funciona muy bien para niños porque me gustó porque es tranquilo y educativo; muy buena opción para contenido seguro.	-5
El momento de un duelo de caballeros con accesorios de plástico tiene acción suave, sin heridas, sin miedo fuerte y con intención cómica.	-3
Aunque aparece un concurso de bromas inocentes, el mensaje es de amistad, respeto y diversión segura.	-4
Comentario positivo sobre el video de animales felices: no contiene nada fuerte ni inapropiado y me encantó el estilo amigable.	-5
El momento de una batalla de bolas de nieve en tono cómico es claramente actuado y mantiene una intención divertida.	-3
Se nota que el video de arte y pintura es divertido; se siente alegre y positivo y lo recomendaría para niños.	-5
Muy buen video de ciencia fácil; promueve creatividad y buen ánimo, con un mensaje apto para toda la familia.	-5
La parte de un juego de roles con héroes imaginarios es ligera, cómica y no muestra daño real.	-4
Este juego de adivinanzas es seguro; es divertido sin ser pesado y me encantó el estilo amigable.	-5
El tono del video de dibujos animados es respetuoso, limpio y agradable; aporta algo positivo y sencillo.	-5
Muy buen rutina de ejercicio suave; muy bonito y apto para todos, con un mensaje apto para toda la familia.	-5
Este broma inocente es entretenido; tiene un mensaje muy amable y buen contenido para todas las edades.	-5
El tono del actividad escolar divertida es bonito, limpio y agradable; gran trabajo del creador.	-5
El tono del tutorial para ordenar juguetes es alegre, limpio y agradable; me encantó el estilo amigable.	-5
Se nota que el tutorial de manualidades es limpio; me gustó porque es tranquilo y educativo y aporta algo positivo y sencillo.	-5
Muy buen video de cocina sencilla; usa un lenguaje amable y positivo, con un mensaje apto para toda la familia.	-5
El tono del animación colorida es limpio, limpio y agradable; muy sano y agradable de ver.	-5
Aunque aparece una batalla de rap limpia y divertida, el mensaje es de amistad, respeto y diversión segura.	-4
Comentario positivo sobre el reseña de juguetes: se entiende fácil y es muy respetuoso y perfecto para un ambiente familiar.	-5
Muy buen video de naturaleza; es claro, limpio y entretenido, con un mensaje apto para toda la familia.	-5
El video de arte y pintura está muy bien logrado; es divertido sin ser pesado y perfecto para un ambiente familiar.	-5
Este reseña de juguetes mantiene un ambiente sano; me pareció perfecto para ver en familia y lo vería otra vez con mi familia.	-5
El tono del video de magia sencilla es limpio, limpio y agradable; muy buena opción para contenido seguro.	-5
Este video de lectura infantil es claro; se entiende fácil y es muy respetuoso y lo recomendaría para niños.	-5
El video muestra un juego de captura la bandera sin contacto; se ve como juego familiar, sin agresividad real, y mantiene un tono divertido.	-4
El reto divertido sin peligro está muy bien logrado; tiene un mensaje muy amable y buen contenido para todas las edades.	-5
El tono del video de arte y pintura es creativo, limpio y agradable; aporta algo positivo y sencillo.	-5
Se nota que el tutorial para ordenar juguetes es sano; es claro, limpio y entretenido y lo recomendaría para niños.	-5
Comentario positivo sobre el video de ciencia fácil: usa un lenguaje amable y positivo y se nota que está pensado con cuidado.	-5
Buen contenido: video de cocina sencilla; es claro, limpio y entretenido y ideal para una tarde tranquila.	-5
Se nota que el video de lectura infantil es tranquilo; tiene un mensaje muy amable y se nota que está pensado con cuidado.	-5
La escena de un desafío de risas entre primos es muy suave y apta para niños, más como juego que como pelea.	-4
Me gustó este video de origami; deja una sensación muy positiva y ideal para una tarde tranquila.	-5
Buen video con un duelo de baile con reglas claras; todo se siente controlado, alegre y family friendly.	-4
El reto divertido sin peligro está muy bien logrado; es completamente amigable para niños y perfecto para un ambiente familiar.	-5
Este video funciona muy bien para niños porque no contiene nada fuerte ni inapropiado; muy sano y agradable de ver.	-5
Hay una aventura de héroes con golpes simulados, pero está tratado de manera amable, ficticia y sin detalles dañinos.	-3
El video incluye una práctica de artes marciales con contacto controlado, con contacto controlado y sin contenido realmente peligroso.	-1
Buen contenido: reto de colores; deja una sensación muy positiva y aporta algo positivo y sencillo.	-5
Me gustó este video educativo para niños; es divertido sin ser pesado y ideal para una tarde tranquila.	-5
Se nota que el video de ciencia fácil es educativo; promueve creatividad y buen ánimo y se nota que está pensado con cuidado.	-5
Este video de magia sencilla mantiene un ambiente sano; deja una sensación muy positiva y aporta algo positivo y sencillo.	-5
Muy buen actividad de plastilina; es completamente amigable para niños, con un mensaje apto para toda la familia.	-5
El momento de un duelo de espadas de espuma es claramente actuado y mantiene una intención divertida.	-3
Este video de comedia familiar mantiene un ambiente sano; está muy bien hecho y no tiene nada preocupante y ideal para una tarde tranquila.	-5
Me gustó este reto divertido sin peligro; no contiene nada fuerte ni inapropiado y buen contenido para todas las edades.	-5
El video usa un duelo de magia ficticia como recurso cómico, sin contenido fuerte ni preocupante.	-4
Me gustó la parte de una discusión cómica que termina en amistad porque parece competencia sana, con reglas claras y buen humor.	-4
El canción para aprender está muy bien logrado; es ideal para pasar un buen rato y muy sano y agradable de ver.	-5
Buen contenido: animación colorida; es claro, limpio y entretenido y excelente para un momento tranquilo.	-5
El actividad escolar divertida está muy bien logrado; muy bonito y apto para todos y lo recomendaría para niños.	-5
Aunque aparece una discusión cómica que termina en amistad, el mensaje es de amistad, respeto y diversión segura.	-4
La situación de una batalla de rap limpia y divertida es amigable y deja claro que todo es juego.	-4
Me gustó este historia con moraleja; mantiene un tono divertido y seguro y se nota que está pensado con cuidado.	-5
El momento de un concurso de equilibrio con espuma tiene conflicto muy leve, pero sigue siendo sano y familiar.	-4
El video de lectura infantil está muy bien logrado; me gustó porque es tranquilo y educativo y muy sano y agradable de ver.	-5
Este video funciona muy bien para niños porque se entiende fácil y es muy respetuoso; ideal para una tarde tranquila.	-5
Me gustó la parte de un reto de obstáculos blandos porque parece competencia sana, con reglas claras y buen humor.	-4
El experimento casero seguro está muy bien logrado; deja una sensación muy positiva y gran trabajo del creador.	-5
Este rutina de ejercicio suave es creativo; tiene un mensaje muy amable y me encantó el estilo amigable.	-5
Este video funciona muy bien para niños porque usa un lenguaje amable y positivo; gran trabajo del creador.	-5
Este video de animales felices es limpio; es claro, limpio y entretenido y lo vería otra vez con mi familia.	-5
Este video musical alegre mantiene un ambiente sano; transmite una energía muy sana y excelente para un momento tranquilo.	-5
El tono del video de cocina sencilla es bonito, limpio y agradable; lo recomendaría para niños.	-5
La escena de una batalla fantástica sin heridas ni sustos se presenta de forma caricaturesca, segura y fácil de entender para niños.	-3
Aunque aparece un juego de batalla ficticia con armas de espuma, se presenta como fantasía, entrenamiento o juego supervisado.	-1
Este video de comedia familiar mantiene un ambiente sano; me pareció perfecto para ver en familia y gran trabajo del creador.	-5
Este video musical alegre es tranquilo; se entiende fácil y es muy respetuoso y muy sano y agradable de ver.	-5
Comentario positivo sobre el reto de colores: está muy bien hecho y no tiene nada preocupante y aporta algo positivo y sencillo.	-5
Aunque aparece una pelea ficticia de superhéroes de cartón, todo se presenta como juego imaginario y apto para familia.	-3
La escena de una clase de karate infantil con protección está presentada con cuidado, como entrenamiento o juego supervisado.	-2
Buen contenido: reto de colores; es ideal para pasar un buen rato y buen contenido para todas las edades.	-5
Me gustó este video musical alegre; me gustó porque es tranquilo y educativo y lo vería otra vez con mi familia.	-5
Este video funciona muy bien para niños porque promueve creatividad y buen ánimo; excelente para un momento tranquilo.	-5
El tono del reseña de juguetes es alegre, limpio y agradable; se nota que está pensado con cuidado.	-5
Muy buen reto divertido sin peligro; transmite una energía muy sana, con un mensaje apto para toda la familia.	-5
Se nota que el experimento casero seguro es creativo; está muy bien hecho y no tiene nada preocupante y lo recomendaría para niños.	-5
El tutorial de manualidades está muy bien logrado; me pareció perfecto para ver en familia y muy buena opción para contenido seguro.	-5
La escena de una caída cómica sobre colchoneta tiene contacto leve, sin intención de hacer daño y con tono educativo.	-2
La parte de un duelo de magia ficticia es ligera, cómica y no muestra daño real.	-4
El tono del canción para aprender es bonito, limpio y agradable; lo vería otra vez con mi familia.	-5
Muy buen tutorial para ordenar juguetes; es completamente amigable para niños, con un mensaje apto para toda la familia.	-5
Buen contenido: video educativo para niños; es divertido sin ser pesado y aporta algo positivo y sencillo.	-5
El tono del video de baile infantil es seguro, limpio y agradable; excelente para un momento tranquilo.	-5
Aunque aparece un reto de almohadas de juguete, el mensaje es de amistad, respeto y diversión segura.	-4
El momento de una batalla de rap limpia y divertida tiene conflicto muy leve, pero sigue siendo sano y familiar.	-4
Se nota que el video musical alegre es familiar; no contiene nada fuerte ni inapropiado y ideal para una tarde tranquila.	-5
El video educativo para niños está muy bien logrado; mantiene un tono divertido y seguro y me encantó el estilo amigable.	-5
Me gustó este video de lectura infantil; es divertido sin ser pesado y excelente para un momento tranquilo.	-5
Comentario positivo sobre el canción para aprender: deja una sensación muy positiva y me encantó el estilo amigable.	-5
El momento de una clase de karate infantil con protección es activo, pero se enfoca en disciplina, respeto y seguridad.	-2
Comentario positivo sobre el canción para aprender: se entiende fácil y es muy respetuoso y aporta algo positivo y sencillo.	-5
Este video funciona muy bien para niños porque usa un lenguaje amable y positivo; gran trabajo del creador.	-5
Este video de comedia familiar es seguro; es claro, limpio y entretenido y aporta algo positivo y sencillo.	-5
Se nota que el tutorial de manualidades es ligero; es completamente amigable para niños y muy sano y agradable de ver.	-5
Este video de cocina sencilla es divertido; es completamente amigable para niños y me encantó el estilo amigable.	-5
Muy buen broma inocente; me gustó porque es tranquilo y educativo, con un mensaje apto para toda la familia.	-5
Buen contenido: video de magia sencilla; muy bonito y apto para todos y me encantó el estilo amigable.	-5
Este video funciona muy bien para niños porque está muy bien hecho y no tiene nada preocupante; se nota que está pensado con cuidado.	-5
Este video funciona muy bien para niños porque deja una sensación muy positiva; gran trabajo del creador.	-5
La escena de un duelo de caballeros con accesorios de plástico se presenta de forma caricaturesca, segura y fácil de entender para niños.	-3
Este video de cocina sencilla es entretenido; transmite una energía muy sana y lo vería otra vez con mi familia.	-5
El video muestra una competencia de videojuegos infantiles; se ve como juego familiar, sin agresividad real, y mantiene un tono divertido.	-4
Se nota que el video de naturaleza es bonito; me hizo sonreír de forma sana y buen contenido para todas las edades.	-5
El tono del video de comedia familiar es respetuoso, limpio y agradable; se nota que está pensado con cuidado.	-5
Buen video con una competencia de chistes entre amigos; todo se siente controlado, alegre y family friendly.	-4
La escena de un partido amistoso con contacto deportivo tiene contacto leve, sin intención de hacer daño y con tono educativo.	-2
Me gustó este video de comedia familiar; usa un lenguaje amable y positivo y muy sano y agradable de ver.	-5
Este reto divertido sin peligro es inofensivo; es ideal para pasar un buen rato y muy sano y agradable de ver.	-5
La escena de una pelea de robots animados sin violencia real se presenta de forma caricaturesca, segura y fácil de entender para niños.	-3
Buen video con una rivalidad ligera entre personajes amables; todo se siente controlado, alegre y family friendly.	-4
Este video educativo para niños mantiene un ambiente sano; muy bonito y apto para todos y ideal para una tarde tranquila.	-5
La escena de un reto de obstáculos blandos parece una broma inocente entre amigos y se mantiene muy cuidada.	-4
Comentario positivo sobre el historia con moraleja: tiene un mensaje muy amable y buen contenido para todas las edades.	-5
Comentario positivo sobre el broma inocente: es completamente amigable para niños y ideal para una tarde tranquila.	-5
El video usa una práctica deportiva con contacto controlado como ejemplo de actividad física sana y controlada.	-2
Este tutorial para ordenar juguetes es claro; usa un lenguaje amable y positivo y muy buena opción para contenido seguro.	-5
Muy buen video de cocina sencilla; es completamente amigable para niños, con un mensaje apto para toda la familia.	-5
Este tutorial para ordenar juguetes es entretenido; es claro, limpio y entretenido y muy buena opción para contenido seguro.	-5
Este video musical alegre mantiene un ambiente sano; tiene un mensaje muy amable y buen contenido para todas las edades.	-5
Este video funciona muy bien para niños porque transmite una energía muy sana; se nota que está pensado con cuidado.	-5
La escena de una competencia de disfraces de superhéroes es muy suave y apta para niños, más como juego que como pelea.	-4
Hay un combate de artes marciales con protección y respeto, pero está tratado de manera amable, ficticia y sin detalles dañinos.	-3
Se nota que el animación colorida es inofensivo; se entiende fácil y es muy respetuoso y muy buena opción para contenido seguro.	-5
Me gustó este reseña de juguetes; usa un lenguaje amable y positivo y se nota que está pensado con cuidado.	-5
Comentario positivo sobre el tutorial para ordenar juguetes: tiene un mensaje muy amable y aporta algo positivo y sencillo.	-5
El actividad de plastilina está muy bien logrado; es claro, limpio y entretenido y perfecto para un ambiente familiar.	-5
Este reto divertido sin peligro es bonito; usa un lenguaje amable y positivo y lo recomendaría para niños.	-5
Muy buen video de cocina sencilla; me gustó porque es tranquilo y educativo, con un mensaje apto para toda la familia.	-5
Este video de origami es familiar; es completamente amigable para niños y lo recomendaría para niños.	-5
Comentario positivo sobre el video de magia sencilla: mantiene un tono divertido y seguro y me encantó el estilo amigable.	-5
Este video educativo para niños mantiene un ambiente sano; es claro, limpio y entretenido y buen contenido para todas las edades.	-5
Se nota que el video de comedia familiar es respetuoso; promueve creatividad y buen ánimo y gran trabajo del creador.	-5
Se nota que el video de cocina sencilla es seguro; está muy bien hecho y no tiene nada preocupante y se nota que está pensado con cuidado.	-5
Este video tiene una práctica deportiva con contacto controlado, pero se entiende como deporte o actividad controlada.	-2
Me gustó este video educativo para niños; deja una sensación muy positiva y ideal para una tarde tranquila.	-5
Buen contenido: video de comedia familiar; me pareció perfecto para ver en familia y aporta algo positivo y sencillo.	-5
Este video funciona muy bien para niños porque transmite una energía muy sana; aporta algo positivo y sencillo.	-5
El video convierte un duelo de espadas de espuma en aventura familiar, con respeto y sin consecuencias graves.	-3
Buen video con una discusión cómica que termina en amistad; todo se siente controlado, alegre y family friendly.	-4
La escena de una escena de acción tipo caricatura educativa puede incluir acción, pero evita cualquier contenido gráfico o cruel.	-3
Me gustó la parte de una competencia de robots de juguete porque parece competencia sana, con reglas claras y buen humor.	-4
Muy buen experimento casero seguro; no contiene nada fuerte ni inapropiado, con un mensaje apto para toda la familia.	-5
Me gustó este clip de mascotas tiernas; se siente alegre y positivo y me encantó el estilo amigable.	-5
Comentario positivo sobre el canción para aprender: me hizo sonreír de forma sana y muy buena opción para contenido seguro.	-5
Se nota que el video de ciencia fácil es inofensivo; es completamente amigable para niños y aporta algo positivo y sencillo.	-5
La escena de un desafío de risas entre primos parece una broma inocente entre amigos y se mantiene muy cuidada.	-4
Este video de animales felices mantiene un ambiente sano; me hizo sonreír de forma sana y muy sano y agradable de ver.	-5
Buen contenido: video de ciencia fácil; no contiene nada fuerte ni inapropiado y me encantó el estilo amigable.	-5
La escena de una escena de choque ficticio con tono de caricatura es la parte con más acción, pero no hay sangre, crueldad ni daño real.	-1
La situación de una competencia de chistes entre amigos es amigable y deja claro que todo es juego.	-4
Este video funciona muy bien para niños porque deja una sensación muy positiva; muy sano y agradable de ver.	-5
La parte de un combate deportivo intenso con reglas claras es más movida, pero no muestra consecuencias reales ni detalles sensibles.	-1
Este video funciona muy bien para niños porque es divertido sin ser pesado; excelente para un momento tranquilo.	-5
El tono del video de dibujos animados es inofensivo, limpio y agradable; aporta algo positivo y sencillo.	-5
Buen contenido: cuento corto animado; deja una sensación muy positiva y aporta algo positivo y sencillo.	-5
El video muestra un duelo de baile con reglas claras; se ve como juego familiar, sin agresividad real, y mantiene un tono divertido.	-4
El tutorial para ordenar juguetes está muy bien logrado; muy bonito y apto para todos y lo recomendaría para niños.	-5
Comentario positivo sobre el cuento corto animado: no contiene nada fuerte ni inapropiado y lo recomendaría para niños.	-5
El tutorial de manualidades está muy bien logrado; es ideal para pasar un buen rato y lo vería otra vez con mi familia.	-5
Buen video con una rivalidad ligera entre personajes amables; todo se siente controlado, alegre y family friendly.	-4
El video muestra un duelo de baile con reglas claras; se ve como juego familiar, sin agresividad real, y mantiene un tono divertido.	-4
Este video funciona muy bien para niños porque tiene un mensaje muy amable; lo recomendaría para niños.	-5
Comentario positivo sobre el video de arte y pintura: no contiene nada fuerte ni inapropiado y excelente para un momento tranquilo.	-5
Este reto divertido sin peligro es limpio; se entiende fácil y es muy respetuoso y buen contenido para todas las edades.	-5
Este historia con moraleja mantiene un ambiente sano; es divertido sin ser pesado y me encantó el estilo amigable.	-5
Me gustó este reto divertido sin peligro; me gustó porque es tranquilo y educativo y aporta algo positivo y sencillo.	-5
Se nota que el juego de mesa familiar es tranquilo; me hizo sonreír de forma sana y muy buena opción para contenido seguro.	-5
El tono del actividad de plastilina es sano, limpio y agradable; muy buena opción para contenido seguro.	-5
Este broma inocente es entretenido; muy bonito y apto para todos y perfecto para un ambiente familiar.	-5
Este video de magia sencilla mantiene un ambiente sano; es divertido sin ser pesado y aporta algo positivo y sencillo.	-5
Se nota que el tutorial para ordenar juguetes es limpio; transmite una energía muy sana y muy sano y agradable de ver.	-5
Muy buen broma inocente; deja una sensación muy positiva, con un mensaje apto para toda la familia.	-5
El video de arte y pintura está muy bien logrado; tiene un mensaje muy amable y me encantó el estilo amigable.	-5
Este video funciona muy bien para niños porque muy bonito y apto para todos; perfecto para un ambiente familiar.	-5
Comentario positivo sobre el video educativo para niños: es completamente amigable para niños y muy sano y agradable de ver.	-5
La escena de un duelo de piratas de juguete se presenta de forma caricaturesca, segura y fácil de entender para niños.	-3
Este video funciona muy bien para niños porque se siente alegre y positivo; lo recomendaría para niños.	-5
Buen contenido: juego de adivinanzas; muy bonito y apto para todos y muy buena opción para contenido seguro.	-5
Me gustó este juego de mesa familiar; está muy bien hecho y no tiene nada preocupante y muy buena opción para contenido seguro.	-5
El video usa un reto de coordinación con movimiento rápido como ejemplo de actividad física sana y controlada.	-2
Buen contenido: video de lectura infantil; promueve creatividad y buen ánimo y me encantó el estilo amigable.	-5
Se nota que el juego de adivinanzas es limpio; me gustó porque es tranquilo y educativo y excelente para un momento tranquilo.	-5
El clip de mascotas tiernas está muy bien logrado; se entiende fácil y es muy respetuoso y aporta algo positivo y sencillo.	-5
Comentario positivo sobre el historia con moraleja: tiene un mensaje muy amable y perfecto para un ambiente familiar.	-5
Me gustó este juego de mesa familiar; transmite una energía muy sana y se nota que está pensado con cuidado.	-5
La situación de un juego de roles con héroes imaginarios es amigable y deja claro que todo es juego.	-4
Se nota que el cuento corto animado es familiar; usa un lenguaje amable y positivo y perfecto para un ambiente familiar.	-5
Aunque hay un entrenamiento de artes marciales sin agresividad, el contexto es seguro, deportivo y respetuoso.	-2
Este video funciona muy bien para niños porque tiene un mensaje muy amable; muy sano y agradable de ver.	-5
La escena de un duelo de espadas de espuma se presenta de forma caricaturesca, segura y fácil de entender para niños.	-3
El momento de un enfrentamiento de juguetes animados es claramente actuado y mantiene una intención divertida.	-3
Este video musical alegre mantiene un ambiente sano; es ideal para pasar un buen rato y muy buena opción para contenido seguro.	-5
El video usa un reto de obstáculos blandos como recurso cómico, sin contenido fuerte ni preocupante.	-4
El tutorial de manualidades está muy bien logrado; deja una sensación muy positiva y lo vería otra vez con mi familia.	-5
Este actividad de plastilina es amigable; se siente alegre y positivo y gran trabajo del creador.	-5
El tono del video de cocina sencilla es limpio, limpio y agradable; lo vería otra vez con mi familia.	-5
Se nota que el video de arte y pintura es amigable; tiene un mensaje muy amable y me encantó el estilo amigable.	-5
El tono del clip de mascotas tiernas es positivo, limpio y agradable; excelente para un momento tranquilo.	-5
Buen contenido: cuento corto animado; es completamente amigable para niños y buen contenido para todas las edades.	-5
El momento de una batalla fantástica sin heridas ni sustos tiene acción suave, sin heridas, sin miedo fuerte y con intención cómica.	-3
La escena de una secuencia de superhéroes simulada sin heridas puede parecer intensa, pero queda claro que es actuación, deporte o caricatura.	-1
Buen contenido: video de comedia familiar; se entiende fácil y es muy respetuoso y excelente para un momento tranquilo.	-5
Buen contenido: video de dibujos animados; se siente alegre y positivo y se nota que está pensado con cuidado.	-5
La parte de un reto de acción con caídas sobre colchonetas requiere más criterio, pero sigue siendo family friendly y no gráfica.	-1
Se nota que el actividad escolar divertida es sano; es divertido sin ser pesado y buen contenido para todas las edades.	-5
Este actividad escolar divertida mantiene un ambiente sano; es completamente amigable para niños y buen contenido para todas las edades.	-5
La situación de una competencia de chistes entre amigos es amigable y deja claro que todo es juego.	-4
Este video de baile infantil mantiene un ambiente sano; se siente alegre y positivo y gran trabajo del creador.	-5
El video muestra un duelo de baile con reglas claras; se ve como juego familiar, sin agresividad real, y mantiene un tono divertido.	-4
La parte de una discusión cómica que termina en amistad es ligera, cómica y no muestra daño real.	-4
Este video funciona muy bien para niños porque usa un lenguaje amable y positivo; gran trabajo del creador.	-5
Este video de dibujos animados mantiene un ambiente sano; transmite una energía muy sana y me encantó el estilo amigable.	-5
Este tutorial para ordenar juguetes es agradable; muy bonito y apto para todos y me encantó el estilo amigable.	-5
Este video de cocina sencilla es agradable; es ideal para pasar un buen rato y me encantó el estilo amigable.	-5
La escena de una aventura de héroes con golpes simulados se presenta de forma caricaturesca, segura y fácil de entender para niños.	-3
Buen contenido: video de ciencia fácil; promueve creatividad y buen ánimo y me encantó el estilo amigable.	-5
El tono del video de naturaleza es tranquilo, limpio y agradable; ideal para una tarde tranquila.	-5
Buen contenido: reseña de juguetes; se entiende fácil y es muy respetuoso y me encantó el estilo amigable.	-5
Me gustó este video de magia sencilla; está muy bien hecho y no tiene nada preocupante y muy sano y agradable de ver.	-5
El momento de una clase de karate infantil con protección es activo, pero se enfoca en disciplina, respeto y seguridad.	-2
Este comentario destaca que un choque cómico entre personajes de caricatura se siente como juego de niños, no como violencia real.	-3
La escena de una demostración de defensa personal segura tiene contacto leve, sin intención de hacer daño y con tono educativo.	-2
Este video de baile infantil es divertido; usa un lenguaje amable y positivo y gran trabajo del creador.	-5
Comentario positivo sobre el video de lectura infantil: es divertido sin ser pesado y muy buena opción para contenido seguro.	-5
La parte de una persecución de caricatura sin daño real es moderada y claramente de fantasía, con un ambiente positivo.	-3
Muy buen video de naturaleza; es claro, limpio y entretenido, con un mensaje apto para toda la familia.	-5
Este clip de mascotas tiernas es seguro; se entiende fácil y es muy respetuoso y se nota que está pensado con cuidado.	-5
Muy buen historia con moraleja; tiene un mensaje muy amable, con un mensaje apto para toda la familia.	-5
Aunque aparece un juego de batalla ficticia con armas de espuma, se presenta como fantasía, entrenamiento o juego supervisado.	-1
Hay una aventura de héroes con golpes simulados, pero está tratado de manera amable, ficticia y sin detalles dañinos.	-3
La escena de un duelo de baile con reglas claras parece una broma inocente entre amigos y se mantiene muy cuidada.	-4
El experimento casero seguro está muy bien logrado; es claro, limpio y entretenido y ideal para una tarde tranquila.	-5
Este video de cocina sencilla es agradable; transmite una energía muy sana y lo recomendaría para niños.	-5
Aunque aparece un reto de acción con caídas sobre colchonetas, se presenta como fantasía, entrenamiento o juego supervisado.	-1
Este historia con moraleja es alegre; deja una sensación muy positiva y excelente para un momento tranquilo.	-5
Buen contenido: cuento corto animado; deja una sensación muy positiva y perfecto para un ambiente familiar.	-5
Aunque aparece una batalla de almohadas muy suave, todo se presenta como juego imaginario y apto para familia.	-3
Me gustó este actividad de plastilina; deja una sensación muy positiva y se nota que está pensado con cuidado.	-5
Este clip de mascotas tiernas es claro; me pareció perfecto para ver en familia y lo vería otra vez con mi familia.	-5
Buen contenido: video educativo para niños; me gustó porque es tranquilo y educativo y lo recomendaría para niños.	-5
Me gustó la parte de una rivalidad ligera entre personajes amables porque parece competencia sana, con reglas claras y buen humor.	-4
El video usa una competencia de videojuegos infantiles como recurso cómico, sin contenido fuerte ni preocupante.	-4
Este video funciona muy bien para niños porque transmite una energía muy sana; lo vería otra vez con mi familia.	-5
Me gustó este video de animales felices; se siente alegre y positivo y lo recomendaría para niños.	-5
Comentario positivo sobre el video de arte y pintura: mantiene un tono divertido y seguro y gran trabajo del creador.	-5
Me gustó este video de cocina sencilla; me pareció perfecto para ver en familia y buen contenido para todas las edades.	-5
Este video tiene una carrera de obstáculos con tropiezos suaves, pero se entiende como deporte o actividad controlada.	-2
El tutorial para ordenar juguetes está muy bien logrado; es completamente amigable para niños y ideal para una tarde tranquila.	-5
Este comentario destaca que un duelo de caballeros con accesorios de plástico se siente como juego de niños, no como violencia real.	-3
Este video funciona muy bien para niños porque se entiende fácil y es muy respetuoso; gran trabajo del creador.	-5
Comentario positivo sobre el video musical alegre: es divertido sin ser pesado y me encantó el estilo amigable.	-5
Buen contenido: rutina de ejercicio suave; se siente alegre y positivo y me encantó el estilo amigable.	-5
La escena de un reto de obstáculos blandos es muy suave y apta para niños, más como juego que como pelea.	-4
La escena de un reto de acción con caídas sobre colchonetas es la parte con más acción, pero no hay sangre, crueldad ni daño real.	-1
Este experimento casero seguro es amigable; se siente alegre y positivo y ideal para una tarde tranquila.	-5
Este experimento casero seguro mantiene un ambiente sano; promueve creatividad y buen ánimo y perfecto para un ambiente familiar.	-5
Se nota que el video de cocina sencilla es bonito; mantiene un tono divertido y seguro y buen contenido para todas las edades.	-5
Comentario positivo sobre el actividad escolar divertida: transmite una energía muy sana y buen contenido para todas las edades.	-5
La parte de una batalla de bolas de nieve en tono cómico es moderada y claramente de fantasía, con un ambiente positivo.	-3
Muy buen canción para aprender; está muy bien hecho y no tiene nada preocupante, con un mensaje apto para toda la familia.	-5
El video de baile infantil está muy bien logrado; es divertido sin ser pesado y lo vería otra vez con mi familia.	-5
Comentario positivo sobre el canción para aprender: es claro, limpio y entretenido y se nota que está pensado con cuidado.	-5
Este video funciona muy bien para niños porque se entiende fácil y es muy respetuoso; lo recomendaría para niños.	-5
Buen contenido: actividad escolar divertida; no contiene nada fuerte ni inapropiado y perfecto para un ambiente familiar.	-5
Muy buen reto de colores; me pareció perfecto para ver en familia, con un mensaje apto para toda la familia.	-5
Se nota que el reseña de juguetes es amigable; es claro, limpio y entretenido y muy sano y agradable de ver.	-5
Muy buen tutorial para ordenar juguetes; está muy bien hecho y no tiene nada preocupante, con un mensaje apto para toda la familia.	-5
Comentario positivo sobre el video de dibujos animados: se siente alegre y positivo y perfecto para un ambiente familiar.	-5
Aunque aparece una competencia ninja infantil con colchonetas, todo se presenta como juego imaginario y apto para familia.	-3
La escena de un juego de policías y ladrones sin agresividad puede incluir acción, pero evita cualquier contenido gráfico o cruel.	-3
El video usa una competencia de robots de juguete como recurso cómico, sin contenido fuerte ni preocupante.	-4
El video muestra una competencia de videojuegos infantiles; se ve como juego familiar, sin agresividad real, y mantiene un tono divertido.	-4
Se nota que el broma inocente es divertido; usa un lenguaje amable y positivo y muy sano y agradable de ver.	-5
Me gustó este video de baile infantil; muy bonito y apto para todos y gran trabajo del creador.	-5
Comentario positivo sobre el cuento corto animado: me gustó porque es tranquilo y educativo y me encantó el estilo amigable.	-5
Me gustó la parte de una rivalidad ligera entre personajes amables porque parece competencia sana, con reglas claras y buen humor.	-4
El momento de una persecución de caricatura sin daño real tiene acción suave, sin heridas, sin miedo fuerte y con intención cómica.	-3
El video usa un duelo de baile con reglas claras como recurso cómico, sin contenido fuerte ni preocupante.	-4
Este video funciona muy bien para niños porque se entiende fácil y es muy respetuoso; lo recomendaría para niños.	-5
El momento de una simulación de rescate en juego infantil es activo, pero se enfoca en disciplina, respeto y seguridad.	-2
Se nota que el reseña de juguetes es claro; usa un lenguaje amable y positivo y ideal para una tarde tranquila.	-5
Me gustó este cuento corto animado; no contiene nada fuerte ni inapropiado y muy sano y agradable de ver.	-5
El tono del video de magia sencilla es alegre, limpio y agradable; me encantó el estilo amigable.	-5
Se nota que el video de dibujos animados es familiar; tiene un mensaje muy amable y muy sano y agradable de ver.	-5
Me gustó este reseña de juguetes; me pareció perfecto para ver en familia y muy buena opción para contenido seguro.	-5
Muy buen clip de mascotas tiernas; se siente alegre y positivo, con un mensaje apto para toda la familia.	-5
Buen contenido: video de ciencia fácil; está muy bien hecho y no tiene nada preocupante y ideal para una tarde tranquila.	-5
La escena de un juego de persecución en caricatura es muy suave y apta para niños, más como juego que como pelea.	-4
Aunque aparece una batalla de rap limpia y divertida, el mensaje es de amistad, respeto y diversión segura.	-4
Buen contenido: juego de mesa familiar; es completamente amigable para niños y aporta algo positivo y sencillo.	-5
Se nota que el rutina de ejercicio suave es bonito; me hizo sonreír de forma sana y buen contenido para todas las edades.	-5
El reseña de juguetes está muy bien logrado; se entiende fácil y es muy respetuoso y gran trabajo del creador.	-5
Comentario positivo sobre el tutorial de manualidades: usa un lenguaje amable y positivo y lo recomendaría para niños.	-5
El momento de un juego de policías y ladrones sin agresividad es claramente actuado y mantiene una intención divertida.	-3
Este actividad escolar divertida es positivo; usa un lenguaje amable y positivo y se nota que está pensado con cuidado.	-5
Me gustó este reseña de juguetes; está muy bien hecho y no tiene nada preocupante y muy sano y agradable de ver.	-5
Muy buen video de origami; es ideal para pasar un buen rato, con un mensaje apto para toda la familia.	-5
El video convierte un combate de artes marciales con protección y respeto en aventura familiar, con respeto y sin consecuencias graves.	-3
Buen contenido: video de animales felices; mantiene un tono divertido y seguro y muy sano y agradable de ver.	-5
Buen contenido: reto divertido sin peligro; me pareció perfecto para ver en familia y lo recomendaría para niños.	-5
Se nota que el video de arte y pintura es creativo; tiene un mensaje muy amable y se nota que está pensado con cuidado.	-5
Este juego de adivinanzas es inofensivo; se siente alegre y positivo y excelente para un momento tranquilo.	-5
Comentario positivo sobre el actividad escolar divertida: es claro, limpio y entretenido y lo vería otra vez con mi familia.	-5
Me gustó este video de ciencia fácil; es claro, limpio y entretenido y gran trabajo del creador.	-5
El video de cocina sencilla está muy bien logrado; transmite una energía muy sana y aporta algo positivo y sencillo.	-5
Este video de comedia familiar mantiene un ambiente sano; es completamente amigable para niños y aporta algo positivo y sencillo.	-5
Este video tiene una demostración de defensa personal segura, pero se entiende como deporte o actividad controlada.	-2
La escena de un desafío de risas entre primos es muy suave y apta para niños, más como juego que como pelea.	-4
El video de animales felices está muy bien logrado; promueve creatividad y buen ánimo y muy buena opción para contenido seguro.	-5
La escena de una competencia ninja infantil con colchonetas puede incluir acción, pero evita cualquier contenido gráfico o cruel.	-3
Se nota que el clip de mascotas tiernas es positivo; me gustó porque es tranquilo y educativo y se nota que está pensado con cuidado.	-5
Este video de cocina sencilla es alegre; transmite una energía muy sana y se nota que está pensado con cuidado.	-5
El video de arte y pintura está muy bien logrado; es completamente amigable para niños y excelente para un momento tranquilo.	-5
Este actividad de plastilina mantiene un ambiente sano; no contiene nada fuerte ni inapropiado y lo vería otra vez con mi familia.	-5
Este video de baile infantil es familiar; tiene un mensaje muy amable y muy sano y agradable de ver.	-5
El cuento corto animado está muy bien logrado; es ideal para pasar un buen rato y perfecto para un ambiente familiar.	-5
Hay un enfrentamiento de juguetes animados, pero está tratado de manera amable, ficticia y sin detalles dañinos.	-3
Este rutina de ejercicio suave mantiene un ambiente sano; me hizo sonreír de forma sana y lo vería otra vez con mi familia.	-5
Comentario positivo sobre el video educativo para niños: no contiene nada fuerte ni inapropiado y se nota que está pensado con cuidado.	-5
Este video musical alegre mantiene un ambiente sano; se siente alegre y positivo y se nota que está pensado con cuidado.	-5
Me gustó este video de arte y pintura; no contiene nada fuerte ni inapropiado y lo vería otra vez con mi familia.	-5
La parte de una competencia de esgrima con equipo protector tiene movimiento físico, aunque todo sucede en un ambiente cuidado.	-2
Este video funciona muy bien para niños porque me gustó porque es tranquilo y educativo; muy sano y agradable de ver.	-5
El video de cocina sencilla está muy bien logrado; me pareció perfecto para ver en familia y gran trabajo del creador.	-5
Muy buen video de naturaleza; no contiene nada fuerte ni inapropiado, con un mensaje apto para toda la familia.	-5
Me gustó la parte de un concurso de equilibrio con espuma porque parece competencia sana, con reglas claras y buen humor.	-4
Comentario positivo sobre el cuento corto animado: tiene un mensaje muy amable y gran trabajo del creador.	-5
La parte de un reto de obstáculos blandos es ligera, cómica y no muestra daño real.	-4
Buen contenido: actividad de plastilina; es claro, limpio y entretenido y gran trabajo del creador.	-5
Me gustó este video de animales felices; muy bonito y apto para todos y gran trabajo del creador.	-5
Me gustó este video musical alegre; es claro, limpio y entretenido y perfecto para un ambiente familiar.	-5
Buen contenido: video de ciencia fácil; se entiende fácil y es muy respetuoso y me encantó el estilo amigable.	-5
Me gustó este video de comedia familiar; es divertido sin ser pesado y aporta algo positivo y sencillo.	-5
El actividad de plastilina está muy bien logrado; promueve creatividad y buen ánimo y se nota que está pensado con cuidado.	-5
Este video funciona muy bien para niños porque es completamente amigable para niños; lo recomendaría para niños.	-5
Muy buen canción para aprender; es completamente amigable para niños, con un mensaje apto para toda la familia.	-5
El tono del tutorial de manualidades es familiar, limpio y agradable; excelente para un momento tranquilo.	-5
El tono del video de dibujos animados es limpio, limpio y agradable; perfecto para un ambiente familiar.	-5
El video incluye una lucha olímpica explicada como deporte; muestra acción física sana, con protección, reglas y supervisión.	-2
El reto de colores está muy bien logrado; está muy bien hecho y no tiene nada preocupante y ideal para una tarde tranquila.	-5
El video muestra una discusión cómica que termina en amistad; se ve como juego familiar, sin agresividad real, y mantiene un tono divertido.	-4
Este video funciona muy bien para niños porque mantiene un tono divertido y seguro; lo recomendaría para niños.	-5
El tono del actividad de plastilina es divertido, limpio y agradable; perfecto para un ambiente familiar.	-5
Se nota que el video educativo para niños es tranquilo; es completamente amigable para niños y muy buena opción para contenido seguro.	-5
Buen video con una competencia de disfraces de superhéroes; todo se siente controlado, alegre y family friendly.	-4
Se nota que el video de naturaleza es educativo; me hizo sonreír de forma sana y muy sano y agradable de ver.	-5
La parte de una competencia de esgrima con equipo protector tiene movimiento físico, aunque todo sucede en un ambiente cuidado.	-2
Este clip de mascotas tiernas es educativo; es ideal para pasar un buen rato y ideal para una tarde tranquila.	-5
El momento de una pelea ficticia de superhéroes de cartón es claramente actuado y mantiene una intención divertida.	-3
El momento de una aventura de héroes con golpes simulados tiene acción suave, sin heridas, sin miedo fuerte y con intención cómica.	-3
El video muestra un juego de batalla ficticia con armas de espuma; tiene acción más intensa, pero sigue siendo simulada, segura y sin daño explícito.	-1
Me gustó la parte de un juego de persecución en caricatura porque parece competencia sana, con reglas claras y buen humor.	-4
Me gustó este tutorial de manualidades; transmite una energía muy sana y me encantó el estilo amigable.	-5
Buen video con un desafío de risas entre primos; todo se siente controlado, alegre y family friendly.	-4
Este comentario destaca que una aventura de héroes con golpes simulados se siente como juego de niños, no como violencia real.	-3
El video muestra un juego de persecución en caricatura; se ve como juego familiar, sin agresividad real, y mantiene un tono divertido.	-4
El video muestra una batalla de rap limpia y divertida; se ve como juego familiar, sin agresividad real, y mantiene un tono divertido.	-4
La escena de un enfrentamiento de juguetes animados se presenta de forma caricaturesca, segura y fácil de entender para niños.	-3
El video muestra un concurso de equilibrio con espuma; se ve como juego familiar, sin agresividad real, y mantiene un tono divertido.	-4
Este video funciona muy bien para niños porque promueve creatividad y buen ánimo; gran trabajo del creador.	-5
Se nota que el video de lectura infantil es amigable; me pareció perfecto para ver en familia y perfecto para un ambiente familiar.	-5
Este experimento casero seguro mantiene un ambiente sano; es divertido sin ser pesado y lo vería otra vez con mi familia.	-5
Este actividad de plastilina es claro; transmite una energía muy sana y ideal para una tarde tranquila.	-5
El video usa un reto de almohadas de juguete como recurso cómico, sin contenido fuerte ni preocupante.	-4
El tono del reseña de juguetes es familiar, limpio y agradable; muy sano y agradable de ver.	-5
Aunque hay un reto de coordinación con movimiento rápido, el contexto es seguro, deportivo y respetuoso.	-2
Buen contenido: video de ciencia fácil; se entiende fácil y es muy respetuoso y se nota que está pensado con cuidado.	-5
El momento de una batalla fantástica con efectos de caricatura tiene energía alta, aunque se mantiene ficticio, deportivo y apto.	-1
Muy buen video de naturaleza; es divertido sin ser pesado, con un mensaje apto para toda la familia.	-5
Me gustó este video de comedia familiar; me pareció perfecto para ver en familia y me encantó el estilo amigable.	-5
Muy buen video de arte y pintura; no contiene nada fuerte ni inapropiado, con un mensaje apto para toda la familia.	-5
Este rutina de ejercicio suave mantiene un ambiente sano; es claro, limpio y entretenido y perfecto para un ambiente familiar.	-5
El video usa un partido de fútbol con choques accidentales leves como ejemplo de actividad física sana y controlada.	-2
Me gustó este cuento corto animado; me pareció perfecto para ver en familia y perfecto para un ambiente familiar.	-5
Aunque hay un entrenamiento de artes marciales sin agresividad, el contexto es seguro, deportivo y respetuoso.	-2
El tono del cuento corto animado es bonito, limpio y agradable; excelente para un momento tranquilo.	-5
El historia con moraleja está muy bien logrado; es ideal para pasar un buen rato y me encantó el estilo amigable.	-5
Se nota que el historia con moraleja es claro; promueve creatividad y buen ánimo y excelente para un momento tranquilo.	-5
Este video funciona muy bien para niños porque deja una sensación muy positiva; lo vería otra vez con mi familia.	-5
La escena de una escena de robots chocando en animación infantil es la parte con más acción, pero no hay sangre, crueldad ni daño real.	-1
Aunque aparece un combate de artes marciales con protección y respeto, todo se presenta como juego imaginario y apto para familia.	-3
Buen contenido: clip de mascotas tiernas; es divertido sin ser pesado y muy sano y agradable de ver.	-5
Hay una escena de acción tipo caricatura educativa, pero está tratado de manera amable, ficticia y sin detalles dañinos.	-3
Buen contenido: video de arte y pintura; deja una sensación muy positiva y se nota que está pensado con cuidado.	-5
El tono del clip de mascotas tiernas es entretenido, limpio y agradable; ideal para una tarde tranquila.	-5
Este historia con moraleja mantiene un ambiente sano; deja una sensación muy positiva y me encantó el estilo amigable.	-5
Buen contenido: historia con moraleja; es completamente amigable para niños y gran trabajo del creador.	-5
La parte de un duelo de baile con reglas claras es ligera, cómica y no muestra daño real.	-4
El experimento casero seguro está muy bien logrado; tiene un mensaje muy amable y ideal para una tarde tranquila.	-5
Me gustó este reto de colores; es divertido sin ser pesado y buen contenido para todas las edades.	-5
Buen contenido: video educativo para niños; tiene un mensaje muy amable y ideal para una tarde tranquila.	-5
El tono del video de baile infantil es limpio, limpio y agradable; muy buena opción para contenido seguro.	-5
Este experimento casero seguro es seguro; muy bonito y apto para todos y se nota que está pensado con cuidado.	-5
El video muestra una aventura de héroes con golpes simulados; es ficticio y family friendly, sin daño real y con tono divertido.	-3
El reto divertido sin peligro está muy bien logrado; es ideal para pasar un buen rato y muy buena opción para contenido seguro.	-5
El cuento corto animado está muy bien logrado; no contiene nada fuerte ni inapropiado y ideal para una tarde tranquila.	-5
Este video de cocina sencilla mantiene un ambiente sano; tiene un mensaje muy amable y lo recomendaría para niños.	-5
Buen contenido: video de dibujos animados; se entiende fácil y es muy respetuoso y gran trabajo del creador.	-5
La escena de una competencia de chistes entre amigos es muy suave y apta para niños, más como juego que como pelea.	-4
Muy buen rutina de ejercicio suave; mantiene un tono divertido y seguro, con un mensaje apto para toda la familia.	-5
Este video de comedia familiar es alegre; es claro, limpio y entretenido y lo recomendaría para niños.	-5
Este video funciona muy bien para niños porque no contiene nada fuerte ni inapropiado; se nota que está pensado con cuidado.	-5
La escena de una batalla de globos de agua en familia parece una broma inocente entre amigos y se mantiene muy cuidada.	-4
Muy buen video de magia sencilla; transmite una energía muy sana, con un mensaje apto para toda la familia.	-5
El tono del video educativo para niños es amigable, limpio y agradable; buen contenido para todas las edades.	-5
El tono del rutina de ejercicio suave es sano, limpio y agradable; gran trabajo del creador.	-5
Muy buen actividad escolar divertida; transmite una energía muy sana, con un mensaje apto para toda la familia.	-5
Buen contenido: broma inocente; me hizo sonreír de forma sana y gran trabajo del creador.	-5
El video usa un juego de persecución en caricatura como recurso cómico, sin contenido fuerte ni preocupante.	-4
Este video educativo para niños mantiene un ambiente sano; deja una sensación muy positiva y gran trabajo del creador.	-5
La parte de un juego de roles con héroes imaginarios es ligera, cómica y no muestra daño real.	-4
El tono del video de cocina sencilla es bonito, limpio y agradable; aporta algo positivo y sencillo.	-5
Comentario positivo sobre el reseña de juguetes: transmite una energía muy sana y gran trabajo del creador.	-5
Muy buen reseña de juguetes; es ideal para pasar un buen rato, con un mensaje apto para toda la familia.	-5
Se nota que el actividad de plastilina es creativo; es ideal para pasar un buen rato y muy buena opción para contenido seguro.	-5
El tono del actividad de plastilina es divertido, limpio y agradable; muy buena opción para contenido seguro.	-5
El momento de una competencia de robots de juguete tiene conflicto muy leve, pero sigue siendo sano y familiar.	-4
La escena de un juego de persecución en caricatura parece una broma inocente entre amigos y se mantiene muy cuidada.	-4
El video muestra un reto de defensa personal explicado como deporte; es ficticio y family friendly, sin daño real y con tono divertido.	-3
El video muestra una batalla de globos de agua en familia; se ve como juego familiar, sin agresividad real, y mantiene un tono divertido.	-4
Aunque aparece una escena de choque ficticio con tono de caricatura, se presenta como fantasía, entrenamiento o juego supervisado.	-1
Este canción para aprender mantiene un ambiente sano; es claro, limpio y entretenido y muy sano y agradable de ver.	-5
Hay una práctica de taekwondo con respeto al rival, pero se mantiene en un entorno sano, con reglas claras y sin violencia realista.	-2
Este video de baile infantil mantiene un ambiente sano; me gustó porque es tranquilo y educativo y excelente para un momento tranquilo.	-5
El reseña de juguetes está muy bien logrado; es completamente amigable para niños y lo vería otra vez con mi familia.	-5
Este video de animales felices es agradable; se siente alegre y positivo y gran trabajo del creador.	-5
Comentario positivo sobre el video de comedia familiar: es ideal para pasar un buen rato y lo recomendaría para niños.	-5
La escena de un choque cómico entre personajes de caricatura se presenta de forma caricaturesca, segura y fácil de entender para niños.	-3
El tono del video de lectura infantil es amigable, limpio y agradable; lo vería otra vez con mi familia.	-5
Buen contenido: video educativo para niños; está muy bien hecho y no tiene nada preocupante y aporta algo positivo y sencillo.	-5
Muy buen video musical alegre; mantiene un tono divertido y seguro, con un mensaje apto para toda la familia.	-5
Me gustó este reto de colores; deja una sensación muy positiva y excelente para un momento tranquilo.	-5
La escena de un duelo de baile con reglas claras es muy suave y apta para niños, más como juego que como pelea.	-4
El momento de una aventura de héroes con golpes simulados tiene acción suave, sin heridas, sin miedo fuerte y con intención cómica.	-3
La escena de una competencia de videojuegos infantiles parece una broma inocente entre amigos y se mantiene muy cuidada.	-4
El momento de una rivalidad ligera entre personajes amables tiene conflicto muy leve, pero sigue siendo sano y familiar.	-4
Buen contenido: video de animales felices; está muy bien hecho y no tiene nada preocupante y ideal para una tarde tranquila.	-5
Este broma inocente es alegre; no contiene nada fuerte ni inapropiado y perfecto para un ambiente familiar.	-5
El tono del broma inocente es entretenido, limpio y agradable; ideal para una tarde tranquila.	-5
El tono del video de magia sencilla es tranquilo, limpio y agradable; excelente para un momento tranquilo.	-5
Este video de cocina sencilla mantiene un ambiente sano; se entiende fácil y es muy respetuoso y lo recomendaría para niños.	-5
La parte de una batalla de rap limpia y divertida es ligera, cómica y no muestra daño real.	-4
Me gustó este video educativo para niños; promueve creatividad y buen ánimo y buen contenido para todas las edades.	-5
Buen contenido: historia con moraleja; promueve creatividad y buen ánimo y se nota que está pensado con cuidado.	-5
Buen contenido: video de dibujos animados; se siente alegre y positivo y perfecto para un ambiente familiar.	-5
Este video funciona muy bien para niños porque está muy bien hecho y no tiene nada preocupante; me encantó el estilo amigable.	-5
Se nota que el video de origami es educativo; me hizo sonreír de forma sana y excelente para un momento tranquilo.	-5
Me gustó este video de dibujos animados; deja una sensación muy positiva y muy buena opción para contenido seguro.	-5
Muy buen video de ciencia fácil; no contiene nada fuerte ni inapropiado, con un mensaje apto para toda la familia.	-5
Se nota que el video de lectura infantil es creativo; muy bonito y apto para todos y se nota que está pensado con cuidado.	-5
Este video funciona muy bien para niños porque me gustó porque es tranquilo y educativo; ideal para una tarde tranquila.	-5
Este video tiene un partido amistoso con contacto deportivo, pero se entiende como deporte o actividad controlada.	-2
Este video funciona muy bien para niños porque es completamente amigable para niños; muy sano y agradable de ver.	-5
Aunque aparece una batalla de almohadas muy suave, todo se presenta como juego imaginario y apto para familia.	-3
Me gustó este juego de mesa familiar; está muy bien hecho y no tiene nada preocupante y perfecto para un ambiente familiar.	-5
Se nota que el video de naturaleza es respetuoso; usa un lenguaje amable y positivo y muy sano y agradable de ver.	-5
El video muestra un choque cómico entre personajes de caricatura; es ficticio y family friendly, sin daño real y con tono divertido.	-3
El video muestra un reto de defensa personal explicado como deporte; es ficticio y family friendly, sin daño real y con tono divertido.	-3
Este video de origami es alegre; tiene un mensaje muy amable y lo vería otra vez con mi familia.	-5
Se nota que el tutorial para ordenar juguetes es tranquilo; promueve creatividad y buen ánimo y muy buena opción para contenido seguro.	-5
Buen contenido: video de cocina sencilla; es divertido sin ser pesado y perfecto para un ambiente familiar.	-5
Buen contenido: video de dibujos animados; es ideal para pasar un buen rato y muy sano y agradable de ver.	-5
El tono del video de baile infantil es tranquilo, limpio y agradable; perfecto para un ambiente familiar.	-5
Este video de comedia familiar es bonito; usa un lenguaje amable y positivo y aporta algo positivo y sencillo.	-5
El tono del cuento corto animado es positivo, limpio y agradable; gran trabajo del creador.	-5
La parte de un enfrentamiento de juguetes animados es moderada y claramente de fantasía, con un ambiente positivo.	-3
La escena de una batalla fantástica sin heridas ni sustos puede incluir acción, pero evita cualquier contenido gráfico o cruel.	-3
El video convierte un duelo de caballeros con accesorios de plástico en aventura familiar, con respeto y sin consecuencias graves.	-3
Buen contenido: video de animales felices; me pareció perfecto para ver en familia y me encantó el estilo amigable.	-5
El momento de un juego de persecución en caricatura tiene conflicto muy leve, pero sigue siendo sano y familiar.	-4
Hay una escena de acción tipo caricatura educativa, pero está tratado de manera amable, ficticia y sin detalles dañinos.	-3
Buen video con un reto de obstáculos blandos; todo se siente controlado, alegre y family friendly.	-4
Comentario positivo sobre el cuento corto animado: transmite una energía muy sana y lo vería otra vez con mi familia.	-5
Me gustó este actividad de plastilina; se entiende fácil y es muy respetuoso y excelente para un momento tranquilo.	-5
El video de naturaleza está muy bien logrado; tiene un mensaje muy amable y buen contenido para todas las edades.	-5
Este comentario destaca que un duelo de espadas de espuma se siente como juego de niños, no como violencia real.	-3
El cuento corto animado está muy bien logrado; transmite una energía muy sana y gran trabajo del creador.	-5
Comentario positivo sobre el canción para aprender: es ideal para pasar un buen rato y gran trabajo del creador.	-5
Este video funciona muy bien para niños porque es divertido sin ser pesado; muy buena opción para contenido seguro.	-5
El video muestra un enfrentamiento de juguetes animados; es ficticio y family friendly, sin daño real y con tono divertido.	-3
Este juego de mesa familiar mantiene un ambiente sano; se entiende fácil y es muy respetuoso y perfecto para un ambiente familiar.	-5
Este comentario destaca que un reto de defensa personal explicado como deporte se siente como juego de niños, no como violencia real.	-3
El tono del video de lectura infantil es positivo, limpio y agradable; gran trabajo del creador.	-5
Buen contenido: video de baile infantil; se siente alegre y positivo y se nota que está pensado con cuidado.	-5
La escena de una escena de acción muy marcada pero caricaturesca puede parecer intensa, pero queda claro que es actuación, deporte o caricatura.	-1
Buen contenido: video de naturaleza; muy bonito y apto para todos y se nota que está pensado con cuidado.	-5
Este actividad escolar divertida mantiene un ambiente sano; no contiene nada fuerte ni inapropiado y buen contenido para todas las edades.	-5
El tono del video de lectura infantil es divertido, limpio y agradable; se nota que está pensado con cuidado.	-5
Este tutorial para ordenar juguetes mantiene un ambiente sano; usa un lenguaje amable y positivo y aporta algo positivo y sencillo.	-5
El video incluye una competencia de esgrima con equipo protector; muestra acción física sana, con protección, reglas y supervisión.	-2
Buen contenido: video de magia sencilla; se entiende fácil y es muy respetuoso y gran trabajo del creador.	-5
La escena de un concurso de equilibrio con espuma parece una broma inocente entre amigos y se mantiene muy cuidada.	-4
Este video funciona muy bien para niños porque es completamente amigable para niños; lo recomendaría para niños.	-5
El video de ciencia fácil está muy bien logrado; me pareció perfecto para ver en familia y muy buena opción para contenido seguro.	-5
Este video musical alegre mantiene un ambiente sano; es claro, limpio y entretenido y lo vería otra vez con mi familia.	-5
Muy buen video de lectura infantil; se siente alegre y positivo, con un mensaje apto para toda la familia.	-5
Me gustó este reseña de juguetes; deja una sensación muy positiva y se nota que está pensado con cuidado.	-5
Este reseña de juguetes mantiene un ambiente sano; es ideal para pasar un buen rato y buen contenido para todas las edades.	-5
El video muestra una escena de robots chocando en animación infantil; tiene acción más intensa, pero sigue siendo simulada, segura y sin daño explícito.	-1
Este reto divertido sin peligro mantiene un ambiente sano; es claro, limpio y entretenido y muy buena opción para contenido seguro.	-5
Este reto de colores es claro; me gustó porque es tranquilo y educativo y muy sano y agradable de ver.	-5
La escena de una caída cómica sobre colchoneta tiene contacto leve, sin intención de hacer daño y con tono educativo.	-2
Me gustó este animación colorida; deja una sensación muy positiva y muy buena opción para contenido seguro.	-5
Este reto divertido sin peligro es divertido; muy bonito y apto para todos y muy sano y agradable de ver.	-5
El tono del video de animales felices es respetuoso, limpio y agradable; lo recomendaría para niños.	-5
Muy buen video educativo para niños; mantiene un tono divertido y seguro, con un mensaje apto para toda la familia.	-5
El video convierte una batalla de almohadas muy suave en aventura familiar, con respeto y sin consecuencias graves.	-3
Buen contenido: juego de mesa familiar; muy bonito y apto para todos y lo recomendaría para niños.	-5
Hay un combate deportivo intenso con reglas claras, pero el contenido evita detalles fuertes y mantiene un enfoque seguro.	-1
El video muestra un concurso de bromas inocentes; se ve como juego familiar, sin agresividad real, y mantiene un tono divertido.	-4
La escena de una pelea de robots animados sin violencia real se presenta de forma caricaturesca, segura y fácil de entender para niños.	-3
Se nota que el video educativo para niños es divertido; es ideal para pasar un buen rato y lo recomendaría para niños.	-5
Buen contenido: cuento corto animado; es claro, limpio y entretenido y muy sano y agradable de ver.	-5
El tono del video de origami es claro, limpio y agradable; se nota que está pensado con cuidado.	-5
Muy buen tutorial para ordenar juguetes; es claro, limpio y entretenido, con un mensaje apto para toda la familia.	-5
Este tutorial para ordenar juguetes mantiene un ambiente sano; está muy bien hecho y no tiene nada preocupante y lo vería otra vez con mi familia.	-5
Se nota que el video de baile infantil es sano; promueve creatividad y buen ánimo y lo vería otra vez con mi familia.	-5
Este video de cocina sencilla es tranquilo; mantiene un tono divertido y seguro y se nota que está pensado con cuidado.	-5
Este tutorial de manualidades es sano; deja una sensación muy positiva y perfecto para un ambiente familiar.	-5
Este video funciona muy bien para niños porque me gustó porque es tranquilo y educativo; ideal para una tarde tranquila.	-5
El broma inocente está muy bien logrado; transmite una energía muy sana y perfecto para un ambiente familiar.	-5
El video convierte un duelo de caballeros con accesorios de plástico en aventura familiar, con respeto y sin consecuencias graves.	-3
Aunque aparece un juego de captura la bandera sin contacto, el mensaje es de amistad, respeto y diversión segura.	-4
Este reto divertido sin peligro mantiene un ambiente sano; es ideal para pasar un buen rato y muy buena opción para contenido seguro.	-5
Se nota que el canción para aprender es sano; se entiende fácil y es muy respetuoso y lo recomendaría para niños.	-5
Muy buen cuento corto animado; me pareció perfecto para ver en familia, con un mensaje apto para toda la familia.	-5
Comentario positivo sobre el actividad escolar divertida: no contiene nada fuerte ni inapropiado y excelente para un momento tranquilo.	-5
Este video de lectura infantil mantiene un ambiente sano; me pareció perfecto para ver en familia y excelente para un momento tranquilo.	-5
Este video funciona muy bien para niños porque deja una sensación muy positiva; se nota que está pensado con cuidado.	-5
La parte de una demostración de defensa personal segura tiene movimiento físico, aunque todo sucede en un ambiente cuidado.	-2
Me gustó este animación colorida; me pareció perfecto para ver en familia y perfecto para un ambiente familiar.	-5
Comentario positivo sobre el rutina de ejercicio suave: mantiene un tono divertido y seguro y lo recomendaría para niños.	-5
Este juego de adivinanzas mantiene un ambiente sano; está muy bien hecho y no tiene nada preocupante y lo vería otra vez con mi familia.	-5
Aunque hay un entrenamiento de boxeo con guantes y reglas, el contexto es seguro, deportivo y respetuoso.	-2
El video usa una discusión cómica que termina en amistad como recurso cómico, sin contenido fuerte ni preocupante.	-4
Se nota que el actividad escolar divertida es bonito; es ideal para pasar un buen rato y gran trabajo del creador.	-5
Este video de magia sencilla es claro; es ideal para pasar un buen rato y lo recomendaría para niños.	-5
Buen contenido: video de origami; promueve creatividad y buen ánimo y aporta algo positivo y sencillo.	-5
Este video incluye una escena de persecución rápida sin daño visible; puede sentirse más fuerte, aunque sigue en contexto deportivo o ficticio.	-1
Muy buen animación colorida; no contiene nada fuerte ni inapropiado, con un mensaje apto para toda la familia.	-5
El experimento casero seguro está muy bien logrado; es divertido sin ser pesado y muy buena opción para contenido seguro.	-5
El tono del video de arte y pintura es respetuoso, limpio y agradable; ideal para una tarde tranquila.	-5
El canción para aprender está muy bien logrado; me gustó porque es tranquilo y educativo y muy buena opción para contenido seguro.	-5
Aunque aparece una escena de acción tipo caricatura educativa, todo se presenta como juego imaginario y apto para familia.	-3
La parte de un juego de policías y ladrones sin agresividad es moderada y claramente de fantasía, con un ambiente positivo.	-3
La situación de un juego de roles con héroes imaginarios es amigable y deja claro que todo es juego.	-4
Este broma inocente es sano; tiene un mensaje muy amable y perfecto para un ambiente familiar.	-5
El clip de mascotas tiernas está muy bien logrado; es completamente amigable para niños y perfecto para un ambiente familiar.	-5
La parte de una caída cómica sobre colchoneta puede ser intensa para algunos niños, pero no muestra daño explícito ni crueldad.	-2
Este video educativo para niños es inofensivo; tiene un mensaje muy amable y excelente para un momento tranquilo.	-5
La escena de una carrera de obstáculos con tropiezos suaves tiene contacto leve, sin intención de hacer daño y con tono educativo.	-2
Se nota que el actividad escolar divertida es inofensivo; tiene un mensaje muy amable y aporta algo positivo y sencillo.	-5
Me gustó este video de comedia familiar; se entiende fácil y es muy respetuoso y me encantó el estilo amigable.	-5
Buen video con una competencia de disfraces de superhéroes; todo se siente controlado, alegre y family friendly.	-4
El video de comedia familiar está muy bien logrado; muy bonito y apto para todos y me encantó el estilo amigable.	-5
El actividad de plastilina está muy bien logrado; muy bonito y apto para todos y lo vería otra vez con mi familia.	-5
El cuento corto animado está muy bien logrado; muy bonito y apto para todos y muy sano y agradable de ver.	-5
Se nota que el reto de colores es respetuoso; me gustó porque es tranquilo y educativo y muy sano y agradable de ver.	-5
Me gustó este video de arte y pintura; usa un lenguaje amable y positivo y excelente para un momento tranquilo.	-5
Este video de magia sencilla mantiene un ambiente sano; se siente alegre y positivo y muy sano y agradable de ver.	-5
La situación de una competencia de videojuegos infantiles es amigable y deja claro que todo es juego.	-4
Me gustó este reto de colores; es completamente amigable para niños y excelente para un momento tranquilo.	-5
Buen contenido: reto divertido sin peligro; es ideal para pasar un buen rato y aporta algo positivo y sencillo.	-5
La parte de una competencia ninja infantil con colchonetas es moderada y claramente de fantasía, con un ambiente positivo.	-3
El tono del actividad de plastilina es tranquilo, limpio y agradable; perfecto para un ambiente familiar.	-5
Muy buen juego de adivinanzas; deja una sensación muy positiva, con un mensaje apto para toda la familia.	-5
Buen contenido: animación colorida; me gustó porque es tranquilo y educativo y me encantó el estilo amigable.	-5
La escena de un duelo de piratas de juguete puede incluir acción, pero evita cualquier contenido gráfico o cruel.	-3
Muy buen reseña de juguetes; es ideal para pasar un buen rato, con un mensaje apto para toda la familia.	-5
El video de naturaleza está muy bien logrado; me pareció perfecto para ver en familia y se nota que está pensado con cuidado.	-5
El animación colorida está muy bien logrado; se siente alegre y positivo y muy buena opción para contenido seguro.	-5
Muy buen video de ciencia fácil; me pareció perfecto para ver en familia, con un mensaje apto para toda la familia.	-5
Buen contenido: reseña de juguetes; transmite una energía muy sana y gran trabajo del creador.	-5
El tono del animación colorida es amigable, limpio y agradable; lo vería otra vez con mi familia.	-5
El tono del rutina de ejercicio suave es educativo, limpio y agradable; perfecto para un ambiente familiar.	-5
Hay una persecución de caricatura sin daño real, pero está tratado de manera amable, ficticia y sin detalles dañinos.	-3
Muy buen reto divertido sin peligro; es completamente amigable para niños, con un mensaje apto para toda la familia.	-5
El reseña de juguetes está muy bien logrado; transmite una energía muy sana y ideal para una tarde tranquila.	-5
Este rutina de ejercicio suave es claro; se entiende fácil y es muy respetuoso y gran trabajo del creador.	-5
Este video de origami es limpio; se siente alegre y positivo y muy buena opción para contenido seguro.	-5
La escena de un duelo de magia ficticia es muy suave y apta para niños, más como juego que como pelea.	-4
La escena de un juego de roles con héroes imaginarios parece una broma inocente entre amigos y se mantiene muy cuidada.	-4
Buen contenido: video educativo para niños; es divertido sin ser pesado y lo vería otra vez con mi familia.	-5
Comentario positivo sobre el rutina de ejercicio suave: es ideal para pasar un buen rato y se nota que está pensado con cuidado.	-5
Comentario positivo sobre el juego de adivinanzas: me gustó porque es tranquilo y educativo y se nota que está pensado con cuidado.	-5
El video de animales felices está muy bien logrado; está muy bien hecho y no tiene nada preocupante y me encantó el estilo amigable.	-5
Comentario positivo sobre el reseña de juguetes: es claro, limpio y entretenido y muy buena opción para contenido seguro.	-5
Me gustó este juego de adivinanzas; usa un lenguaje amable y positivo y se nota que está pensado con cuidado.	-5
Se nota que el actividad de plastilina es tranquilo; muy bonito y apto para todos y buen contenido para todas las edades.	-5
Me gustó la parte de una rivalidad ligera entre personajes amables porque parece competencia sana, con reglas claras y buen humor.	-4
El video usa una práctica de taekwondo con respeto al rival como ejemplo de actividad física sana y controlada.	-2
Me gustó este actividad escolar divertida; me hizo sonreír de forma sana y gran trabajo del creador.	-5
La parte de una escena de acción física explicada como juego puede ser intensa para algunos niños, pero no muestra daño explícito ni crueldad.	-2
Me gustó la parte de una competencia de disfraces de superhéroes porque parece competencia sana, con reglas claras y buen humor.	-4
El video de baile infantil está muy bien logrado; me hizo sonreír de forma sana y lo vería otra vez con mi familia.	-5
Este video incluye una escena de robots chocando en animación infantil; puede sentirse más fuerte, aunque sigue en contexto deportivo o ficticio.	-1
La escena de un reto de obstáculos blandos es muy suave y apta para niños, más como juego que como pelea.	-4
La escena de un reto de almohadas de juguete parece una broma inocente entre amigos y se mantiene muy cuidada.	-4
Aunque aparece una pelea de robots animados sin violencia real, todo se presenta como juego imaginario y apto para familia.	-3
Este video de cocina sencilla es educativo; tiene un mensaje muy amable y buen contenido para todas las edades.	-5
Muy buen canción para aprender; me hizo sonreír de forma sana, con un mensaje apto para toda la familia.	-5
Muy buen actividad escolar divertida; promueve creatividad y buen ánimo, con un mensaje apto para toda la familia.	-5
Me gustó la parte de un duelo de baile con reglas claras porque parece competencia sana, con reglas claras y buen humor.	-4
Buen contenido: video de baile infantil; mantiene un tono divertido y seguro y se nota que está pensado con cuidado.	-5
Me gustó este video musical alegre; es claro, limpio y entretenido y lo recomendaría para niños.	-5
El tono del video de magia sencilla es limpio, limpio y agradable; perfecto para un ambiente familiar.	-5
Este video de origami mantiene un ambiente sano; se entiende fácil y es muy respetuoso y me encantó el estilo amigable.	-5
Este video de dibujos animados mantiene un ambiente sano; es claro, limpio y entretenido y ideal para una tarde tranquila.	-5
Me gustó este video de dibujos animados; es claro, limpio y entretenido y me encantó el estilo amigable.	-5
El video musical alegre está muy bien logrado; mantiene un tono divertido y seguro y muy sano y agradable de ver.	-5
El momento de una competencia de chistes entre amigos tiene conflicto muy leve, pero sigue siendo sano y familiar.	-4
Me gustó la parte de una competencia de chistes entre amigos porque parece competencia sana, con reglas claras y buen humor.	-4
Comentario positivo sobre el video de naturaleza: me gustó porque es tranquilo y educativo y lo vería otra vez con mi familia.	-5
Este juego de adivinanzas es agradable; me gustó porque es tranquilo y educativo y aporta algo positivo y sencillo.	-5
El momento de un juego de captura la bandera sin contacto tiene conflicto muy leve, pero sigue siendo sano y familiar.	-4
Me gustó este historia con moraleja; tiene un mensaje muy amable y muy buena opción para contenido seguro.	-5
Me gustó este juego de adivinanzas; tiene un mensaje muy amable y muy buena opción para contenido seguro.	-5
Buen contenido: video de cocina sencilla; promueve creatividad y buen ánimo y aporta algo positivo y sencillo.	-5
El video muestra un reto de obstáculos blandos; se ve como juego familiar, sin agresividad real, y mantiene un tono divertido.	-4
Se nota que el cuento corto animado es seguro; promueve creatividad y buen ánimo y muy buena opción para contenido seguro.	-5
El video de naturaleza está muy bien logrado; no contiene nada fuerte ni inapropiado y lo vería otra vez con mi familia.	-5
El video usa un reto de obstáculos blandos como recurso cómico, sin contenido fuerte ni preocupante.	-4
Comentario positivo sobre el video de lectura infantil: usa un lenguaje amable y positivo y lo vería otra vez con mi familia.	-5
Comentario positivo sobre el tutorial para ordenar juguetes: está muy bien hecho y no tiene nada preocupante y gran trabajo del creador.	-5
Muy buen canción para aprender; no contiene nada fuerte ni inapropiado, con un mensaje apto para toda la familia.	-5
Este video de magia sencilla mantiene un ambiente sano; transmite una energía muy sana y se nota que está pensado con cuidado.	-5
Este rutina de ejercicio suave es inofensivo; no contiene nada fuerte ni inapropiado y me encantó el estilo amigable.	-5
El video incluye una carrera de obstáculos con tropiezos suaves; muestra acción física sana, con protección, reglas y supervisión.	-2
El video de lectura infantil está muy bien logrado; deja una sensación muy positiva y gran trabajo del creador.	-5
Me gustó este reseña de juguetes; es completamente amigable para niños y perfecto para un ambiente familiar.	-5
La escena de un duelo de magia ficticia es muy suave y apta para niños, más como juego que como pelea.	-4
El tono del video de naturaleza es agradable, limpio y agradable; lo recomendaría para niños.	-5
El momento de un duelo de caballeros con accesorios de plástico tiene acción suave, sin heridas, sin miedo fuerte y con intención cómica.	-3
Se nota que el video de baile infantil es limpio; me gustó porque es tranquilo y educativo y me encantó el estilo amigable.	-5
El tono del video de arte y pintura es bonito, limpio y agradable; lo recomendaría para niños.	-5
Este tutorial de manualidades mantiene un ambiente sano; usa un lenguaje amable y positivo y buen contenido para todas las edades.	-5
Este tutorial para ordenar juguetes mantiene un ambiente sano; es claro, limpio y entretenido y excelente para un momento tranquilo.	-5
El tono del juego de mesa familiar es sano, limpio y agradable; muy sano y agradable de ver.	-5
Este experimento casero seguro es educativo; se siente alegre y positivo y excelente para un momento tranquilo.	-5
Este rutina de ejercicio suave mantiene un ambiente sano; transmite una energía muy sana y me encantó el estilo amigable.	-5
El momento de una escena de acción tipo caricatura educativa tiene acción suave, sin heridas, sin miedo fuerte y con intención cómica.	-3
El momento de un enfrentamiento de juguetes animados tiene acción suave, sin heridas, sin miedo fuerte y con intención cómica.	-3
El video muestra un juego de aventura con obstáculos intensos; tiene acción más intensa, pero sigue siendo simulada, segura y sin daño explícito.	-1
La parte de una batalla de bolas de nieve en tono cómico es moderada y claramente de fantasía, con un ambiente positivo.	-3
El tono del video de animales felices es positivo, limpio y agradable; excelente para un momento tranquilo.	-5
El reto de colores está muy bien logrado; me gustó porque es tranquilo y educativo y buen contenido para todas las edades.	-5
Muy buen video de dibujos animados; es claro, limpio y entretenido, con un mensaje apto para toda la familia.	-5
Me gustó este rutina de ejercicio suave; tiene un mensaje muy amable y me encantó el estilo amigable.	-5
El video incluye una batalla fantástica con efectos de caricatura, con contacto controlado y sin contenido realmente peligroso.	-1
Este juego de mesa familiar mantiene un ambiente sano; promueve creatividad y buen ánimo y ideal para una tarde tranquila.	-5
El momento de un duelo de baile con reglas claras tiene conflicto muy leve, pero sigue siendo sano y familiar.	-4
El momento de una demostración de defensa personal segura es activo, pero se enfoca en disciplina, respeto y seguridad.	-2
Me gustó la parte de un juego de persecución en caricatura porque parece competencia sana, con reglas claras y buen humor.	-4
El video usa una lucha olímpica explicada como deporte como ejemplo de actividad física sana y controlada.	-2
Me gustó este juego de adivinanzas; me hizo sonreír de forma sana y aporta algo positivo y sencillo.	-5
El momento de un juego de policías y ladrones sin agresividad tiene acción suave, sin heridas, sin miedo fuerte y con intención cómica.	-3
La escena de una carrera de obstáculos con tropiezos suaves tiene contacto leve, sin intención de hacer daño y con tono educativo.	-2
Este comentario destaca que una batalla fantástica sin heridas ni sustos se siente como juego de niños, no como violencia real.	-3
Me gustó este video musical alegre; usa un lenguaje amable y positivo y ideal para una tarde tranquila.	-5
Buen contenido: tutorial para ordenar juguetes; usa un lenguaje amable y positivo y excelente para un momento tranquilo.	-5
Este video funciona muy bien para niños porque no contiene nada fuerte ni inapropiado; lo vería otra vez con mi familia.	-5
Me gustó la parte de una competencia de robots de juguete porque parece competencia sana, con reglas claras y buen humor.	-4
Este video de comedia familiar es amigable; mantiene un tono divertido y seguro y gran trabajo del creador.	-5
Comentario positivo sobre el video de origami: me pareció perfecto para ver en familia y me encantó el estilo amigable.	-5
Aunque aparece una batalla de rap limpia y divertida, el mensaje es de amistad, respeto y diversión segura.	-4
Buen contenido: video educativo para niños; me pareció perfecto para ver en familia y ideal para una tarde tranquila.	-5
El video muestra una escena de villano caricaturesco sin sustos fuertes; es ficticio y family friendly, sin daño real y con tono divertido.	-3
Este video funciona muy bien para niños porque es divertido sin ser pesado; muy sano y agradable de ver.	-5
Aunque aparece una persecución de caricatura sin daño real, todo se presenta como juego imaginario y apto para familia.	-3
Este juego de mesa familiar mantiene un ambiente sano; tiene un mensaje muy amable y gran trabajo del creador.	-5
El momento de una pelea de robots animados sin violencia real tiene acción suave, sin heridas, sin miedo fuerte y con intención cómica.	-3
El juego de adivinanzas está muy bien logrado; está muy bien hecho y no tiene nada preocupante y buen contenido para todas las edades.	-5
Este rutina de ejercicio suave mantiene un ambiente sano; deja una sensación muy positiva y excelente para un momento tranquilo.	-5
El video de ciencia fácil está muy bien logrado; me pareció perfecto para ver en familia y buen contenido para todas las edades.	-5
Hay una competencia ninja infantil con colchonetas, pero está tratado de manera amable, ficticia y sin detalles dañinos.	-3
La escena de un concurso de equilibrio con espuma es muy suave y apta para niños, más como juego que como pelea.	-4
Se nota que el reseña de juguetes es agradable; se entiende fácil y es muy respetuoso y lo recomendaría para niños.	-5
Aunque hay una escena de acción física explicada como juego, el contexto es seguro, deportivo y respetuoso.	-2
Buen video con un duelo de baile con reglas claras; todo se siente controlado, alegre y family friendly.	-4
Aunque aparece una persecución de caricatura sin daño real, todo se presenta como juego imaginario y apto para familia.	-3
Comentario positivo sobre el video de cocina sencilla: usa un lenguaje amable y positivo y excelente para un momento tranquilo.	-5
Aunque hay una competencia de esgrima con equipo protector, el contexto es seguro, deportivo y respetuoso.	-2
Me gustó este video de lectura infantil; usa un lenguaje amable y positivo y lo recomendaría para niños.	-5
Buen contenido: video de animales felices; transmite una energía muy sana y me encantó el estilo amigable.	-5
Este video funciona muy bien para niños porque se entiende fácil y es muy respetuoso; perfecto para un ambiente familiar.	-5
Buen contenido: video educativo para niños; muy bonito y apto para todos y excelente para un momento tranquilo.	-5
Comentario positivo sobre el video de dibujos animados: es ideal para pasar un buen rato y lo recomendaría para niños.	-5
Me gustó este broma inocente; se siente alegre y positivo y se nota que está pensado con cuidado.	-5
El tono del video educativo para niños es inofensivo, limpio y agradable; muy sano y agradable de ver.	-5
El juego de mesa familiar está muy bien logrado; me hizo sonreír de forma sana y muy buena opción para contenido seguro.	-5
El cuento corto animado está muy bien logrado; transmite una energía muy sana y se nota que está pensado con cuidado.	-5
El video convierte una escena de acción tipo caricatura educativa en aventura familiar, con respeto y sin consecuencias graves.	-3
Este video tiene una carrera de obstáculos con tropiezos suaves, pero se entiende como deporte o actividad controlada.	-2
Este broma inocente es limpio; usa un lenguaje amable y positivo y gran trabajo del creador.	-5
Este video de baile infantil es inofensivo; me pareció perfecto para ver en familia y buen contenido para todas las edades.	-5
El momento de un juego de captura la bandera sin contacto tiene conflicto muy leve, pero sigue siendo sano y familiar.	-4
El tono del video de animales felices es creativo, limpio y agradable; lo vería otra vez con mi familia.	-5
Aunque aparece un juego de persecución en caricatura, el mensaje es de amistad, respeto y diversión segura.	-4
El actividad de plastilina está muy bien logrado; muy bonito y apto para todos y muy buena opción para contenido seguro.	-5
Muy buen video de baile infantil; no contiene nada fuerte ni inapropiado, con un mensaje apto para toda la familia.	-5
El video muestra un duelo de magia ficticia; se ve como juego familiar, sin agresividad real, y mantiene un tono divertido.	-4
La escena de una competencia de robots de juguete parece una broma inocente entre amigos y se mantiene muy cuidada.	-4
Comentario positivo sobre el video de arte y pintura: tiene un mensaje muy amable y muy sano y agradable de ver.	-5
Se nota que el rutina de ejercicio suave es respetuoso; muy bonito y apto para todos y lo recomendaría para niños.	-5
Este juego de mesa familiar es sano; mantiene un tono divertido y seguro y me encantó el estilo amigable.	-5
Este video funciona muy bien para niños porque no contiene nada fuerte ni inapropiado; lo recomendaría para niños.	-5
Me gustó este cuento corto animado; promueve creatividad y buen ánimo y excelente para un momento tranquilo.	-5
Buen contenido: video de animales felices; se siente alegre y positivo y me encantó el estilo amigable.	-5
Este video tiene un video de acrobacias supervisadas, pero se entiende como deporte o actividad controlada.	-2
Me gustó este actividad escolar divertida; es claro, limpio y entretenido y perfecto para un ambiente familiar.	-5
El experimento casero seguro está muy bien logrado; es ideal para pasar un buen rato y me encantó el estilo amigable.	-5
La parte de una escena de robots chocando en animación infantil requiere más criterio, pero sigue siendo family friendly y no gráfica.	-1
Muy buen video de animales felices; transmite una energía muy sana, con un mensaje apto para toda la familia.	-5
Este video de animales felices es divertido; se entiende fácil y es muy respetuoso y muy sano y agradable de ver.	-5
Se nota que el video de comedia familiar es inofensivo; es claro, limpio y entretenido y muy buena opción para contenido seguro.	-5
El tono del historia con moraleja es amigable, limpio y agradable; aporta algo positivo y sencillo.	-5
La escena de un juego de persecución en caricatura es muy suave y apta para niños, más como juego que como pelea.	-4
Este video funciona muy bien para niños porque promueve creatividad y buen ánimo; excelente para un momento tranquilo.	-5
La escena de una discusión cómica que termina en amistad es muy suave y apta para niños, más como juego que como pelea.	-4
Buen contenido: actividad de plastilina; me hizo sonreír de forma sana y gran trabajo del creador.	-5
Este juego de mesa familiar mantiene un ambiente sano; es claro, limpio y entretenido y ideal para una tarde tranquila.	-5
Se nota que el reto de colores es ligero; está muy bien hecho y no tiene nada preocupante y aporta algo positivo y sencillo.	-5
Muy buen juego de mesa familiar; es ideal para pasar un buen rato, con un mensaje apto para toda la familia.	-5
Comentario positivo sobre el video de magia sencilla: me gustó porque es tranquilo y educativo y gran trabajo del creador.	-5
Buen contenido: historia con moraleja; tiene un mensaje muy amable y me encantó el estilo amigable.	-5
Me gustó este historia con moraleja; está muy bien hecho y no tiene nada preocupante y ideal para una tarde tranquila.	-5
El video usa un partido amistoso con contacto deportivo como ejemplo de actividad física sana y controlada.	-2
El actividad escolar divertida está muy bien logrado; se siente alegre y positivo y muy sano y agradable de ver.	-5
La escena de una lucha olímpica explicada como deporte está presentada con cuidado, como entrenamiento o juego supervisado.	-2
El momento de una competencia de disfraces de superhéroes tiene conflicto muy leve, pero sigue siendo sano y familiar.	-4
Buen contenido: historia con moraleja; está muy bien hecho y no tiene nada preocupante y muy buena opción para contenido seguro.	-5
Este actividad escolar divertida es sano; me pareció perfecto para ver en familia y ideal para una tarde tranquila.	-5
Este video funciona muy bien para niños porque no contiene nada fuerte ni inapropiado; lo recomendaría para niños.	-5
El momento de una batalla de bolas de nieve en tono cómico tiene acción suave, sin heridas, sin miedo fuerte y con intención cómica.	-3
Este reto de colores mantiene un ambiente sano; es completamente amigable para niños y perfecto para un ambiente familiar.	-5
Comentario positivo sobre el tutorial de manualidades: no contiene nada fuerte ni inapropiado y buen contenido para todas las edades.	-5
Este video funciona muy bien para niños porque me hizo sonreír de forma sana; buen contenido para todas las edades.	-5
Este video funciona muy bien para niños porque deja una sensación muy positiva; muy sano y agradable de ver.	-5
El tono del tutorial para ordenar juguetes es tranquilo, limpio y agradable; ideal para una tarde tranquila.	-5
Me gustó la parte de un juego de captura la bandera sin contacto porque parece competencia sana, con reglas claras y buen humor.	-4
Me gustó la parte de una batalla de rap limpia y divertida porque parece competencia sana, con reglas claras y buen humor.	-4
Muy buen video de dibujos animados; está muy bien hecho y no tiene nada preocupante, con un mensaje apto para toda la familia.	-5
Este comentario destaca que una aventura de héroes con golpes simulados se siente como juego de niños, no como violencia real.	-3
Se nota que el video de baile infantil es ligero; me pareció perfecto para ver en familia y aporta algo positivo y sencillo.	-5
Muy buen video de origami; es completamente amigable para niños, con un mensaje apto para toda la familia.	-5
Este video de animales felices es positivo; no contiene nada fuerte ni inapropiado y gran trabajo del creador.	-5
Buen contenido: video de animales felices; usa un lenguaje amable y positivo y muy buena opción para contenido seguro.	-5
Este video funciona muy bien para niños porque es ideal para pasar un buen rato; me encantó el estilo amigable.	-5
Comentario positivo sobre el clip de mascotas tiernas: mantiene un tono divertido y seguro y muy sano y agradable de ver.	-5
La escena de una aventura de héroes con golpes simulados se presenta de forma caricaturesca, segura y fácil de entender para niños.	-3
Comentario positivo sobre el tutorial de manualidades: es divertido sin ser pesado y muy buena opción para contenido seguro.	-5
El video muestra un concurso de bromas inocentes; se ve como juego familiar, sin agresividad real, y mantiene un tono divertido.	-4
Este video de naturaleza es amigable; me hizo sonreír de forma sana y lo recomendaría para niños.	-5
Muy buen canción para aprender; no contiene nada fuerte ni inapropiado, con un mensaje apto para toda la familia.	-5
Este actividad de plastilina es inofensivo; transmite una energía muy sana y excelente para un momento tranquilo.	-5
Aunque aparece una competencia de robots de juguete, el mensaje es de amistad, respeto y diversión segura.	-4
Este video incluye un juego de batalla ficticia con armas de espuma; puede sentirse más fuerte, aunque sigue en contexto deportivo o ficticio.	-1
Muy buen video de comedia familiar; me gustó porque es tranquilo y educativo, con un mensaje apto para toda la familia.	-5
Muy buen rutina de ejercicio suave; está muy bien hecho y no tiene nada preocupante, con un mensaje apto para toda la familia.	-5
Buen contenido: actividad de plastilina; es ideal para pasar un buen rato y aporta algo positivo y sencillo.	-5
Buen contenido: clip de mascotas tiernas; usa un lenguaje amable y positivo y muy sano y agradable de ver.	-5
El video usa un juego de captura la bandera sin contacto como recurso cómico, sin contenido fuerte ni preocupante.	-4
Muy buen video de magia sencilla; se entiende fácil y es muy respetuoso, con un mensaje apto para toda la familia.	-5
Este reto de colores mantiene un ambiente sano; me gustó porque es tranquilo y educativo y ideal para una tarde tranquila.	-5
Muy buen animación colorida; es completamente amigable para niños, con un mensaje apto para toda la familia.	-5
Me gustó este video de ciencia fácil; es ideal para pasar un buen rato y perfecto para un ambiente familiar.	-5
Muy buen video de cocina sencilla; deja una sensación muy positiva, con un mensaje apto para toda la familia.	-5
Me gustó la parte de una competencia de disfraces de superhéroes porque parece competencia sana, con reglas claras y buen humor.	-4
El tono del reto divertido sin peligro es positivo, limpio y agradable; buen contenido para todas las edades.	-5
Este comentario destaca que un duelo de caballeros con accesorios de plástico se siente como juego de niños, no como violencia real.	-3
La parte de un duelo de magia ficticia es ligera, cómica y no muestra daño real.	-4
Comentario positivo sobre el juego de adivinanzas: muy bonito y apto para todos y lo recomendaría para niños.	-5
Me gustó la parte de un juego de captura la bandera sin contacto porque parece competencia sana, con reglas claras y buen humor.	-4
El video incluye un partido amistoso con contacto deportivo; muestra acción física sana, con protección, reglas y supervisión.	-2
Buen contenido: reto divertido sin peligro; se entiende fácil y es muy respetuoso y excelente para un momento tranquilo.	-5
El tono del animación colorida es amigable, limpio y agradable; me encantó el estilo amigable.	-5
El tono del tutorial para ordenar juguetes es seguro, limpio y agradable; lo recomendaría para niños.	-5
Este video de dibujos animados mantiene un ambiente sano; muy bonito y apto para todos y ideal para una tarde tranquila.	-5
Muy buen video de lectura infantil; me hizo sonreír de forma sana, con un mensaje apto para toda la familia.	-5
Me gustó la parte de un juego de captura la bandera sin contacto porque parece competencia sana, con reglas claras y buen humor.	-4
Este video funciona muy bien para niños porque está muy bien hecho y no tiene nada preocupante; buen contenido para todas las edades.	-5
Me gustó este video de arte y pintura; es divertido sin ser pesado y aporta algo positivo y sencillo.	-5
El tono del broma inocente es familiar, limpio y agradable; me encantó el estilo amigable.	-5
Buen contenido: actividad de plastilina; se siente alegre y positivo y muy buena opción para contenido seguro.	-5
Este video de magia sencilla mantiene un ambiente sano; usa un lenguaje amable y positivo y me encantó el estilo amigable.	-5
Buen contenido: video musical alegre; transmite una energía muy sana y muy sano y agradable de ver.	-5
El tono del experimento casero seguro es claro, limpio y agradable; se nota que está pensado con cuidado.	-5
Este video tiene una escena de acción física explicada como juego, pero se entiende como deporte o actividad controlada.	-2
Muy buen video de ciencia fácil; es completamente amigable para niños, con un mensaje apto para toda la familia.	-5
El video convierte un juego de policías y ladrones sin agresividad en aventura familiar, con respeto y sin consecuencias graves.	-3
Aunque aparece una batalla de almohadas muy suave, todo se presenta como juego imaginario y apto para familia.	-3
El tono del video educativo para niños es seguro, limpio y agradable; lo vería otra vez con mi familia.	-5
Este video funciona muy bien para niños porque mantiene un tono divertido y seguro; lo recomendaría para niños.	-5
Buen contenido: reto de colores; es completamente amigable para niños y muy sano y agradable de ver.	-5
El broma inocente está muy bien logrado; es divertido sin ser pesado y excelente para un momento tranquilo.	-5
Comentario positivo sobre el video de comedia familiar: tiene un mensaje muy amable y muy buena opción para contenido seguro.	-5
Este actividad de plastilina es tranquilo; me gustó porque es tranquilo y educativo y se nota que está pensado con cuidado.	-5
Este video de arte y pintura mantiene un ambiente sano; es divertido sin ser pesado y se nota que está pensado con cuidado.	-5
Este video de animales felices mantiene un ambiente sano; es divertido sin ser pesado y aporta algo positivo y sencillo.	-5
Aunque aparece una aventura de héroes con golpes simulados, todo se presenta como juego imaginario y apto para familia.	-3
La escena de una batalla de globos de agua en familia es muy suave y apta para niños, más como juego que como pelea.	-4
Comentario positivo sobre el video de animales felices: me hizo sonreír de forma sana y muy sano y agradable de ver.	-5
Se nota que el reto de colores es bonito; me hizo sonreír de forma sana y ideal para una tarde tranquila.	-5
La parte de una batalla de globos de agua en familia es ligera, cómica y no muestra daño real.	-4
Muy buen reseña de juguetes; es ideal para pasar un buen rato, con un mensaje apto para toda la familia.	-5
El tutorial de manualidades está muy bien logrado; muy bonito y apto para todos y aporta algo positivo y sencillo.	-5
Muy buen video educativo para niños; es ideal para pasar un buen rato, con un mensaje apto para toda la familia.	-5
Hay una pelea ficticia de superhéroes de cartón, pero está tratado de manera amable, ficticia y sin detalles dañinos.	-3
La parte de un concurso de bromas inocentes es ligera, cómica y no muestra daño real.	-4
Este video de dibujos animados es seguro; es claro, limpio y entretenido y perfecto para un ambiente familiar.	-5
Este reto divertido sin peligro es divertido; transmite una energía muy sana y excelente para un momento tranquilo.	-5
Me gustó este clip de mascotas tiernas; me hizo sonreír de forma sana y buen contenido para todas las edades.	-5
La escena de una pelea ficticia de superhéroes de cartón se presenta de forma caricaturesca, segura y fácil de entender para niños.	-3
El video muestra una secuencia de superhéroes simulada sin heridas; tiene acción más intensa, pero sigue siendo simulada, segura y sin daño explícito.	-1
El video usa una discusión cómica que termina en amistad como recurso cómico, sin contenido fuerte ni preocupante.	-4
El tono del video de animales felices es tranquilo, limpio y agradable; ideal para una tarde tranquila.	-5
El video usa un partido de fútbol con choques accidentales leves como ejemplo de actividad física sana y controlada.	-2
Buen contenido: cuento corto animado; promueve creatividad y buen ánimo y me encantó el estilo amigable.	-5
Este broma inocente es tranquilo; usa un lenguaje amable y positivo y gran trabajo del creador.	-5
La escena de un juego de roles con héroes imaginarios parece una broma inocente entre amigos y se mantiene muy cuidada.	-4
El tono del video musical alegre es amigable, limpio y agradable; buen contenido para todas las edades.	-5
Se nota que el actividad escolar divertida es positivo; tiene un mensaje muy amable y lo vería otra vez con mi familia.	-5
El video educativo para niños está muy bien logrado; transmite una energía muy sana y gran trabajo del creador.	-5
El momento de un duelo de baile con reglas claras tiene conflicto muy leve, pero sigue siendo sano y familiar.	-4
Buen contenido: video de naturaleza; es claro, limpio y entretenido y gran trabajo del creador.	-5
Este historia con moraleja mantiene un ambiente sano; es completamente amigable para niños y gran trabajo del creador.	-5
Este video de arte y pintura es claro; me gustó porque es tranquilo y educativo y ideal para una tarde tranquila.	-5
Este actividad de plastilina mantiene un ambiente sano; promueve creatividad y buen ánimo y buen contenido para todas las edades.	-5
Me gustó la parte de una competencia de chistes entre amigos porque parece competencia sana, con reglas claras y buen humor.	-4
Este broma inocente es tranquilo; promueve creatividad y buen ánimo y gran trabajo del creador.	-5
Me gustó este video de origami; muy bonito y apto para todos y excelente para un momento tranquilo.	-5
Este juego de mesa familiar es sano; mantiene un tono divertido y seguro y aporta algo positivo y sencillo.	-5
El video muestra una batalla fantástica sin heridas ni sustos; es ficticio y family friendly, sin daño real y con tono divertido.	-3
Me gustó este video musical alegre; usa un lenguaje amable y positivo y muy buena opción para contenido seguro.	-5
El tono del video de baile infantil es sano, limpio y agradable; lo recomendaría para niños.	-5
Comentario positivo sobre el cuento corto animado: muy bonito y apto para todos y excelente para un momento tranquilo.	-5
El momento de un concurso de bromas inocentes tiene conflicto muy leve, pero sigue siendo sano y familiar.	-4
El video usa una simulación de rescate en juego infantil como ejemplo de actividad física sana y controlada.	-2
Este video funciona muy bien para niños porque se entiende fácil y es muy respetuoso; lo recomendaría para niños.	-5
Buen contenido: reto divertido sin peligro; muy bonito y apto para todos y muy sano y agradable de ver.	-5
Me gustó la parte de un desafío de risas entre primos porque parece competencia sana, con reglas claras y buen humor.	-4
Este reto divertido sin peligro mantiene un ambiente sano; transmite una energía muy sana y buen contenido para todas las edades.	-5
Este video de ciencia fácil es divertido; deja una sensación muy positiva y muy buena opción para contenido seguro.	-5
Me gustó este video de animales felices; promueve creatividad y buen ánimo y gran trabajo del creador.	-5
La escena de una batalla fantástica sin heridas ni sustos puede incluir acción, pero evita cualquier contenido gráfico o cruel.	-3
Este video funciona muy bien para niños porque mantiene un tono divertido y seguro; aporta algo positivo y sencillo.	-5
Este video funciona muy bien para niños porque transmite una energía muy sana; muy sano y agradable de ver.	-5
El video de animales felices está muy bien logrado; no contiene nada fuerte ni inapropiado y aporta algo positivo y sencillo.	-5
El tono del video de ciencia fácil es amigable, limpio y agradable; lo vería otra vez con mi familia.	-5
Muy buen reto divertido sin peligro; transmite una energía muy sana, con un mensaje apto para toda la familia.	-5
El video de comedia familiar está muy bien logrado; transmite una energía muy sana y muy buena opción para contenido seguro.	-5
El actividad escolar divertida está muy bien logrado; no contiene nada fuerte ni inapropiado y muy buena opción para contenido seguro.	-5
La escena de un reto de acción con caídas sobre colchonetas es la parte con más acción, pero no hay sangre, crueldad ni daño real.	-1
La parte de una clase de seguridad para evitar golpes tiene movimiento físico, aunque todo sucede en un ambiente cuidado.	-2
Se nota que el historia con moraleja es ligero; deja una sensación muy positiva y buen contenido para todas las edades.	-5
Me gustó este cuento corto animado; promueve creatividad y buen ánimo y perfecto para un ambiente familiar.	-5
Se nota que el video de magia sencilla es ligero; no contiene nada fuerte ni inapropiado y aporta algo positivo y sencillo.	-5
Muy buen video de dibujos animados; usa un lenguaje amable y positivo, con un mensaje apto para toda la familia.	-5
Muy buen video de arte y pintura; tiene un mensaje muy amable, con un mensaje apto para toda la familia.	-5
El animación colorida está muy bien logrado; tiene un mensaje muy amable y perfecto para un ambiente familiar.	-5
Este video de dibujos animados mantiene un ambiente sano; se siente alegre y positivo y muy sano y agradable de ver.	-5
Este video musical alegre mantiene un ambiente sano; mantiene un tono divertido y seguro y lo vería otra vez con mi familia.	-5
Me gustó este canción para aprender; es divertido sin ser pesado y aporta algo positivo y sencillo.	-5
Hay un duelo de caballeros con accesorios de plástico, pero está tratado de manera amable, ficticia y sin detalles dañinos.	-3
Aunque aparece una competencia de videojuegos infantiles, el mensaje es de amistad, respeto y diversión segura.	-4
La escena de un concurso de bromas inocentes es muy suave y apta para niños, más como juego que como pelea.	-4
Este video de comedia familiar mantiene un ambiente sano; transmite una energía muy sana y aporta algo positivo y sencillo.	-5
El tutorial para ordenar juguetes está muy bien logrado; usa un lenguaje amable y positivo y muy buena opción para contenido seguro.	-5
El reto de colores está muy bien logrado; es claro, limpio y entretenido y lo recomendaría para niños.	-5
Este historia con moraleja mantiene un ambiente sano; mantiene un tono divertido y seguro y me encantó el estilo amigable.	-5
Este reto divertido sin peligro mantiene un ambiente sano; no contiene nada fuerte ni inapropiado y se nota que está pensado con cuidado.	-5
El reto de colores está muy bien logrado; mantiene un tono divertido y seguro y se nota que está pensado con cuidado.	-5
El video usa una batalla de globos de agua en familia como recurso cómico, sin contenido fuerte ni preocupante.	-4
Este video de dibujos animados es ligero; se entiende fácil y es muy respetuoso y muy sano y agradable de ver.	-5
El tono del video de animales felices es creativo, limpio y agradable; me encantó el estilo amigable.	-5
El tono del video de origami es creativo, limpio y agradable; ideal para una tarde tranquila.	-5
El tono del video de animales felices es bonito, limpio y agradable; me encantó el estilo amigable.	-5
Aunque aparece un choque cómico entre personajes de caricatura, todo se presenta como juego imaginario y apto para familia.	-3
Hay una pelea ficticia de superhéroes de cartón, pero está tratado de manera amable, ficticia y sin detalles dañinos.	-3
Este video funciona muy bien para niños porque mantiene un tono divertido y seguro; muy buena opción para contenido seguro.	-5
Comentario positivo sobre el reto divertido sin peligro: es ideal para pasar un buen rato y me encantó el estilo amigable.	-5
El juego de mesa familiar está muy bien logrado; se siente alegre y positivo y lo vería otra vez con mi familia.	-5
El video muestra un combate de artes marciales con protección y respeto; es ficticio y family friendly, sin daño real y con tono divertido.	-3
El tono del video de dibujos animados es alegre, limpio y agradable; excelente para un momento tranquilo.	-5
La situación de una batalla de globos de agua en familia es amigable y deja claro que todo es juego.	-4
El momento de un juego de persecución en caricatura tiene conflicto muy leve, pero sigue siendo sano y familiar.	-4
La escena de una batalla de almohadas muy suave puede incluir acción, pero evita cualquier contenido gráfico o cruel.	-3
Este animación colorida mantiene un ambiente sano; no contiene nada fuerte ni inapropiado y me encantó el estilo amigable.	-5
La parte de una batalla fantástica sin heridas ni sustos es moderada y claramente de fantasía, con un ambiente positivo.	-3
El reto de colores está muy bien logrado; me hizo sonreír de forma sana y excelente para un momento tranquilo.	-5
Este historia con moraleja mantiene un ambiente sano; promueve creatividad y buen ánimo y ideal para una tarde tranquila.	-5
Muy buen animación colorida; me hizo sonreír de forma sana, con un mensaje apto para toda la familia.	-5
Buen contenido: video educativo para niños; me hizo sonreír de forma sana y perfecto para un ambiente familiar.	-5
El tono del video de lectura infantil es seguro, limpio y agradable; aporta algo positivo y sencillo.	-5
El tono del video de animales felices es agradable, limpio y agradable; gran trabajo del creador.	-5
La escena de un choque cómico entre personajes de caricatura se presenta de forma caricaturesca, segura y fácil de entender para niños.	-3
Este video de cocina sencilla mantiene un ambiente sano; está muy bien hecho y no tiene nada preocupante y muy buena opción para contenido seguro.	-5
Comentario positivo sobre el video de animales felices: está muy bien hecho y no tiene nada preocupante y aporta algo positivo y sencillo.	-5
Se nota que el historia con moraleja es amigable; me pareció perfecto para ver en familia y perfecto para un ambiente familiar.	-5
Este video funciona muy bien para niños porque es ideal para pasar un buen rato; perfecto para un ambiente familiar.	-5
El tono del clip de mascotas tiernas es limpio, limpio y agradable; perfecto para un ambiente familiar.	-5
Hay una pelea de robots animados sin violencia real, pero está tratado de manera amable, ficticia y sin detalles dañinos.	-3
Este video de cocina sencilla es claro; me hizo sonreír de forma sana y ideal para una tarde tranquila.	-5
El video convierte un duelo de espadas de espuma en aventura familiar, con respeto y sin consecuencias graves.	-3
Comentario positivo sobre el cuento corto animado: transmite una energía muy sana y perfecto para un ambiente familiar.	-5
La escena de un reto de defensa personal explicado como deporte puede incluir acción, pero evita cualquier contenido gráfico o cruel.	-3
Muy buen video de origami; se siente alegre y positivo, con un mensaje apto para toda la familia.	-5
Se nota que el video educativo para niños es claro; me pareció perfecto para ver en familia y se nota que está pensado con cuidado.	-5
Muy buen video de ciencia fácil; me gustó porque es tranquilo y educativo, con un mensaje apto para toda la familia.	-5
Este video funciona muy bien para niños porque es completamente amigable para niños; excelente para un momento tranquilo.	-5
Este video de cocina sencilla mantiene un ambiente sano; se siente alegre y positivo y gran trabajo del creador.	-5
Hay un duelo de caballeros con accesorios de plástico, pero está tratado de manera amable, ficticia y sin detalles dañinos.	-3
Muy buen actividad escolar divertida; me pareció perfecto para ver en familia, con un mensaje apto para toda la familia.	-5
La parte de un concurso de equilibrio con espuma es ligera, cómica y no muestra daño real.	-4
Buen contenido: tutorial de manualidades; se siente alegre y positivo y me encantó el estilo amigable.	-5
Este video funciona muy bien para niños porque transmite una energía muy sana; me encantó el estilo amigable.	-5
Se nota que el clip de mascotas tiernas es familiar; me gustó porque es tranquilo y educativo y buen contenido para todas las edades.	-5
Este rutina de ejercicio suave mantiene un ambiente sano; se siente alegre y positivo y muy sano y agradable de ver.	-5
El video de magia sencilla está muy bien logrado; deja una sensación muy positiva y se nota que está pensado con cuidado.	-5
Este canción para aprender es alegre; me pareció perfecto para ver en familia y gran trabajo del creador.	-5
Me gustó este experimento casero seguro; usa un lenguaje amable y positivo y muy sano y agradable de ver.	-5
Este video funciona muy bien para niños porque es claro, limpio y entretenido; gran trabajo del creador.	-5
La parte de un partido de fútbol con choques accidentales leves puede ser intensa para algunos niños, pero no muestra daño explícito ni crueldad.	-2
La parte de un partido amistoso con contacto deportivo puede ser intensa para algunos niños, pero no muestra daño explícito ni crueldad.	-2
La escena de un partido de fútbol con choques accidentales leves tiene contacto leve, sin intención de hacer daño y con tono educativo.	-2
El momento de una competencia de chistes entre amigos tiene conflicto muy leve, pero sigue siendo sano y familiar.	-4
El video muestra un duelo de magia ficticia; se ve como juego familiar, sin agresividad real, y mantiene un tono divertido.	-4
Buen contenido: animación colorida; es completamente amigable para niños y lo recomendaría para niños.	-5
Este comentario destaca que una batalla fantástica sin heridas ni sustos se siente como juego de niños, no como violencia real.	-3
Muy buen video de naturaleza; es ideal para pasar un buen rato, con un mensaje apto para toda la familia.	-5
Muy buen video de comedia familiar; es claro, limpio y entretenido, con un mensaje apto para toda la familia.	-5
Aunque aparece un juego de persecución en caricatura, el mensaje es de amistad, respeto y diversión segura.	-4
La situación de un duelo de magia ficticia es amigable y deja claro que todo es juego.	-4
El video usa una batalla de globos de agua en familia como recurso cómico, sin contenido fuerte ni preocupante.	-4
El video de animales felices está muy bien logrado; me pareció perfecto para ver en familia y aporta algo positivo y sencillo.	-5
Comentario positivo sobre el video de ciencia fácil: se entiende fácil y es muy respetuoso y me encantó el estilo amigable.	-5
Este video funciona muy bien para niños porque promueve creatividad y buen ánimo; ideal para una tarde tranquila.	-5
Me gustó este video de cocina sencilla; se siente alegre y positivo y lo recomendaría para niños.	-5
Este video de arte y pintura mantiene un ambiente sano; me gustó porque es tranquilo y educativo y excelente para un momento tranquilo.	-5
Este video funciona muy bien para niños porque es ideal para pasar un buen rato; aporta algo positivo y sencillo.	-5
El tono del video de ciencia fácil es bonito, limpio y agradable; perfecto para un ambiente familiar.	-5
Este historia con moraleja mantiene un ambiente sano; deja una sensación muy positiva y excelente para un momento tranquilo.	-5
Buen contenido: reto de colores; es ideal para pasar un buen rato y lo vería otra vez con mi familia.	-5
Aunque aparece un juego de captura la bandera sin contacto, el mensaje es de amistad, respeto y diversión segura.	-4
Este comentario destaca que una pelea de robots animados sin violencia real se siente como juego de niños, no como violencia real.	-3
Se nota que el tutorial para ordenar juguetes es seguro; mantiene un tono divertido y seguro y muy sano y agradable de ver.	-5
Buen contenido: broma inocente; me pareció perfecto para ver en familia y buen contenido para todas las edades.	-5
Muy buen actividad escolar divertida; muy bonito y apto para todos, con un mensaje apto para toda la familia.	-5
Hay una caída cómica sobre colchoneta, pero se mantiene en un entorno sano, con reglas claras y sin violencia realista.	-2
Buen contenido: video de magia sencilla; mantiene un tono divertido y seguro y ideal para una tarde tranquila.	-5
Este video de comedia familiar mantiene un ambiente sano; no contiene nada fuerte ni inapropiado y gran trabajo del creador.	-5
El tono del reto divertido sin peligro es respetuoso, limpio y agradable; aporta algo positivo y sencillo.	-5
Este video de origami mantiene un ambiente sano; muy bonito y apto para todos y muy buena opción para contenido seguro.	-5
El tono del video musical alegre es inofensivo, limpio y agradable; buen contenido para todas las edades.	-5
Muy buen video educativo para niños; transmite una energía muy sana, con un mensaje apto para toda la familia.	-5
Este tutorial de manualidades es amigable; se siente alegre y positivo y excelente para un momento tranquilo.	-5
Este video funciona muy bien para niños porque no contiene nada fuerte ni inapropiado; ideal para una tarde tranquila.	-5
Este video funciona muy bien para niños porque deja una sensación muy positiva; muy buena opción para contenido seguro.	-5
El tono del video de origami es educativo, limpio y agradable; lo vería otra vez con mi familia.	-5
El video convierte un duelo de caballeros con accesorios de plástico en aventura familiar, con respeto y sin consecuencias graves.	-3
Este tutorial para ordenar juguetes mantiene un ambiente sano; tiene un mensaje muy amable y se nota que está pensado con cuidado.	-5
Este reto de colores es educativo; promueve creatividad y buen ánimo y lo vería otra vez con mi familia.	-5
Muy buen video de cocina sencilla; mantiene un tono divertido y seguro, con un mensaje apto para toda la familia.	-5
Me gustó este actividad de plastilina; mantiene un tono divertido y seguro y buen contenido para todas las edades.	-5
Muy buen video de ciencia fácil; no contiene nada fuerte ni inapropiado, con un mensaje apto para toda la familia.	-5
Buen contenido: historia con moraleja; está muy bien hecho y no tiene nada preocupante y se nota que está pensado con cuidado.	-5
La escena de un video de acrobacias supervisadas está presentada con cuidado, como entrenamiento o juego supervisado.	-2
Este video funciona muy bien para niños porque está muy bien hecho y no tiene nada preocupante; lo recomendaría para niños.	-5
Comentario positivo sobre el video de lectura infantil: es claro, limpio y entretenido y ideal para una tarde tranquila.	-5
Este juego de adivinanzas mantiene un ambiente sano; me pareció perfecto para ver en familia y excelente para un momento tranquilo.	-5
Este juego de mesa familiar es inofensivo; es divertido sin ser pesado y muy buena opción para contenido seguro.	-5
Este video de magia sencilla es agradable; usa un lenguaje amable y positivo y buen contenido para todas las edades.	-5
Este animación colorida es sano; me gustó porque es tranquilo y educativo y aporta algo positivo y sencillo.	-5
La escena de un duelo de caballeros con accesorios de plástico se presenta de forma caricaturesca, segura y fácil de entender para niños.	-3
Aunque aparece un duelo de caballeros con accesorios de plástico, todo se presenta como juego imaginario y apto para familia.	-3
Este video de comedia familiar es sano; me pareció perfecto para ver en familia y lo recomendaría para niños.	-5
La escena de una simulación de rescate en juego infantil tiene contacto leve, sin intención de hacer daño y con tono educativo.	-2
La escena de un duelo de caballeros con accesorios de plástico puede incluir acción, pero evita cualquier contenido gráfico o cruel.	-3
Comentario positivo sobre el video de baile infantil: es completamente amigable para niños y aporta algo positivo y sencillo.	-5
Este experimento casero seguro mantiene un ambiente sano; promueve creatividad y buen ánimo y perfecto para un ambiente familiar.	-5
El video muestra una pelea de robots animados sin violencia real; es ficticio y family friendly, sin daño real y con tono divertido.	-3
Buen contenido: juego de mesa familiar; se siente alegre y positivo y ideal para una tarde tranquila.	-5
El video incluye una simulación de combate como actividad deportiva, con contacto controlado y sin contenido realmente peligroso.	-1
Me gustó este video educativo para niños; se entiende fácil y es muy respetuoso y excelente para un momento tranquilo.	-5
Me gustó este video educativo para niños; se entiende fácil y es muy respetuoso y gran trabajo del creador.	-5
Hay una escena de acción tipo caricatura educativa, pero está tratado de manera amable, ficticia y sin detalles dañinos.	-3
La situación de un desafío de risas entre primos es amigable y deja claro que todo es juego.	-4
Buen contenido: video de origami; transmite una energía muy sana y buen contenido para todas las edades.	-5
Este video de cocina sencilla es educativo; es ideal para pasar un buen rato y muy buena opción para contenido seguro.	-5
Me gustó este reseña de juguetes; muy bonito y apto para todos y excelente para un momento tranquilo.	-5
El tutorial para ordenar juguetes está muy bien logrado; deja una sensación muy positiva y perfecto para un ambiente familiar.	-5
Me gustó este actividad escolar divertida; es claro, limpio y entretenido y ideal para una tarde tranquila.	-5
Me gustó este tutorial para ordenar juguetes; mantiene un tono divertido y seguro y excelente para un momento tranquilo.	-5
Me gustó este video de dibujos animados; deja una sensación muy positiva y lo vería otra vez con mi familia.	-5
Se nota que el juego de mesa familiar es creativo; se entiende fácil y es muy respetuoso y lo vería otra vez con mi familia.	-5
Muy buen video de cocina sencilla; está muy bien hecho y no tiene nada preocupante, con un mensaje apto para toda la familia.	-5
La escena de una batalla de almohadas muy suave puede incluir acción, pero evita cualquier contenido gráfico o cruel.	-3
Este video funciona muy bien para niños porque se siente alegre y positivo; excelente para un momento tranquilo.	-5
Me gustó este video de dibujos animados; deja una sensación muy positiva y aporta algo positivo y sencillo.	-5
Este video funciona muy bien para niños porque es ideal para pasar un buen rato; muy sano y agradable de ver.	-5
El video educativo para niños está muy bien logrado; transmite una energía muy sana y muy sano y agradable de ver.	-5
La situación de un concurso de equilibrio con espuma es amigable y deja claro que todo es juego.	-4
El momento de un entrenamiento de boxeo con guantes y reglas es activo, pero se enfoca en disciplina, respeto y seguridad.	-2
La situación de un desafío de risas entre primos es amigable y deja claro que todo es juego.	-4
Buen contenido: video de origami; es ideal para pasar un buen rato y ideal para una tarde tranquila.	-5
Aunque aparece una rivalidad ligera entre personajes amables, el mensaje es de amistad, respeto y diversión segura.	-4
Este juego de mesa familiar es alegre; es claro, limpio y entretenido y lo vería otra vez con mi familia.	-5
Muy buen animación colorida; me hizo sonreír de forma sana, con un mensaje apto para toda la familia.	-5
El momento de una escena de villano caricaturesco sin sustos fuertes es claramente actuado y mantiene una intención divertida.	-3
Se nota que el actividad de plastilina es positivo; mantiene un tono divertido y seguro y gran trabajo del creador.	-5
Buen contenido: video de lectura infantil; me hizo sonreír de forma sana y ideal para una tarde tranquila.	-5
El broma inocente está muy bien logrado; transmite una energía muy sana y lo vería otra vez con mi familia.	-5
Comentario positivo sobre el video de animales felices: es ideal para pasar un buen rato y me encantó el estilo amigable.	-5
Este video funciona muy bien para niños porque me gustó porque es tranquilo y educativo; muy sano y agradable de ver.	-5
Se nota que el reto de colores es familiar; es claro, limpio y entretenido y perfecto para un ambiente familiar.	-5
Se nota que el cuento corto animado es alegre; deja una sensación muy positiva y me encantó el estilo amigable.	-5
Este actividad de plastilina es alegre; me hizo sonreír de forma sana y perfecto para un ambiente familiar.	-5
Muy buen video de ciencia fácil; deja una sensación muy positiva, con un mensaje apto para toda la familia.	-5
La parte de una batalla fantástica con efectos de caricatura requiere más criterio, pero sigue siendo family friendly y no gráfica.	-1
La parte de una persecución de caricatura sin daño real es moderada y claramente de fantasía, con un ambiente positivo.	-3
Buen contenido: video musical alegre; muy bonito y apto para todos y muy buena opción para contenido seguro.	-5
El momento de un duelo de espadas de espuma tiene acción suave, sin heridas, sin miedo fuerte y con intención cómica.	-3
Se nota que el tutorial de manualidades es sano; me hizo sonreír de forma sana y aporta algo positivo y sencillo.	-5
Muy buen rutina de ejercicio suave; es ideal para pasar un buen rato, con un mensaje apto para toda la familia.	-5
Me gustó este video de lectura infantil; se entiende fácil y es muy respetuoso y perfecto para un ambiente familiar.	-5
Este actividad de plastilina mantiene un ambiente sano; me pareció perfecto para ver en familia y muy buena opción para contenido seguro.	-5
Este comentario destaca que un enfrentamiento de juguetes animados se siente como juego de niños, no como violencia real.	-3
La parte de una competencia de chistes entre amigos es ligera, cómica y no muestra daño real.	-4
La parte de un juego de persecución en caricatura es ligera, cómica y no muestra daño real.	-4
Este cuento corto animado es seguro; muy bonito y apto para todos y aporta algo positivo y sencillo.	-5
La parte de una práctica de artes marciales con contacto controlado requiere más criterio, pero sigue siendo family friendly y no gráfica.	-1
Muy buen video educativo para niños; está muy bien hecho y no tiene nada preocupante, con un mensaje apto para toda la familia.	-5
Este tutorial de manualidades mantiene un ambiente sano; es ideal para pasar un buen rato y lo recomendaría para niños.	-5
El tono del video de lectura infantil es bonito, limpio y agradable; lo recomendaría para niños.	-5
Me gustó este video de magia sencilla; me gustó porque es tranquilo y educativo y buen contenido para todas las edades.	-5
Me gustó este rutina de ejercicio suave; es ideal para pasar un buen rato y ideal para una tarde tranquila.	-5
Buen video con una competencia de disfraces de superhéroes; todo se siente controlado, alegre y family friendly.	-4
Comentario positivo sobre el video de baile infantil: es ideal para pasar un buen rato y me encantó el estilo amigable.	-5
El experimento casero seguro está muy bien logrado; me pareció perfecto para ver en familia y se nota que está pensado con cuidado.	-5
Muy buen canción para aprender; es claro, limpio y entretenido, con un mensaje apto para toda la familia.	-5
El video de arte y pintura está muy bien logrado; no contiene nada fuerte ni inapropiado y se nota que está pensado con cuidado.	-5
El tono del broma inocente es tranquilo, limpio y agradable; perfecto para un ambiente familiar.	-5
El tono del video de ciencia fácil es amigable, limpio y agradable; lo recomendaría para niños.	-5
El video de naturaleza está muy bien logrado; es divertido sin ser pesado y excelente para un momento tranquilo.	-5
Se nota que el historia con moraleja es inofensivo; es claro, limpio y entretenido y muy buena opción para contenido seguro.	-5
La escena de un juego de roles con héroes imaginarios parece una broma inocente entre amigos y se mantiene muy cuidada.	-4
Este reto de colores es claro; promueve creatividad y buen ánimo y gran trabajo del creador.	-5
Hay un juego de policías y ladrones sin agresividad, pero está tratado de manera amable, ficticia y sin detalles dañinos.	-3
Este video tiene una clase de seguridad para evitar golpes, pero se entiende como deporte o actividad controlada.	-2
Este actividad de plastilina es claro; me hizo sonreír de forma sana y buen contenido para todas las edades.	-5
El video de baile infantil está muy bien logrado; me gustó porque es tranquilo y educativo y perfecto para un ambiente familiar.	-5
Buen contenido: video de baile infantil; me gustó porque es tranquilo y educativo y me encantó el estilo amigable.	-5
Este juego de adivinanzas mantiene un ambiente sano; es claro, limpio y entretenido y me encantó el estilo amigable.	-5
Este video funciona muy bien para niños porque deja una sensación muy positiva; lo vería otra vez con mi familia.	-5
Este experimento casero seguro mantiene un ambiente sano; es completamente amigable para niños y lo vería otra vez con mi familia.	-5
Muy buen video de ciencia fácil; tiene un mensaje muy amable, con un mensaje apto para toda la familia.	-5
El video de lectura infantil está muy bien logrado; se entiende fácil y es muy respetuoso y lo vería otra vez con mi familia.	-5
Muy buen actividad escolar divertida; deja una sensación muy positiva, con un mensaje apto para toda la familia.	-5
El video usa una discusión cómica que termina en amistad como recurso cómico, sin contenido fuerte ni preocupante.	-4
El tutorial para ordenar juguetes está muy bien logrado; deja una sensación muy positiva y buen contenido para todas las edades.	-5
El video muestra una competencia de chistes entre amigos; se ve como juego familiar, sin agresividad real, y mantiene un tono divertido.	-4
El video musical alegre está muy bien logrado; usa un lenguaje amable y positivo y muy buena opción para contenido seguro.	-5
Comentario positivo sobre el video de origami: transmite una energía muy sana y lo vería otra vez con mi familia.	-5
Comentario positivo sobre el juego de mesa familiar: se entiende fácil y es muy respetuoso y aporta algo positivo y sencillo.	-5
El video usa una competencia de disfraces de superhéroes como recurso cómico, sin contenido fuerte ni preocupante.	-4
Este tutorial de manualidades mantiene un ambiente sano; no contiene nada fuerte ni inapropiado y perfecto para un ambiente familiar.	-5
Se nota que el video de comedia familiar es seguro; promueve creatividad y buen ánimo y muy buena opción para contenido seguro.	-5
Se nota que el video de origami es amigable; me pareció perfecto para ver en familia y excelente para un momento tranquilo.	-5
El tono del video de dibujos animados es sano, limpio y agradable; excelente para un momento tranquilo.	-5
Me gustó este experimento casero seguro; tiene un mensaje muy amable y ideal para una tarde tranquila.	-5
Me gustó la parte de una discusión cómica que termina en amistad porque parece competencia sana, con reglas claras y buen humor.	-4
Buen contenido: video de ciencia fácil; no contiene nada fuerte ni inapropiado y muy sano y agradable de ver.	-5
El video usa una batalla de rap limpia y divertida como recurso cómico, sin contenido fuerte ni preocupante.	-4
El video de baile infantil está muy bien logrado; está muy bien hecho y no tiene nada preocupante y lo vería otra vez con mi familia.	-5
Me gustó este juego de adivinanzas; es ideal para pasar un buen rato y lo recomendaría para niños.	-5
El video de animales felices está muy bien logrado; mantiene un tono divertido y seguro y aporta algo positivo y sencillo.	-5
Muy buen reto divertido sin peligro; es divertido sin ser pesado, con un mensaje apto para toda la familia.	-5
Hay un juego de policías y ladrones sin agresividad, pero está tratado de manera amable, ficticia y sin detalles dañinos.	-3
El tono del video educativo para niños es bonito, limpio y agradable; se nota que está pensado con cuidado.	-5
Me gustó este video de lectura infantil; es claro, limpio y entretenido y se nota que está pensado con cuidado.	-5
Buen contenido: video de lectura infantil; tiene un mensaje muy amable y aporta algo positivo y sencillo.	-5
Me gustó este video de lectura infantil; se siente alegre y positivo y excelente para un momento tranquilo.	-5
Buen contenido: video de cocina sencilla; es completamente amigable para niños y buen contenido para todas las edades.	-5
Se nota que el reto divertido sin peligro es agradable; deja una sensación muy positiva y excelente para un momento tranquilo.	-5
Aunque aparece una batalla de rap limpia y divertida, el mensaje es de amistad, respeto y diversión segura.	-4
Comentario positivo sobre el video de cocina sencilla: promueve creatividad y buen ánimo y excelente para un momento tranquilo.	-5
El momento de un reto de obstáculos blandos tiene conflicto muy leve, pero sigue siendo sano y familiar.	-4
Este comentario destaca que una competencia ninja infantil con colchonetas se siente como juego de niños, no como violencia real.	-3
El momento de una pelea ficticia de superhéroes de cartón tiene acción suave, sin heridas, sin miedo fuerte y con intención cómica.	-3
La situación de un juego de persecución en caricatura es amigable y deja claro que todo es juego.	-4
La parte de una demostración de defensa personal segura tiene movimiento físico, aunque todo sucede en un ambiente cuidado.	-2
Me gustó la parte de un juego de captura la bandera sin contacto porque parece competencia sana, con reglas claras y buen humor.	-4
Este video funciona muy bien para niños porque me hizo sonreír de forma sana; excelente para un momento tranquilo.	-5
Aunque hay una práctica deportiva con contacto controlado, el contexto es seguro, deportivo y respetuoso.	-2
El video convierte una batalla fantástica sin heridas ni sustos en aventura familiar, con respeto y sin consecuencias graves.	-3
Este video de origami es agradable; me hizo sonreír de forma sana y lo vería otra vez con mi familia.	-5
Muy buen video educativo para niños; tiene un mensaje muy amable, con un mensaje apto para toda la familia.	-5
Se nota que el animación colorida es seguro; me pareció perfecto para ver en familia y buen contenido para todas las edades.	-5
Hay una simulación de rescate en juego infantil, pero se mantiene en un entorno sano, con reglas claras y sin violencia realista.	-2
El momento de una pelea de robots animados sin violencia real tiene acción suave, sin heridas, sin miedo fuerte y con intención cómica.	-3
Muy buen actividad de plastilina; deja una sensación muy positiva, con un mensaje apto para toda la familia.	-5
Buen contenido: video de dibujos animados; me pareció perfecto para ver en familia y lo vería otra vez con mi familia.	-5
Comentario positivo sobre el juego de mesa familiar: tiene un mensaje muy amable y lo vería otra vez con mi familia.	-5
Comentario positivo sobre el juego de adivinanzas: usa un lenguaje amable y positivo y lo vería otra vez con mi familia.	-5
Buen contenido: reto divertido sin peligro; promueve creatividad y buen ánimo y me encantó el estilo amigable.	-5
Buen contenido: video de dibujos animados; muy bonito y apto para todos y aporta algo positivo y sencillo.	-5
Muy buen juego de adivinanzas; me pareció perfecto para ver en familia, con un mensaje apto para toda la familia.	-5
Este experimento casero seguro es limpio; muy bonito y apto para todos y muy buena opción para contenido seguro.	-5
El momento de una escena de acción muy marcada pero caricaturesca tiene energía alta, aunque se mantiene ficticio, deportivo y apto.	-1
Este actividad escolar divertida es positivo; es claro, limpio y entretenido y buen contenido para todas las edades.	-5
Este canción para aprender es agradable; se siente alegre y positivo y aporta algo positivo y sencillo.	-5
Este video funciona muy bien para niños porque me pareció perfecto para ver en familia; lo recomendaría para niños.	-5
El video de naturaleza está muy bien logrado; me hizo sonreír de forma sana y se nota que está pensado con cuidado.	-5
Aunque aparece un reto de defensa personal explicado como deporte, todo se presenta como juego imaginario y apto para familia.	-3
Comentario positivo sobre el video de comedia familiar: muy bonito y apto para todos y muy sano y agradable de ver.	-5
Muy buen broma inocente; mantiene un tono divertido y seguro, con un mensaje apto para toda la familia.	-5
Comentario positivo sobre el reto divertido sin peligro: usa un lenguaje amable y positivo y muy buena opción para contenido seguro.	-5
Hay un duelo de película infantil sin sangre ni daño real, pero el contenido evita detalles fuertes y mantiene un enfoque seguro.	-1
El tono del actividad de plastilina es agradable, limpio y agradable; se nota que está pensado con cuidado.	-5
El rutina de ejercicio suave está muy bien logrado; se entiende fácil y es muy respetuoso y ideal para una tarde tranquila.	-5
Muy buen experimento casero seguro; me gustó porque es tranquilo y educativo, con un mensaje apto para toda la familia.	-5
Se nota que el video educativo para niños es bonito; usa un lenguaje amable y positivo y ideal para una tarde tranquila.	-5
Me gustó este canción para aprender; me hizo sonreír de forma sana y se nota que está pensado con cuidado.	-5
Me gustó este broma inocente; es completamente amigable para niños y gran trabajo del creador.	-5
El momento de una batalla fantástica sin heridas ni sustos es claramente actuado y mantiene una intención divertida.	-3
Este video de animales felices es alegre; se entiende fácil y es muy respetuoso y lo recomendaría para niños.	-5
La parte de un desafío de risas entre primos es ligera, cómica y no muestra daño real.	-4
Este video incluye una simulación de combate como actividad deportiva; puede sentirse más fuerte, aunque sigue en contexto deportivo o ficticio.	-1
Este cuento corto animado es agradable; es claro, limpio y entretenido y excelente para un momento tranquilo.	-5
Me gustó este clip de mascotas tiernas; me pareció perfecto para ver en familia y aporta algo positivo y sencillo.	-5
Comentario positivo sobre el reto de colores: no contiene nada fuerte ni inapropiado y lo recomendaría para niños.	-5
Me gustó la parte de una discusión cómica que termina en amistad porque parece competencia sana, con reglas claras y buen humor.	-4
La situación de un reto de obstáculos blandos es amigable y deja claro que todo es juego.	-4
La escena de un juego de persecución en caricatura es muy suave y apta para niños, más como juego que como pelea.	-4
Este video de ciencia fácil es inofensivo; transmite una energía muy sana y se nota que está pensado con cuidado.	-5
Este broma inocente mantiene un ambiente sano; me hizo sonreír de forma sana y muy buena opción para contenido seguro.	-5
El momento de una batalla de bolas de nieve en tono cómico tiene acción suave, sin heridas, sin miedo fuerte y con intención cómica.	-3
Comentario positivo sobre el reseña de juguetes: me gustó porque es tranquilo y educativo y lo recomendaría para niños.	-5
La parte de un juego de aventura con obstáculos intensos es más movida, pero no muestra consecuencias reales ni detalles sensibles.	-1
Comentario positivo sobre el actividad de plastilina: se entiende fácil y es muy respetuoso y aporta algo positivo y sencillo.	-5
Muy buen actividad escolar divertida; me gustó porque es tranquilo y educativo, con un mensaje apto para toda la familia.	-5
El tono del animación colorida es amigable, limpio y agradable; gran trabajo del creador.	-5
La parte de un duelo de baile con reglas claras es ligera, cómica y no muestra daño real.	-4
Comentario positivo sobre el actividad de plastilina: es divertido sin ser pesado y aporta algo positivo y sencillo.	-5
Me gustó este reto de colores; deja una sensación muy positiva y perfecto para un ambiente familiar.	-5
Comentario positivo sobre el juego de adivinanzas: es divertido sin ser pesado y gran trabajo del creador.	-5
El rutina de ejercicio suave está muy bien logrado; es ideal para pasar un buen rato y gran trabajo del creador.	-5
Este tutorial de manualidades es bonito; está muy bien hecho y no tiene nada preocupante y muy buena opción para contenido seguro.	-5
Muy buen video educativo para niños; es claro, limpio y entretenido, con un mensaje apto para toda la familia.	-5
El tono del reseña de juguetes es divertido, limpio y agradable; lo recomendaría para niños.	-5
Comentario positivo sobre el actividad de plastilina: muy bonito y apto para todos y gran trabajo del creador.	-5
El momento de un juego de aventura con obstáculos intensos tiene energía alta, aunque se mantiene ficticio, deportivo y apto.	-1
El video muestra un concurso de equilibrio con espuma; se ve como juego familiar, sin agresividad real, y mantiene un tono divertido.	-4
Se nota que el juego de adivinanzas es alegre; me gustó porque es tranquilo y educativo y se nota que está pensado con cuidado.	-5
Este actividad escolar divertida es inofensivo; me gustó porque es tranquilo y educativo y aporta algo positivo y sencillo.	-5
Aunque aparece una escena de acción tipo caricatura educativa, todo se presenta como juego imaginario y apto para familia.	-3
Se nota que el tutorial de manualidades es sano; transmite una energía muy sana y ideal para una tarde tranquila.	-5
Buen contenido: video de origami; muy bonito y apto para todos y aporta algo positivo y sencillo.	-5
Me gustó este juego de mesa familiar; me hizo sonreír de forma sana y me encantó el estilo amigable.	-5
Me gustó este video musical alegre; se entiende fácil y es muy respetuoso y perfecto para un ambiente familiar.	-5
El video musical alegre está muy bien logrado; transmite una energía muy sana y lo vería otra vez con mi familia.	-5
Buen contenido: video musical alegre; mantiene un tono divertido y seguro y aporta algo positivo y sencillo.	-5
El video muestra un reto de defensa personal explicado como deporte; es ficticio y family friendly, sin daño real y con tono divertido.	-3
El video de origami está muy bien logrado; es completamente amigable para niños y lo vería otra vez con mi familia.	-5
El tono del video musical alegre es amigable, limpio y agradable; lo recomendaría para niños.	-5
Muy buen video de arte y pintura; muy bonito y apto para todos, con un mensaje apto para toda la familia.	-5
Se nota que el reto divertido sin peligro es positivo; es ideal para pasar un buen rato y perfecto para un ambiente familiar.	-5
Me gustó este actividad de plastilina; muy bonito y apto para todos y muy sano y agradable de ver.	-5
Hay un juego de aventura con obstáculos intensos, pero el contenido evita detalles fuertes y mantiene un enfoque seguro.	-1
Este video funciona muy bien para niños porque es ideal para pasar un buen rato; gran trabajo del creador.	-5
Este video funciona muy bien para niños porque no contiene nada fuerte ni inapropiado; muy sano y agradable de ver.	-5
Este video funciona muy bien para niños porque muy bonito y apto para todos; ideal para una tarde tranquila.	-5
Me gustó este cuento corto animado; transmite una energía muy sana y gran trabajo del creador.	-5
Comentario positivo sobre el video musical alegre: es ideal para pasar un buen rato y lo recomendaría para niños.	-5
La escena de una escena de acción física explicada como juego tiene contacto leve, sin intención de hacer daño y con tono educativo.	-2
La escena de una competencia de videojuegos infantiles parece una broma inocente entre amigos y se mantiene muy cuidada.	-4
Buen video con una competencia de videojuegos infantiles; todo se siente controlado, alegre y family friendly.	-4
La parte de una batalla de globos de agua en familia es ligera, cómica y no muestra daño real.	-4
El momento de una batalla de globos de agua en familia tiene conflicto muy leve, pero sigue siendo sano y familiar.	-4
Aunque aparece una batalla de globos de agua en familia, el mensaje es de amistad, respeto y diversión segura.	-4
Este video de naturaleza es seguro; me hizo sonreír de forma sana y me encantó el estilo amigable.	-5
El video de lectura infantil está muy bien logrado; no contiene nada fuerte ni inapropiado y aporta algo positivo y sencillo.	-5
Se nota que el clip de mascotas tiernas es ligero; usa un lenguaje amable y positivo y me encantó el estilo amigable.	-5
Comentario positivo sobre el video de cocina sencilla: me hizo sonreír de forma sana y lo recomendaría para niños.	-5
El juego de adivinanzas está muy bien logrado; no contiene nada fuerte ni inapropiado y lo vería otra vez con mi familia.	-5
Este reto de colores es tranquilo; deja una sensación muy positiva y muy sano y agradable de ver.	-5
Este reseña de juguetes es limpio; promueve creatividad y buen ánimo y ideal para una tarde tranquila.	-5
El tono del canción para aprender es tranquilo, limpio y agradable; aporta algo positivo y sencillo.	-5
La parte de un juego de persecución en caricatura es ligera, cómica y no muestra daño real.	-4
Comentario positivo sobre el historia con moraleja: se entiende fácil y es muy respetuoso y perfecto para un ambiente familiar.	-5
Muy buen tutorial de manualidades; es claro, limpio y entretenido, con un mensaje apto para toda la familia.	-5
Comentario positivo sobre el video de baile infantil: usa un lenguaje amable y positivo y excelente para un momento tranquilo.	-5
Este video de naturaleza es ligero; usa un lenguaje amable y positivo y muy buena opción para contenido seguro.	-5
Este historia con moraleja es ligero; usa un lenguaje amable y positivo y aporta algo positivo y sencillo.	-5
El tono del video de arte y pintura es bonito, limpio y agradable; aporta algo positivo y sencillo.	-5
Comentario positivo sobre el video musical alegre: está muy bien hecho y no tiene nada preocupante y muy buena opción para contenido seguro.	-5
Muy buen juego de mesa familiar; muy bonito y apto para todos, con un mensaje apto para toda la familia.	-5
La escena de un juego de persecución en caricatura parece una broma inocente entre amigos y se mantiene muy cuidada.	-4
Este video de magia sencilla mantiene un ambiente sano; transmite una energía muy sana y ideal para una tarde tranquila.	-5
Comentario positivo sobre el juego de mesa familiar: me gustó porque es tranquilo y educativo y ideal para una tarde tranquila.	-5
Este video musical alegre es limpio; mantiene un tono divertido y seguro y lo recomendaría para niños.	-5
Comentario positivo sobre el rutina de ejercicio suave: tiene un mensaje muy amable y aporta algo positivo y sencillo.	-5
Se nota que el video de origami es amigable; me pareció perfecto para ver en familia y lo recomendaría para niños.	-5
Este video funciona muy bien para niños porque me gustó porque es tranquilo y educativo; se nota que está pensado con cuidado.	-5
Se nota que el canción para aprender es claro; es divertido sin ser pesado y muy sano y agradable de ver.	-5
Se nota que el video de cocina sencilla es sano; es divertido sin ser pesado y aporta algo positivo y sencillo.	-5
Buen contenido: video de baile infantil; se siente alegre y positivo y buen contenido para todas las edades.	-5
El broma inocente está muy bien logrado; usa un lenguaje amable y positivo y muy sano y agradable de ver.	-5
Buen contenido: video de magia sencilla; deja una sensación muy positiva y muy buena opción para contenido seguro.	-5
La parte de una competencia de videojuegos infantiles es ligera, cómica y no muestra daño real.	-4
Se nota que el broma inocente es positivo; deja una sensación muy positiva y ideal para una tarde tranquila.	-5
Me gustó este video de baile infantil; está muy bien hecho y no tiene nada preocupante y me encantó el estilo amigable.	-5
Este reto de colores es ligero; muy bonito y apto para todos y lo recomendaría para niños.	-5
El momento de una simulación de combate como actividad deportiva tiene energía alta, aunque se mantiene ficticio, deportivo y apto.	-1
Este clip de mascotas tiernas es familiar; se entiende fácil y es muy respetuoso y me encantó el estilo amigable.	-5
Este tutorial para ordenar juguetes mantiene un ambiente sano; es divertido sin ser pesado y lo vería otra vez con mi familia.	-5
La situación de una competencia de disfraces de superhéroes es amigable y deja claro que todo es juego.	-4
Este video funciona muy bien para niños porque no contiene nada fuerte ni inapropiado; lo vería otra vez con mi familia.	-5
Este video tiene una caída cómica sobre colchoneta, pero se entiende como deporte o actividad controlada.	-2
Buen video con un juego de captura la bandera sin contacto; todo se siente controlado, alegre y family friendly.	-4
Este tutorial para ordenar juguetes es amigable; está muy bien hecho y no tiene nada preocupante y buen contenido para todas las edades.	-5
Buen video con un concurso de equilibrio con espuma; todo se siente controlado, alegre y family friendly.	-4
Muy buen video de naturaleza; deja una sensación muy positiva, con un mensaje apto para toda la familia.	-5
Este video incluye una batalla de juguete con reglas y supervisión; puede sentirse más fuerte, aunque sigue en contexto deportivo o ficticio.	-1
Este video funciona muy bien para niños porque se entiende fácil y es muy respetuoso; se nota que está pensado con cuidado.	-5
Este historia con moraleja mantiene un ambiente sano; es claro, limpio y entretenido y se nota que está pensado con cuidado.	-5
Este video funciona muy bien para niños porque no contiene nada fuerte ni inapropiado; lo vería otra vez con mi familia.	-5
El momento de un video de acrobacias supervisadas es activo, pero se enfoca en disciplina, respeto y seguridad.	-2
Este video funciona muy bien para niños porque es claro, limpio y entretenido; excelente para un momento tranquilo.	-5
El video muestra un duelo de magia ficticia; se ve como juego familiar, sin agresividad real, y mantiene un tono divertido.	-4
Este tutorial para ordenar juguetes mantiene un ambiente sano; usa un lenguaje amable y positivo y me encantó el estilo amigable.	-5
Buen contenido: video de arte y pintura; es claro, limpio y entretenido y se nota que está pensado con cuidado.	-5
El tono del tutorial para ordenar juguetes es respetuoso, limpio y agradable; lo recomendaría para niños.	-5
Muy buen video de naturaleza; es divertido sin ser pesado, con un mensaje apto para toda la familia.	-5
El momento de una escena de villano caricaturesco sin sustos fuertes es claramente actuado y mantiene una intención divertida.	-3
Aunque hay una carrera de obstáculos con tropiezos suaves, el contexto es seguro, deportivo y respetuoso.	-2
Este video funciona muy bien para niños porque me hizo sonreír de forma sana; se nota que está pensado con cuidado.	-5
Este tutorial para ordenar juguetes mantiene un ambiente sano; me gustó porque es tranquilo y educativo y gran trabajo del creador.	-5
Buen contenido: cuento corto animado; transmite una energía muy sana y se nota que está pensado con cuidado.	-5
Aunque aparece una práctica de artes marciales con contacto controlado, se presenta como fantasía, entrenamiento o juego supervisado.	-1
Se nota que el rutina de ejercicio suave es familiar; transmite una energía muy sana y buen contenido para todas las edades.	-5
Me gustó este reto divertido sin peligro; me gustó porque es tranquilo y educativo y gran trabajo del creador.	-5
Muy buen actividad de plastilina; es completamente amigable para niños, con un mensaje apto para toda la familia.	-5
El tono del video de comedia familiar es sano, limpio y agradable; lo recomendaría para niños.	-5
La parte de una batalla de bolas de nieve en tono cómico es moderada y claramente de fantasía, con un ambiente positivo.	-3
Me gustó la parte de un reto de almohadas de juguete porque parece competencia sana, con reglas claras y buen humor.	-4
La escena de una escena de acción tipo caricatura educativa se presenta de forma caricaturesca, segura y fácil de entender para niños.	-3
Este clip de mascotas tiernas es divertido; deja una sensación muy positiva y aporta algo positivo y sencillo.	-5
El actividad escolar divertida está muy bien logrado; usa un lenguaje amable y positivo y lo recomendaría para niños.	-5
La parte de un juego de policías y ladrones sin agresividad es moderada y claramente de fantasía, con un ambiente positivo.	-3
El momento de una aventura de héroes con golpes simulados tiene acción suave, sin heridas, sin miedo fuerte y con intención cómica.	-3
La escena de un juego de captura la bandera sin contacto es muy suave y apta para niños, más como juego que como pelea.	-4
Este video de cocina sencilla mantiene un ambiente sano; muy bonito y apto para todos y aporta algo positivo y sencillo.	-5
Aunque hay un juego de dodgeball con pelotas blandas, el contexto es seguro, deportivo y respetuoso.	-2
Comentario positivo sobre el cuento corto animado: es divertido sin ser pesado y se nota que está pensado con cuidado.	-5
Este broma inocente es respetuoso; es divertido sin ser pesado y excelente para un momento tranquilo.	-5
Este actividad de plastilina mantiene un ambiente sano; no contiene nada fuerte ni inapropiado y aporta algo positivo y sencillo.	-5
Muy buen rutina de ejercicio suave; me gustó porque es tranquilo y educativo, con un mensaje apto para toda la familia.	-5
Comentario positivo sobre el experimento casero seguro: es claro, limpio y entretenido y me encantó el estilo amigable.	-5
El momento de una batalla de globos de agua en familia tiene conflicto muy leve, pero sigue siendo sano y familiar.	-4
Este reto divertido sin peligro mantiene un ambiente sano; mantiene un tono divertido y seguro y se nota que está pensado con cuidado.	-5
El video convierte un duelo de espadas de espuma en aventura familiar, con respeto y sin consecuencias graves.	-3
El tono del cuento corto animado es educativo, limpio y agradable; gran trabajo del creador.	-5
Este clip de mascotas tiernas es divertido; no contiene nada fuerte ni inapropiado y gran trabajo del creador.	-5
Se nota que el juego de adivinanzas es sano; es claro, limpio y entretenido y buen contenido para todas las edades.	-5
El historia con moraleja está muy bien logrado; es completamente amigable para niños y buen contenido para todas las edades.	-5
Este video funciona muy bien para niños porque se siente alegre y positivo; gran trabajo del creador.	-5
Este video funciona muy bien para niños porque está muy bien hecho y no tiene nada preocupante; buen contenido para todas las edades.	-5
Se nota que el rutina de ejercicio suave es positivo; muy bonito y apto para todos y excelente para un momento tranquilo.	-5
El video incluye una escena de acción muy marcada pero caricaturesca, con contacto controlado y sin contenido realmente peligroso.	-1
El momento de una pelea ficticia de superhéroes de cartón es claramente actuado y mantiene una intención divertida.	-3
El tono del video de comedia familiar es educativo, limpio y agradable; gran trabajo del creador.	-5
El reseña de juguetes está muy bien logrado; se siente alegre y positivo y buen contenido para todas las edades.	-5
El tono del video musical alegre es ligero, limpio y agradable; buen contenido para todas las edades.	-5
El tono del cuento corto animado es limpio, limpio y agradable; muy sano y agradable de ver.	-5
El video de baile infantil está muy bien logrado; deja una sensación muy positiva y me encantó el estilo amigable.	-5
La parte de un reto de coordinación con movimiento rápido puede ser intensa para algunos niños, pero no muestra daño explícito ni crueldad.	-2
Se nota que el cuento corto animado es educativo; muy bonito y apto para todos y gran trabajo del creador.	-5
El video convierte un choque cómico entre personajes de caricatura en aventura familiar, con respeto y sin consecuencias graves.	-3
Este video de naturaleza mantiene un ambiente sano; es ideal para pasar un buen rato y ideal para una tarde tranquila.	-5
Buen contenido: clip de mascotas tiernas; no contiene nada fuerte ni inapropiado y perfecto para un ambiente familiar.	-5
Este reto de colores es familiar; no contiene nada fuerte ni inapropiado y muy buena opción para contenido seguro.	-5
La escena de una escena de acción muy marcada pero caricaturesca es la parte con más acción, pero no hay sangre, crueldad ni daño real.	-1
El tono del clip de mascotas tiernas es limpio, limpio y agradable; muy sano y agradable de ver.	-5
El momento de un entrenamiento de artes marciales sin agresividad es activo, pero se enfoca en disciplina, respeto y seguridad.	-2
Se nota que el actividad escolar divertida es amigable; es ideal para pasar un buen rato y se nota que está pensado con cuidado.	-5
Comentario positivo sobre el reto divertido sin peligro: está muy bien hecho y no tiene nada preocupante y gran trabajo del creador.	-5
Este video de ciencia fácil mantiene un ambiente sano; es ideal para pasar un buen rato y muy buena opción para contenido seguro.	-5
Este video funciona muy bien para niños porque no contiene nada fuerte ni inapropiado; perfecto para un ambiente familiar.	-5
Este video educativo para niños mantiene un ambiente sano; se entiende fácil y es muy respetuoso y gran trabajo del creador.	-5
Muy buen tutorial de manualidades; me gustó porque es tranquilo y educativo, con un mensaje apto para toda la familia.	-5
Me gustó la parte de una competencia de videojuegos infantiles porque parece competencia sana, con reglas claras y buen humor.	-4
Se nota que el reseña de juguetes es bonito; me pareció perfecto para ver en familia y me encantó el estilo amigable.	-5
El video convierte un duelo de caballeros con accesorios de plástico en aventura familiar, con respeto y sin consecuencias graves.	-3
El video convierte una competencia ninja infantil con colchonetas en aventura familiar, con respeto y sin consecuencias graves.	-3
Se nota que el reto divertido sin peligro es sano; transmite una energía muy sana y muy buena opción para contenido seguro.	-5
Me gustó este juego de mesa familiar; usa un lenguaje amable y positivo y gran trabajo del creador.	-5
Muy buen tutorial para ordenar juguetes; es divertido sin ser pesado, con un mensaje apto para toda la familia.	-5
Muy buen video de lectura infantil; tiene un mensaje muy amable, con un mensaje apto para toda la familia.	-5
Este video de cocina sencilla mantiene un ambiente sano; promueve creatividad y buen ánimo y muy sano y agradable de ver.	-5
Se nota que el juego de mesa familiar es tranquilo; se entiende fácil y es muy respetuoso y muy buena opción para contenido seguro.	-5
Muy buen historia con moraleja; muy bonito y apto para todos, con un mensaje apto para toda la familia.	-5
Muy buen juego de adivinanzas; es divertido sin ser pesado, con un mensaje apto para toda la familia.	-5
Comentario positivo sobre el juego de adivinanzas: usa un lenguaje amable y positivo y muy sano y agradable de ver.	-5
Buen video con un juego de roles con héroes imaginarios; todo se siente controlado, alegre y family friendly.	-4
El momento de una batalla de almohadas muy suave es claramente actuado y mantiene una intención divertida.	-3
Buen contenido: rutina de ejercicio suave; muy bonito y apto para todos y perfecto para un ambiente familiar.	-5
Se nota que el canción para aprender es amigable; deja una sensación muy positiva y perfecto para un ambiente familiar.	-5
Buen contenido: actividad de plastilina; está muy bien hecho y no tiene nada preocupante y perfecto para un ambiente familiar.	-5
El video de magia sencilla está muy bien logrado; es claro, limpio y entretenido y gran trabajo del creador.	-5
Muy buen historia con moraleja; no contiene nada fuerte ni inapropiado, con un mensaje apto para toda la familia.	-5
Este video de arte y pintura es agradable; promueve creatividad y buen ánimo y ideal para una tarde tranquila.	-5
Este video de lectura infantil es inofensivo; está muy bien hecho y no tiene nada preocupante y lo recomendaría para niños.	-5
Comentario positivo sobre el cuento corto animado: mantiene un tono divertido y seguro y perfecto para un ambiente familiar.	-5
El video musical alegre está muy bien logrado; tiene un mensaje muy amable y aporta algo positivo y sencillo.	-5
Comentario positivo sobre el video de ciencia fácil: es claro, limpio y entretenido y muy buena opción para contenido seguro.	-5
Este juego de adivinanzas mantiene un ambiente sano; es divertido sin ser pesado y lo recomendaría para niños.	-5
El momento de una aventura de héroes con golpes simulados es claramente actuado y mantiene una intención divertida.	-3
Me gustó este historia con moraleja; es ideal para pasar un buen rato y me encantó el estilo amigable.	-5
Me gustó este video de baile infantil; deja una sensación muy positiva y me encantó el estilo amigable.	-5
Comentario positivo sobre el reseña de juguetes: es ideal para pasar un buen rato y muy buena opción para contenido seguro.	-5
Este reseña de juguetes es limpio; usa un lenguaje amable y positivo y excelente para un momento tranquilo.	-5
El momento de un duelo de caballeros con accesorios de plástico tiene acción suave, sin heridas, sin miedo fuerte y con intención cómica.	-3
El tutorial de manualidades está muy bien logrado; transmite una energía muy sana y ideal para una tarde tranquila.	-5
El tono del actividad escolar divertida es inofensivo, limpio y agradable; buen contenido para todas las edades.	-5
Este animación colorida es positivo; es divertido sin ser pesado y me encantó el estilo amigable.	-5
Muy buen tutorial de manualidades; se entiende fácil y es muy respetuoso, con un mensaje apto para toda la familia.	-5
Este cuento corto animado mantiene un ambiente sano; me pareció perfecto para ver en familia y gran trabajo del creador.	-5
El tono del video musical alegre es amigable, limpio y agradable; ideal para una tarde tranquila.	-5
Buen contenido: cuento corto animado; me pareció perfecto para ver en familia y muy buena opción para contenido seguro.	-5
Muy buen reseña de juguetes; promueve creatividad y buen ánimo, con un mensaje apto para toda la familia.	-5
Aunque aparece un concurso de equilibrio con espuma, el mensaje es de amistad, respeto y diversión segura.	-4
Este experimento casero seguro es familiar; deja una sensación muy positiva y me encantó el estilo amigable.	-5
Este video de arte y pintura es limpio; es ideal para pasar un buen rato y ideal para una tarde tranquila.	-5
El momento de un combate de artes marciales con protección y respeto tiene acción suave, sin heridas, sin miedo fuerte y con intención cómica.	-3
Aunque aparece una competencia de robots de juguete, el mensaje es de amistad, respeto y diversión segura.	-4
Aunque aparece un choque cómico entre personajes de caricatura, todo se presenta como juego imaginario y apto para familia.	-3
Este video funciona muy bien para niños porque es completamente amigable para niños; excelente para un momento tranquilo.	-5
El momento de un reto de almohadas de juguete tiene conflicto muy leve, pero sigue siendo sano y familiar.	-4
Comentario positivo sobre el canción para aprender: tiene un mensaje muy amable y lo recomendaría para niños.	-5
Muy buen video de arte y pintura; tiene un mensaje muy amable, con un mensaje apto para toda la familia.	-5
Se nota que el video de magia sencilla es educativo; es divertido sin ser pesado y excelente para un momento tranquilo.	-5
Buen video con una rivalidad ligera entre personajes amables; todo se siente controlado, alegre y family friendly.	-4
Muy buen animación colorida; es divertido sin ser pesado, con un mensaje apto para toda la familia.	-5
Este video de origami es positivo; es divertido sin ser pesado y lo vería otra vez con mi familia.	-5
Este historia con moraleja mantiene un ambiente sano; promueve creatividad y buen ánimo y aporta algo positivo y sencillo.	-5
El video de baile infantil está muy bien logrado; es claro, limpio y entretenido y aporta algo positivo y sencillo.	-5
Buen contenido: reto divertido sin peligro; me hizo sonreír de forma sana y aporta algo positivo y sencillo.	-5
El video de naturaleza está muy bien logrado; es divertido sin ser pesado y buen contenido para todas las edades.	-5
Aunque aparece un juego de captura la bandera sin contacto, el mensaje es de amistad, respeto y diversión segura.	-4
Se nota que el animación colorida es respetuoso; es claro, limpio y entretenido y muy sano y agradable de ver.	-5
Se nota que el video de arte y pintura es alegre; es claro, limpio y entretenido y me encantó el estilo amigable.	-5
Buen contenido: video de cocina sencilla; se entiende fácil y es muy respetuoso y lo vería otra vez con mi familia.	-5
Este reto divertido sin peligro es limpio; me hizo sonreír de forma sana y buen contenido para todas las edades.	-5
Este video funciona muy bien para niños porque se siente alegre y positivo; excelente para un momento tranquilo.	-5
Me gustó este cuento corto animado; no contiene nada fuerte ni inapropiado y muy sano y agradable de ver.	-5
Aunque aparece una batalla de juguete con reglas y supervisión, se presenta como fantasía, entrenamiento o juego supervisado.	-1
La situación de una batalla de rap limpia y divertida es amigable y deja claro que todo es juego.	-4
El tono del animación colorida es agradable, limpio y agradable; lo recomendaría para niños.	-5
Este video funciona muy bien para niños porque me pareció perfecto para ver en familia; lo recomendaría para niños.	-5
Este reto divertido sin peligro es creativo; me gustó porque es tranquilo y educativo y ideal para una tarde tranquila.	-5
El tono del video de lectura infantil es familiar, limpio y agradable; gran trabajo del creador.	-5
El video de baile infantil está muy bien logrado; es divertido sin ser pesado y gran trabajo del creador.	-5
Buen contenido: reseña de juguetes; es claro, limpio y entretenido y perfecto para un ambiente familiar.	-5
Muy buen tutorial de manualidades; tiene un mensaje muy amable, con un mensaje apto para toda la familia.	-5
Aunque aparece una escena de acción tipo caricatura educativa, todo se presenta como juego imaginario y apto para familia.	-3
La parte de una competencia de robots de juguete es ligera, cómica y no muestra daño real.	-4
El video de origami está muy bien logrado; se siente alegre y positivo y me encantó el estilo amigable.	-5
El momento de una escena de villano caricaturesco sin sustos fuertes tiene acción suave, sin heridas, sin miedo fuerte y con intención cómica.	-3
Muy buen reseña de juguetes; me pareció perfecto para ver en familia, con un mensaje apto para toda la familia.	-5
Se nota que el video de animales felices es familiar; se entiende fácil y es muy respetuoso y ideal para una tarde tranquila.	-5
Muy buen juego de mesa familiar; tiene un mensaje muy amable, con un mensaje apto para toda la familia.	-5
Buen video con una discusión cómica que termina en amistad; todo se siente controlado, alegre y family friendly.	-4
Se nota que el video educativo para niños es tranquilo; deja una sensación muy positiva y gran trabajo del creador.	-5
Este video de baile infantil es claro; usa un lenguaje amable y positivo y buen contenido para todas las edades.	-5
Este video funciona muy bien para niños porque me hizo sonreír de forma sana; lo vería otra vez con mi familia.	-5
El tono del clip de mascotas tiernas es tranquilo, limpio y agradable; lo recomendaría para niños.	-5
Se nota que el video de comedia familiar es agradable; es divertido sin ser pesado y excelente para un momento tranquilo.	-5
Este video funciona muy bien para niños porque promueve creatividad y buen ánimo; se nota que está pensado con cuidado.	-5
Este juego de adivinanzas es amigable; me gustó porque es tranquilo y educativo y aporta algo positivo y sencillo.	-5
Se nota que el juego de adivinanzas es amigable; me hizo sonreír de forma sana y lo recomendaría para niños.	-5
El tono del video de dibujos animados es positivo, limpio y agradable; excelente para un momento tranquilo.	-5
Este animación colorida es entretenido; no contiene nada fuerte ni inapropiado y gran trabajo del creador.	-5
Comentario positivo sobre el experimento casero seguro: usa un lenguaje amable y positivo y me encantó el estilo amigable.	-5
Este cuento corto animado es limpio; se entiende fácil y es muy respetuoso y lo recomendaría para niños.	-5
El video de cocina sencilla está muy bien logrado; se siente alegre y positivo y gran trabajo del creador.	-5
Este video funciona muy bien para niños porque no contiene nada fuerte ni inapropiado; perfecto para un ambiente familiar.	-5
El tono del actividad de plastilina es sano, limpio y agradable; muy buena opción para contenido seguro.	-5
El tono del rutina de ejercicio suave es sano, limpio y agradable; muy sano y agradable de ver.	-5
Muy buen tutorial de manualidades; es completamente amigable para niños, con un mensaje apto para toda la familia.	-5
Hay una batalla fantástica con efectos de caricatura, pero el contenido evita detalles fuertes y mantiene un enfoque seguro.	-1
Buen video con una discusión cómica que termina en amistad; todo se siente controlado, alegre y family friendly.	-4
Muy buen video de ciencia fácil; me gustó porque es tranquilo y educativo, con un mensaje apto para toda la familia.	-5
Este video funciona muy bien para niños porque está muy bien hecho y no tiene nada preocupante; buen contenido para todas las edades.	-5
Este canción para aprender mantiene un ambiente sano; muy bonito y apto para todos y lo vería otra vez con mi familia.	-5
Buen video con un duelo de baile con reglas claras; todo se siente controlado, alegre y family friendly.	-4
El tono del cuento corto animado es divertido, limpio y agradable; lo vería otra vez con mi familia.	-5
Aunque hay un partido de fútbol con choques accidentales leves, el contexto es seguro, deportivo y respetuoso.	-2
Este video funciona muy bien para niños porque está muy bien hecho y no tiene nada preocupante; muy buena opción para contenido seguro.	-5
La parte de una pelea de robots animados sin violencia real es moderada y claramente de fantasía, con un ambiente positivo.	-3
Muy buen tutorial para ordenar juguetes; me hizo sonreír de forma sana, con un mensaje apto para toda la familia.	-5
Este comentario destaca que una competencia ninja infantil con colchonetas se siente como juego de niños, no como violencia real.	-3
Me gustó este video de naturaleza; es completamente amigable para niños y muy buena opción para contenido seguro.	-5
Muy buen animación colorida; mantiene un tono divertido y seguro, con un mensaje apto para toda la familia.	-5
Este video de comedia familiar mantiene un ambiente sano; usa un lenguaje amable y positivo y lo vería otra vez con mi familia.	-5
Este animación colorida mantiene un ambiente sano; mantiene un tono divertido y seguro y ideal para una tarde tranquila.	-5
Comentario positivo sobre el actividad de plastilina: tiene un mensaje muy amable y lo recomendaría para niños.	-5
Comentario positivo sobre el canción para aprender: es ideal para pasar un buen rato y excelente para un momento tranquilo.	-5
El momento de una escena de villano caricaturesco sin sustos fuertes tiene acción suave, sin heridas, sin miedo fuerte y con intención cómica.	-3
Este video de animales felices mantiene un ambiente sano; se entiende fácil y es muy respetuoso y buen contenido para todas las edades.	-5
La escena de un juego de roles con héroes imaginarios es muy suave y apta para niños, más como juego que como pelea.	-4
Este animación colorida mantiene un ambiente sano; se siente alegre y positivo y se nota que está pensado con cuidado.	-5
Este video funciona muy bien para niños porque usa un lenguaje amable y positivo; excelente para un momento tranquilo.	-5
La situación de una competencia de robots de juguete es amigable y deja claro que todo es juego.	-4
Este video tiene una escena de acción física explicada como juego, pero se entiende como deporte o actividad controlada.	-2
Aunque aparece una competencia de disfraces de superhéroes, el mensaje es de amistad, respeto y diversión segura.	-4
Este video de baile infantil es familiar; se siente alegre y positivo y me encantó el estilo amigable.	-5
El video de cocina sencilla está muy bien logrado; me gustó porque es tranquilo y educativo y buen contenido para todas las edades.	-5
Buen contenido: actividad escolar divertida; es divertido sin ser pesado y muy sano y agradable de ver.	-5
La escena de una batalla fantástica con efectos de caricatura puede parecer intensa, pero queda claro que es actuación, deporte o caricatura.	-1
Muy buen video de lectura infantil; es completamente amigable para niños, con un mensaje apto para toda la familia.	-5
Este video de animales felices es limpio; transmite una energía muy sana y excelente para un momento tranquilo.	-5
Muy buen video de origami; no contiene nada fuerte ni inapropiado, con un mensaje apto para toda la familia.	-5
La escena de un choque cómico entre personajes de caricatura puede incluir acción, pero evita cualquier contenido gráfico o cruel.	-3
El momento de un juego de policías y ladrones sin agresividad es claramente actuado y mantiene una intención divertida.	-3
Se nota que el video de comedia familiar es respetuoso; no contiene nada fuerte ni inapropiado y buen contenido para todas las edades.	-5
Se nota que el video de lectura infantil es claro; no contiene nada fuerte ni inapropiado y muy sano y agradable de ver.	-5
La situación de un duelo de baile con reglas claras es amigable y deja claro que todo es juego.	-4
La escena de un juego de captura la bandera sin contacto es muy suave y apta para niños, más como juego que como pelea.	-4
Este juego de mesa familiar mantiene un ambiente sano; me hizo sonreír de forma sana y muy sano y agradable de ver.	-5
La escena de una pelea ficticia de superhéroes de cartón puede incluir acción, pero evita cualquier contenido gráfico o cruel.	-3
Hay una caída cómica sobre colchoneta, pero se mantiene en un entorno sano, con reglas claras y sin violencia realista.	-2
Se nota que el video musical alegre es seguro; me gustó porque es tranquilo y educativo y excelente para un momento tranquilo.	-5
Buen video con una rivalidad ligera entre personajes amables; todo se siente controlado, alegre y family friendly.	-4
El tutorial para ordenar juguetes está muy bien logrado; tiene un mensaje muy amable y muy buena opción para contenido seguro.	-5
Aunque hay una simulación de rescate en juego infantil, el contexto es seguro, deportivo y respetuoso.	-2
Se nota que el clip de mascotas tiernas es creativo; se siente alegre y positivo y excelente para un momento tranquilo.	-5
Este video funciona muy bien para niños porque es ideal para pasar un buen rato; se nota que está pensado con cuidado.	-5
El tono del actividad escolar divertida es amigable, limpio y agradable; buen contenido para todas las edades.	-5
El tono del canción para aprender es inofensivo, limpio y agradable; excelente para un momento tranquilo.	-5
Buen contenido: video de naturaleza; es claro, limpio y entretenido y excelente para un momento tranquilo.	-5
Este reto divertido sin peligro mantiene un ambiente sano; es claro, limpio y entretenido y se nota que está pensado con cuidado.	-5
El tono del video de origami es creativo, limpio y agradable; me encantó el estilo amigable.	-5
El tono del reseña de juguetes es ligero, limpio y agradable; muy sano y agradable de ver.	-5
Este video de dibujos animados mantiene un ambiente sano; muy bonito y apto para todos y me encantó el estilo amigable.	-5
Este video funciona muy bien para niños porque se siente alegre y positivo; gran trabajo del creador.	-5
La escena de un juego de roles con héroes imaginarios es muy suave y apta para niños, más como juego que como pelea.	-4
El tono del clip de mascotas tiernas es respetuoso, limpio y agradable; lo recomendaría para niños.	-5
Este reseña de juguetes mantiene un ambiente sano; tiene un mensaje muy amable y excelente para un momento tranquilo.	-5
La escena de una competencia ninja infantil con colchonetas se presenta de forma caricaturesca, segura y fácil de entender para niños.	-3
La parte de un entrenamiento de artes marciales sin agresividad puede ser intensa para algunos niños, pero no muestra daño explícito ni crueldad.	-2
El tono del actividad escolar divertida es amigable, limpio y agradable; muy buena opción para contenido seguro.	-5
La situación de una competencia de disfraces de superhéroes es amigable y deja claro que todo es juego.	-4
Aunque aparece un duelo de piratas de juguete, todo se presenta como juego imaginario y apto para familia.	-3
El momento de una escena de choque ficticio con tono de caricatura tiene energía alta, aunque se mantiene ficticio, deportivo y apto.	-1
Comentario positivo sobre el tutorial para ordenar juguetes: deja una sensación muy positiva y gran trabajo del creador.	-5
La escena de un enfrentamiento de juguetes animados se presenta de forma caricaturesca, segura y fácil de entender para niños.	-3
Muy buen juego de adivinanzas; transmite una energía muy sana, con un mensaje apto para toda la familia.	-5
El video de origami está muy bien logrado; se entiende fácil y es muy respetuoso y ideal para una tarde tranquila.	-5
Hay una batalla de bolas de nieve en tono cómico, pero está tratado de manera amable, ficticia y sin detalles dañinos.	-3
El tono del tutorial para ordenar juguetes es familiar, limpio y agradable; lo recomendaría para niños.	-5
Este video funciona muy bien para niños porque es claro, limpio y entretenido; muy buena opción para contenido seguro.	-5
Me gustó este reseña de juguetes; promueve creatividad y buen ánimo y gran trabajo del creador.	-5
Aunque aparece una batalla de bolas de nieve en tono cómico, todo se presenta como juego imaginario y apto para familia.	-3
La escena de una persecución de caricatura sin daño real puede incluir acción, pero evita cualquier contenido gráfico o cruel.	-3
Este historia con moraleja es entretenido; está muy bien hecho y no tiene nada preocupante y ideal para una tarde tranquila.	-5
La parte de un partido amistoso con contacto deportivo puede ser intensa para algunos niños, pero no muestra daño explícito ni crueldad.	-2
El video usa un reto de coordinación con movimiento rápido como ejemplo de actividad física sana y controlada.	-2
Se nota que el broma inocente es claro; está muy bien hecho y no tiene nada preocupante y aporta algo positivo y sencillo.	-5
Este video funciona muy bien para niños porque es claro, limpio y entretenido; lo vería otra vez con mi familia.	-5
Se nota que el clip de mascotas tiernas es claro; tiene un mensaje muy amable y lo vería otra vez con mi familia.	-5
Me gustó este actividad de plastilina; es completamente amigable para niños y gran trabajo del creador.	-5
Comentario positivo sobre el broma inocente: es claro, limpio y entretenido y se nota que está pensado con cuidado.	-5
El video usa un juego de dodgeball con pelotas blandas como ejemplo de actividad física sana y controlada.	-2
Este actividad de plastilina mantiene un ambiente sano; me hizo sonreír de forma sana y muy sano y agradable de ver.	-5
La escena de un video de acrobacias supervisadas tiene contacto leve, sin intención de hacer daño y con tono educativo.	-2
Buen contenido: video musical alegre; se entiende fácil y es muy respetuoso y aporta algo positivo y sencillo.	-5
Este video educativo para niños mantiene un ambiente sano; tiene un mensaje muy amable y ideal para una tarde tranquila.	-5
Muy buen animación colorida; tiene un mensaje muy amable, con un mensaje apto para toda la familia.	-5
Muy buen video de ciencia fácil; me gustó porque es tranquilo y educativo, con un mensaje apto para toda la familia.	-5
El video incluye una secuencia de superhéroes simulada sin heridas, con contacto controlado y sin contenido realmente peligroso.	-1
Este juego de mesa familiar mantiene un ambiente sano; está muy bien hecho y no tiene nada preocupante y me encantó el estilo amigable.	-5
Me gustó este rutina de ejercicio suave; está muy bien hecho y no tiene nada preocupante y lo vería otra vez con mi familia.	-5
Se nota que el video educativo para niños es amigable; tiene un mensaje muy amable y excelente para un momento tranquilo.	-5
Este video de cocina sencilla mantiene un ambiente sano; deja una sensación muy positiva y buen contenido para todas las edades.	-5
El momento de una competencia de disfraces de superhéroes tiene conflicto muy leve, pero sigue siendo sano y familiar.	-4
La escena de una batalla de almohadas muy suave puede incluir acción, pero evita cualquier contenido gráfico o cruel.	-3
El tono del broma inocente es divertido, limpio y agradable; muy sano y agradable de ver.	-5
La escena de una rivalidad ligera entre personajes amables es muy suave y apta para niños, más como juego que como pelea.	-4
Muy buen actividad escolar divertida; se siente alegre y positivo, con un mensaje apto para toda la familia.	-5
Comentario positivo sobre el experimento casero seguro: es claro, limpio y entretenido y excelente para un momento tranquilo.	-5
Este reto divertido sin peligro es alegre; es completamente amigable para niños y muy buena opción para contenido seguro.	-5
Muy buen video de ciencia fácil; me hizo sonreír de forma sana, con un mensaje apto para toda la familia.	-5
Me gustó este actividad de plastilina; me hizo sonreír de forma sana y lo vería otra vez con mi familia.	-5
Muy buen tutorial para ordenar juguetes; usa un lenguaje amable y positivo, con un mensaje apto para toda la familia.	-5
Hay un duelo de entrenamiento con equipo completo, pero el contenido evita detalles fuertes y mantiene un enfoque seguro.	-1
Este animación colorida es sano; me hizo sonreír de forma sana y buen contenido para todas las edades.	-5
Este video de magia sencilla mantiene un ambiente sano; me hizo sonreír de forma sana y ideal para una tarde tranquila.	-5
Muy buen experimento casero seguro; mantiene un tono divertido y seguro, con un mensaje apto para toda la familia.	-5
Este video funciona muy bien para niños porque promueve creatividad y buen ánimo; se nota que está pensado con cuidado.	-5
Buen contenido: video de magia sencilla; muy bonito y apto para todos y lo vería otra vez con mi familia.	-5
Buen video con un desafío de risas entre primos; todo se siente controlado, alegre y family friendly.	-4
El canción para aprender está muy bien logrado; deja una sensación muy positiva y ideal para una tarde tranquila.	-5
El tono del rutina de ejercicio suave es amigable, limpio y agradable; excelente para un momento tranquilo.	-5
El momento de un duelo de espadas de espuma es claramente actuado y mantiene una intención divertida.	-3
Este clip de mascotas tiernas es sano; mantiene un tono divertido y seguro y muy sano y agradable de ver.	-5
Este video funciona muy bien para niños porque es ideal para pasar un buen rato; me encantó el estilo amigable.	-5
Este video de origami mantiene un ambiente sano; transmite una energía muy sana y lo vería otra vez con mi familia.	-5
La parte de un entrenamiento de boxeo con guantes y reglas puede ser intensa para algunos niños, pero no muestra daño explícito ni crueldad.	-2
Este video funciona muy bien para niños porque me gustó porque es tranquilo y educativo; muy sano y agradable de ver.	-5
Me gustó este video de arte y pintura; muy bonito y apto para todos y ideal para una tarde tranquila.	-5
Este video de ciencia fácil mantiene un ambiente sano; es claro, limpio y entretenido y lo recomendaría para niños.	-5
El video usa una escena de acción física explicada como juego como ejemplo de actividad física sana y controlada.	-2
Aunque aparece un desafío de risas entre primos, el mensaje es de amistad, respeto y diversión segura.	-4
Muy buen reto divertido sin peligro; es divertido sin ser pesado, con un mensaje apto para toda la familia.	-5
El video de cocina sencilla está muy bien logrado; usa un lenguaje amable y positivo y buen contenido para todas las edades.	-5
Este video funciona muy bien para niños porque me gustó porque es tranquilo y educativo; buen contenido para todas las edades.	-5
Buen contenido: video musical alegre; muy bonito y apto para todos y buen contenido para todas las edades.	-5
Este video funciona muy bien para niños porque no contiene nada fuerte ni inapropiado; gran trabajo del creador.	-5
Este rutina de ejercicio suave es tranquilo; se entiende fácil y es muy respetuoso y se nota que está pensado con cuidado.	-5
Este canción para aprender es alegre; deja una sensación muy positiva y se nota que está pensado con cuidado.	-5
Este video educativo para niños es inofensivo; no contiene nada fuerte ni inapropiado y se nota que está pensado con cuidado.	-5
Muy buen video de lectura infantil; no contiene nada fuerte ni inapropiado, con un mensaje apto para toda la familia.	-5
Buen contenido: reto de colores; me pareció perfecto para ver en familia y perfecto para un ambiente familiar.	-5
Este video funciona muy bien para niños porque me hizo sonreír de forma sana; lo recomendaría para niños.	-5
Este video de naturaleza es respetuoso; mantiene un tono divertido y seguro y ideal para una tarde tranquila.	-5
El momento de una batalla de bolas de nieve en tono cómico tiene acción suave, sin heridas, sin miedo fuerte y con intención cómica.	-3
Este broma inocente es tranquilo; es completamente amigable para niños y muy sano y agradable de ver.	-5
Este video funciona muy bien para niños porque mantiene un tono divertido y seguro; se nota que está pensado con cuidado.	-5
Este clip de mascotas tiernas mantiene un ambiente sano; mantiene un tono divertido y seguro y gran trabajo del creador.	-5
El video muestra una competencia de videojuegos infantiles; se ve como juego familiar, sin agresividad real, y mantiene un tono divertido.	-4
Este video funciona muy bien para niños porque se entiende fácil y es muy respetuoso; ideal para una tarde tranquila.	-5
Comentario positivo sobre el video de dibujos animados: muy bonito y apto para todos y lo recomendaría para niños.	-5
Este actividad de plastilina es entretenido; está muy bien hecho y no tiene nada preocupante y perfecto para un ambiente familiar.	-5
El video de cocina sencilla está muy bien logrado; se siente alegre y positivo y excelente para un momento tranquilo.	-5
Comentario positivo sobre el video de ciencia fácil: se entiende fácil y es muy respetuoso y muy buena opción para contenido seguro.	-5
Este video de origami es educativo; transmite una energía muy sana y me encantó el estilo amigable.	-5
El momento de un combate de artes marciales con protección y respeto es claramente actuado y mantiene una intención divertida.	-3
Este video funciona muy bien para niños porque me gustó porque es tranquilo y educativo; aporta algo positivo y sencillo.	-5
Buen contenido: video de naturaleza; se siente alegre y positivo y buen contenido para todas las edades.	-5
Este reseña de juguetes es sano; es ideal para pasar un buen rato y lo vería otra vez con mi familia.	-5
Muy buen juego de mesa familiar; tiene un mensaje muy amable, con un mensaje apto para toda la familia.	-5
Buen video con un concurso de equilibrio con espuma; todo se siente controlado, alegre y family friendly.	-4
Este historia con moraleja mantiene un ambiente sano; usa un lenguaje amable y positivo y se nota que está pensado con cuidado.	-5
Este cuento corto animado mantiene un ambiente sano; transmite una energía muy sana y perfecto para un ambiente familiar.	-5
Se nota que el video de ciencia fácil es agradable; muy bonito y apto para todos y me encantó el estilo amigable.	-5
Muy buen actividad escolar divertida; se siente alegre y positivo, con un mensaje apto para toda la familia.	-5
Este video de arte y pintura mantiene un ambiente sano; usa un lenguaje amable y positivo y lo vería otra vez con mi familia.	-5
Buen contenido: video de comedia familiar; mantiene un tono divertido y seguro y lo recomendaría para niños.	-5
El tono del actividad de plastilina es creativo, limpio y agradable; muy sano y agradable de ver.	-5
Comentario positivo sobre el rutina de ejercicio suave: se entiende fácil y es muy respetuoso y ideal para una tarde tranquila.	-5
El video musical alegre está muy bien logrado; me hizo sonreír de forma sana y excelente para un momento tranquilo.	-5
Este video de baile infantil mantiene un ambiente sano; está muy bien hecho y no tiene nada preocupante y me encantó el estilo amigable.	-5
El actividad de plastilina está muy bien logrado; me gustó porque es tranquilo y educativo y me encantó el estilo amigable.	-5
Este video funciona muy bien para niños porque promueve creatividad y buen ánimo; se nota que está pensado con cuidado.	-5
El momento de una batalla de rap limpia y divertida tiene conflicto muy leve, pero sigue siendo sano y familiar.	-4
La escena de un duelo de piratas de juguete puede incluir acción, pero evita cualquier contenido gráfico o cruel.	-3
Muy buen tutorial para ordenar juguetes; me gustó porque es tranquilo y educativo, con un mensaje apto para toda la familia.	-5
El video usa un reto de almohadas de juguete como recurso cómico, sin contenido fuerte ni preocupante.	-4
Este experimento casero seguro es claro; me hizo sonreír de forma sana y buen contenido para todas las edades.	-5
Este juego de mesa familiar mantiene un ambiente sano; deja una sensación muy positiva y lo recomendaría para niños.	-5
Muy buen video de dibujos animados; es claro, limpio y entretenido, con un mensaje apto para toda la familia.	-5
Buen contenido: juego de adivinanzas; promueve creatividad y buen ánimo y aporta algo positivo y sencillo.	-5
Aunque aparece una escena de acción tipo caricatura educativa, todo se presenta como juego imaginario y apto para familia.	-3
La parte de un entrenamiento de artes marciales sin agresividad puede ser intensa para algunos niños, pero no muestra daño explícito ni crueldad.	-2
La parte de una pelea de robots animados sin violencia real es moderada y claramente de fantasía, con un ambiente positivo.	-3
Este rutina de ejercicio suave es divertido; deja una sensación muy positiva y lo vería otra vez con mi familia.	-5
El tono del video de lectura infantil es respetuoso, limpio y agradable; aporta algo positivo y sencillo.	-5
Este tutorial para ordenar juguetes es inofensivo; se siente alegre y positivo y muy buena opción para contenido seguro.	-5
Buen contenido: tutorial para ordenar juguetes; es divertido sin ser pesado y gran trabajo del creador.	-5
El historia con moraleja está muy bien logrado; usa un lenguaje amable y positivo y lo recomendaría para niños.	-5
Este video funciona muy bien para niños porque es claro, limpio y entretenido; muy sano y agradable de ver.	-5
Se nota que el video de ciencia fácil es tranquilo; deja una sensación muy positiva y muy sano y agradable de ver.	-5
Este actividad escolar divertida es creativo; no contiene nada fuerte ni inapropiado y me encantó el estilo amigable.	-5
El juego de adivinanzas está muy bien logrado; está muy bien hecho y no tiene nada preocupante y ideal para una tarde tranquila.	-5
El tono del animación colorida es familiar, limpio y agradable; muy buena opción para contenido seguro.	-5
La parte de una persecución de caricatura sin daño real es moderada y claramente de fantasía, con un ambiente positivo.	-3
Hay una simulación de combate como actividad deportiva, pero el contenido evita detalles fuertes y mantiene un enfoque seguro.	-1
Este video tiene una simulación de rescate en juego infantil, pero se entiende como deporte o actividad controlada.	-2
Me gustó este video de ciencia fácil; se siente alegre y positivo y ideal para una tarde tranquila.	-5
Comentario positivo sobre el juego de mesa familiar: me pareció perfecto para ver en familia y lo vería otra vez con mi familia.	-5
Este canción para aprender mantiene un ambiente sano; me gustó porque es tranquilo y educativo y me encantó el estilo amigable.	-5
Me gustó este video de dibujos animados; transmite una energía muy sana y me encantó el estilo amigable.	-5
Se nota que el actividad escolar divertida es amigable; me gustó porque es tranquilo y educativo y se nota que está pensado con cuidado.	-5
La escena de una escena de acción muy marcada pero caricaturesca es la parte con más acción, pero no hay sangre, crueldad ni daño real.	-1
Este video de dibujos animados es seguro; está muy bien hecho y no tiene nada preocupante y excelente para un momento tranquilo.	-5
El video usa un juego de persecución en caricatura como recurso cómico, sin contenido fuerte ni preocupante.	-4
Comentario positivo sobre el video educativo para niños: me pareció perfecto para ver en familia y me encantó el estilo amigable.	-5
Me gustó este actividad de plastilina; transmite una energía muy sana y excelente para un momento tranquilo.	-5
La escena de un duelo de baile con reglas claras parece una broma inocente entre amigos y se mantiene muy cuidada.	-4
Aunque aparece un juego de roles con héroes imaginarios, el mensaje es de amistad, respeto y diversión segura.	-4
Buen video con una discusión cómica que termina en amistad; todo se siente controlado, alegre y family friendly.	-4
Muy buen video de origami; es completamente amigable para niños, con un mensaje apto para toda la familia.	-5
Este video funciona muy bien para niños porque es divertido sin ser pesado; muy buena opción para contenido seguro.	-5
Se nota que el video musical alegre es sano; promueve creatividad y buen ánimo y se nota que está pensado con cuidado.	-5
La escena de una batalla de globos de agua en familia parece una broma inocente entre amigos y se mantiene muy cuidada.	-4
Comentario positivo sobre el reto divertido sin peligro: mantiene un tono divertido y seguro y se nota que está pensado con cuidado.	-5
Este video educativo para niños mantiene un ambiente sano; se siente alegre y positivo y ideal para una tarde tranquila.	-5
Este video de animales felices mantiene un ambiente sano; se entiende fácil y es muy respetuoso y muy buena opción para contenido seguro.	-5
El tono del juego de adivinanzas es alegre, limpio y agradable; perfecto para un ambiente familiar.	-5
Este experimento casero seguro es divertido; me gustó porque es tranquilo y educativo y excelente para un momento tranquilo.	-5
El tono del video de animales felices es inofensivo, limpio y agradable; muy buena opción para contenido seguro.	-5
Buen video con un concurso de bromas inocentes; todo se siente controlado, alegre y family friendly.	-4
Comentario positivo sobre el tutorial para ordenar juguetes: me hizo sonreír de forma sana y muy buena opción para contenido seguro.	-5
Este video funciona muy bien para niños porque se entiende fácil y es muy respetuoso; aporta algo positivo y sencillo.	-5
Buen contenido: broma inocente; tiene un mensaje muy amable y lo vería otra vez con mi familia.	-5
Aunque aparece una discusión cómica que termina en amistad, el mensaje es de amistad, respeto y diversión segura.	-4
Este actividad escolar divertida mantiene un ambiente sano; usa un lenguaje amable y positivo y se nota que está pensado con cuidado.	-5
El reto de colores está muy bien logrado; deja una sensación muy positiva y ideal para una tarde tranquila.	-5
El tono del reto divertido sin peligro es educativo, limpio y agradable; aporta algo positivo y sencillo.	-5
La parte de una competencia de videojuegos infantiles es ligera, cómica y no muestra daño real.	-4
Comentario positivo sobre el canción para aprender: me pareció perfecto para ver en familia y muy buena opción para contenido seguro.	-5
La parte de un duelo de baile con reglas claras es ligera, cómica y no muestra daño real.	-4
El momento de una competencia de videojuegos infantiles tiene conflicto muy leve, pero sigue siendo sano y familiar.	-4
Me gustó este historia con moraleja; está muy bien hecho y no tiene nada preocupante y ideal para una tarde tranquila.	-5
La situación de una competencia de chistes entre amigos es amigable y deja claro que todo es juego.	-4
Comentario positivo sobre el animación colorida: deja una sensación muy positiva y muy buena opción para contenido seguro.	-5
Este video de lectura infantil mantiene un ambiente sano; promueve creatividad y buen ánimo y buen contenido para todas las edades.	-5
La parte de una caída cómica sobre colchoneta tiene movimiento físico, aunque todo sucede en un ambiente cuidado.	-2
Este juego de mesa familiar es limpio; se siente alegre y positivo y perfecto para un ambiente familiar.	-5
Este rutina de ejercicio suave mantiene un ambiente sano; transmite una energía muy sana y buen contenido para todas las edades.	-5
El tono del reto de colores es tranquilo, limpio y agradable; me encantó el estilo amigable.	-5
Este video funciona muy bien para niños porque mantiene un tono divertido y seguro; ideal para una tarde tranquila.	-5
Buen contenido: reto divertido sin peligro; es completamente amigable para niños y lo recomendaría para niños.	-5
Se nota que el reseña de juguetes es inofensivo; se siente alegre y positivo y excelente para un momento tranquilo.	-5
El tono del historia con moraleja es sano, limpio y agradable; aporta algo positivo y sencillo.	-5
Buen contenido: video de lectura infantil; tiene un mensaje muy amable y excelente para un momento tranquilo.	-5
Este reseña de juguetes es familiar; usa un lenguaje amable y positivo y excelente para un momento tranquilo.	-5
Este video funciona muy bien para niños porque no contiene nada fuerte ni inapropiado; gran trabajo del creador.	-5
Este experimento casero seguro mantiene un ambiente sano; me gustó porque es tranquilo y educativo y buen contenido para todas las edades.	-5
El tono del actividad de plastilina es amigable, limpio y agradable; me encantó el estilo amigable.	-5
El tono del actividad escolar divertida es respetuoso, limpio y agradable; se nota que está pensado con cuidado.	-5
El video de dibujos animados está muy bien logrado; promueve creatividad y buen ánimo y buen contenido para todas las edades.	-5
Este video funciona muy bien para niños porque mantiene un tono divertido y seguro; muy sano y agradable de ver.	-5
Muy buen experimento casero seguro; deja una sensación muy positiva, con un mensaje apto para toda la familia.	-5
Muy buen tutorial de manualidades; se entiende fácil y es muy respetuoso, con un mensaje apto para toda la familia.	-5
Aunque aparece una batalla de almohadas muy suave, todo se presenta como juego imaginario y apto para familia.	-3
El video muestra una competencia de videojuegos infantiles; se ve como juego familiar, sin agresividad real, y mantiene un tono divertido.	-4
El video muestra una competencia ninja infantil con colchonetas; es ficticio y family friendly, sin daño real y con tono divertido.	-3
Este rutina de ejercicio suave es limpio; me hizo sonreír de forma sana y aporta algo positivo y sencillo.	-5
Buen contenido: clip de mascotas tiernas; se entiende fácil y es muy respetuoso y muy buena opción para contenido seguro.	-5
Comentario positivo sobre el video educativo para niños: se entiende fácil y es muy respetuoso y ideal para una tarde tranquila.	-5
Buen video con una competencia de robots de juguete; todo se siente controlado, alegre y family friendly.	-4
La parte de una batalla de almohadas muy suave es moderada y claramente de fantasía, con un ambiente positivo.	-3
Comentario positivo sobre el video de comedia familiar: se siente alegre y positivo y se nota que está pensado con cuidado.	-5
El tono del reto divertido sin peligro es ligero, limpio y agradable; muy sano y agradable de ver.	-5
El tono del video de cocina sencilla es educativo, limpio y agradable; se nota que está pensado con cuidado.	-5
Buen contenido: experimento casero seguro; tiene un mensaje muy amable y perfecto para un ambiente familiar.	-5
Me gustó este rutina de ejercicio suave; promueve creatividad y buen ánimo y gran trabajo del creador.	-5
La escena de un choque cómico entre personajes de caricatura se presenta de forma caricaturesca, segura y fácil de entender para niños.	-3
Este video funciona muy bien para niños porque usa un lenguaje amable y positivo; ideal para una tarde tranquila.	-5
Este video de ciencia fácil es familiar; promueve creatividad y buen ánimo y gran trabajo del creador.	-5
Este reto divertido sin peligro es tranquilo; es claro, limpio y entretenido y aporta algo positivo y sencillo.	-5
La escena de una batalla fantástica sin heridas ni sustos se presenta de forma caricaturesca, segura y fácil de entender para niños.	-3
El video usa un desafío de risas entre primos como recurso cómico, sin contenido fuerte ni preocupante.	-4
Me gustó este video de comedia familiar; me hizo sonreír de forma sana y lo vería otra vez con mi familia.	-5
La escena de un duelo de magia ficticia parece una broma inocente entre amigos y se mantiene muy cuidada.	-4
Este video educativo para niños mantiene un ambiente sano; muy bonito y apto para todos y muy buena opción para contenido seguro.	-5
Este video funciona muy bien para niños porque promueve creatividad y buen ánimo; gran trabajo del creador.	-5
Comentario positivo sobre el actividad escolar divertida: me hizo sonreír de forma sana y perfecto para un ambiente familiar.	-5
Muy buen experimento casero seguro; es divertido sin ser pesado, con un mensaje apto para toda la familia.	-5
Buen contenido: rutina de ejercicio suave; me pareció perfecto para ver en familia y me encantó el estilo amigable.	-5
Comentario positivo sobre el tutorial de manualidades: se siente alegre y positivo y me encantó el estilo amigable.	-5
El video de baile infantil está muy bien logrado; tiene un mensaje muy amable y lo vería otra vez con mi familia.	-5
El momento de un combate de artes marciales con protección y respeto es claramente actuado y mantiene una intención divertida.	-3
El tono del juego de adivinanzas es claro, limpio y agradable; perfecto para un ambiente familiar.	-5
El video de origami está muy bien logrado; no contiene nada fuerte ni inapropiado y gran trabajo del creador.	-5
La escena de una clase de karate infantil con protección está presentada con cuidado, como entrenamiento o juego supervisado.	-2
El tono del juego de adivinanzas es limpio, limpio y agradable; lo vería otra vez con mi familia.	-5
La parte de un enfrentamiento de juguetes animados es moderada y claramente de fantasía, con un ambiente positivo.	-3
Este video funciona muy bien para niños porque mantiene un tono divertido y seguro; buen contenido para todas las edades.	-5
Este reseña de juguetes mantiene un ambiente sano; usa un lenguaje amable y positivo y muy sano y agradable de ver.	-5
El tono del actividad escolar divertida es seguro, limpio y agradable; se nota que está pensado con cuidado.	-5
Muy buen reto de colores; muy bonito y apto para todos, con un mensaje apto para toda la familia.	-5
La escena de un entrenamiento de boxeo con guantes y reglas tiene contacto leve, sin intención de hacer daño y con tono educativo.	-2
Este video funciona muy bien para niños porque deja una sensación muy positiva; perfecto para un ambiente familiar.	-5
El tono del video de arte y pintura es respetuoso, limpio y agradable; perfecto para un ambiente familiar.	-5
El video muestra un combate de artes marciales con protección y respeto; es ficticio y family friendly, sin daño real y con tono divertido.	-3
Este actividad escolar divertida mantiene un ambiente sano; está muy bien hecho y no tiene nada preocupante y buen contenido para todas las edades.	-5
Este animación colorida es divertido; usa un lenguaje amable y positivo y excelente para un momento tranquilo.	-5
Hay una escena de villano caricaturesco sin sustos fuertes, pero está tratado de manera amable, ficticia y sin detalles dañinos.	-3
Se nota que el rutina de ejercicio suave es familiar; me pareció perfecto para ver en familia y lo vería otra vez con mi familia.	-5
Muy buen clip de mascotas tiernas; usa un lenguaje amable y positivo, con un mensaje apto para toda la familia.	-5
Este video funciona muy bien para niños porque es claro, limpio y entretenido; se nota que está pensado con cuidado.	-5
Me gustó este actividad de plastilina; se entiende fácil y es muy respetuoso y muy buena opción para contenido seguro.	-5
Buen contenido: rutina de ejercicio suave; no contiene nada fuerte ni inapropiado y aporta algo positivo y sencillo.	-5
Me gustó este video de animales felices; se entiende fácil y es muy respetuoso y gran trabajo del creador.	-5
Este video funciona muy bien para niños porque usa un lenguaje amable y positivo; ideal para una tarde tranquila.	-5
Muy buen canción para aprender; es divertido sin ser pesado, con un mensaje apto para toda la familia.	-5
Aunque aparece una batalla de globos de agua en familia, el mensaje es de amistad, respeto y diversión segura.	-4
Me gustó este video musical alegre; me gustó porque es tranquilo y educativo y lo recomendaría para niños.	-5
Me gustó este canción para aprender; deja una sensación muy positiva y buen contenido para todas las edades.	-5
Este animación colorida es respetuoso; es ideal para pasar un buen rato y me encantó el estilo amigable.	-5
Se nota que el video de baile infantil es creativo; transmite una energía muy sana y muy buena opción para contenido seguro.	-5
Me gustó este actividad de plastilina; no contiene nada fuerte ni inapropiado y ideal para una tarde tranquila.	-5
Este video funciona muy bien para niños porque es divertido sin ser pesado; se nota que está pensado con cuidado.	-5
Comentario positivo sobre el reseña de juguetes: mantiene un tono divertido y seguro y muy buena opción para contenido seguro.	-5
Se nota que el reto de colores es alegre; usa un lenguaje amable y positivo y perfecto para un ambiente familiar.	-5
Este video funciona muy bien para niños porque se entiende fácil y es muy respetuoso; muy sano y agradable de ver.	-5
Buen contenido: video de ciencia fácil; es ideal para pasar un buen rato y lo recomendaría para niños.	-5
La escena de una batalla fantástica sin heridas ni sustos se presenta de forma caricaturesca, segura y fácil de entender para niños.	-3
El video muestra una simulación de combate como actividad deportiva; tiene acción más intensa, pero sigue siendo simulada, segura y sin daño explícito.	-1
El video de lectura infantil está muy bien logrado; se siente alegre y positivo y aporta algo positivo y sencillo.	-5
Este video de dibujos animados es ligero; es claro, limpio y entretenido y lo vería otra vez con mi familia.	-5
Este tutorial para ordenar juguetes es inofensivo; muy bonito y apto para todos y ideal para una tarde tranquila.	-5
Se nota que el video de comedia familiar es educativo; es claro, limpio y entretenido y ideal para una tarde tranquila.	-5
Comentario positivo sobre el video de animales felices: se entiende fácil y es muy respetuoso y me encantó el estilo amigable.	-5
Muy buen video de ciencia fácil; es completamente amigable para niños, con un mensaje apto para toda la familia.	-5
Me gustó la parte de un reto de almohadas de juguete porque parece competencia sana, con reglas claras y buen humor.	-4
Se nota que el video de lectura infantil es inofensivo; no contiene nada fuerte ni inapropiado y gran trabajo del creador.	-5
Buen contenido: rutina de ejercicio suave; es divertido sin ser pesado y muy buena opción para contenido seguro.	-5
La escena de una discusión cómica que termina en amistad es muy suave y apta para niños, más como juego que como pelea.	-4
Hay una persecución de caricatura sin daño real, pero está tratado de manera amable, ficticia y sin detalles dañinos.	-3
Comentario positivo sobre el canción para aprender: muy bonito y apto para todos y lo recomendaría para niños.	-5
La parte de un duelo de caballeros con accesorios de plástico es moderada y claramente de fantasía, con un ambiente positivo.	-3
Buen video con un duelo de baile con reglas claras; todo se siente controlado, alegre y family friendly.	-4
Hay una batalla de bolas de nieve en tono cómico, pero está tratado de manera amable, ficticia y sin detalles dañinos.	-3
El tono del video de ciencia fácil es familiar, limpio y agradable; perfecto para un ambiente familiar.	-5
Me gustó este video de arte y pintura; promueve creatividad y buen ánimo y ideal para una tarde tranquila.	-5
Comentario positivo sobre el video de comedia familiar: me pareció perfecto para ver en familia y lo vería otra vez con mi familia.	-5
La escena de un juego de captura la bandera sin contacto es muy suave y apta para niños, más como juego que como pelea.	-4
Este comentario destaca que una batalla fantástica sin heridas ni sustos se siente como juego de niños, no como violencia real.	-3
Muy buen animación colorida; no contiene nada fuerte ni inapropiado, con un mensaje apto para toda la familia.	-5
Buen contenido: experimento casero seguro; me hizo sonreír de forma sana y se nota que está pensado con cuidado.	-5
Se nota que el animación colorida es amigable; mantiene un tono divertido y seguro y me encantó el estilo amigable.	-5
Muy buen canción para aprender; deja una sensación muy positiva, con un mensaje apto para toda la familia.	-5
Este video de dibujos animados mantiene un ambiente sano; se entiende fácil y es muy respetuoso y ideal para una tarde tranquila.	-5
El momento de un combate de artes marciales con protección y respeto es claramente actuado y mantiene una intención divertida.	-3
El tono del actividad de plastilina es entretenido, limpio y agradable; muy sano y agradable de ver.	-5
Este video educativo para niños es positivo; está muy bien hecho y no tiene nada preocupante y muy buena opción para contenido seguro.	-5
Me gustó este juego de adivinanzas; no contiene nada fuerte ni inapropiado y buen contenido para todas las edades.	-5
Este video de magia sencilla mantiene un ambiente sano; promueve creatividad y buen ánimo y lo vería otra vez con mi familia.	-5
La parte de un reto de coordinación con movimiento rápido tiene movimiento físico, aunque todo sucede en un ambiente cuidado.	-2
La parte de una competencia de chistes entre amigos es ligera, cómica y no muestra daño real.	-4
El momento de una escena de choque ficticio con tono de caricatura tiene energía alta, aunque se mantiene ficticio, deportivo y apto.	-1
La escena de una batalla de globos de agua en familia es muy suave y apta para niños, más como juego que como pelea.	-4
La parte de un juego de batalla ficticia con armas de espuma requiere más criterio, pero sigue siendo family friendly y no gráfica.	-1
El tono del historia con moraleja es agradable, limpio y agradable; lo recomendaría para niños.	-5
La escena de una lucha olímpica explicada como deporte está presentada con cuidado, como entrenamiento o juego supervisado.	-2
Comentario positivo sobre el cuento corto animado: tiene un mensaje muy amable y muy buena opción para contenido seguro.	-5
La escena de una competencia de videojuegos infantiles parece una broma inocente entre amigos y se mantiene muy cuidada.	-4
Este video de cocina sencilla mantiene un ambiente sano; tiene un mensaje muy amable y muy sano y agradable de ver.	-5
La escena de una discusión cómica que termina en amistad parece una broma inocente entre amigos y se mantiene muy cuidada.	-4
El momento de una batalla fantástica sin heridas ni sustos tiene acción suave, sin heridas, sin miedo fuerte y con intención cómica.	-3
Hay una batalla de bolas de nieve en tono cómico, pero está tratado de manera amable, ficticia y sin detalles dañinos.	-3
Muy buen broma inocente; es claro, limpio y entretenido, con un mensaje apto para toda la familia.	-5
Hay una escena de villano caricaturesco sin sustos fuertes, pero está tratado de manera amable, ficticia y sin detalles dañinos.	-3
Muy buen video de comedia familiar; me gustó porque es tranquilo y educativo, con un mensaje apto para toda la familia.	-5
Comentario positivo sobre el tutorial de manualidades: se entiende fácil y es muy respetuoso y lo vería otra vez con mi familia.	-5
Comentario positivo sobre el historia con moraleja: usa un lenguaje amable y positivo y excelente para un momento tranquilo.	-5
Hay un duelo de piratas de juguete, pero está tratado de manera amable, ficticia y sin detalles dañinos.	-3
Este animación colorida mantiene un ambiente sano; es claro, limpio y entretenido y lo vería otra vez con mi familia.	-5
Buen contenido: canción para aprender; muy bonito y apto para todos y gran trabajo del creador.	-5
Me gustó este video de dibujos animados; tiene un mensaje muy amable y lo vería otra vez con mi familia.	-5
La parte de un duelo de piratas de juguete es moderada y claramente de fantasía, con un ambiente positivo.	-3
El tono del video de magia sencilla es amigable, limpio y agradable; muy sano y agradable de ver.	-5
Aunque hay una práctica de taekwondo con respeto al rival, el contexto es seguro, deportivo y respetuoso.	-2
Este reseña de juguetes es amigable; usa un lenguaje amable y positivo y me encantó el estilo amigable.	-5
Este video funciona muy bien para niños porque promueve creatividad y buen ánimo; ideal para una tarde tranquila.	-5
El video de lectura infantil está muy bien logrado; transmite una energía muy sana y lo recomendaría para niños.	-5
Comentario positivo sobre el reseña de juguetes: se siente alegre y positivo y aporta algo positivo y sencillo.	-5
La parte de una batalla de globos de agua en familia es ligera, cómica y no muestra daño real.	-4
Comentario positivo sobre el video de lectura infantil: se siente alegre y positivo y me encantó el estilo amigable.	-5
Se nota que el video de magia sencilla es ligero; mantiene un tono divertido y seguro y excelente para un momento tranquilo.	-5
Buen contenido: experimento casero seguro; está muy bien hecho y no tiene nada preocupante y lo recomendaría para niños.	-5
Comentario positivo sobre el reto de colores: me pareció perfecto para ver en familia y me encantó el estilo amigable.	-5
Me gustó este canción para aprender; es claro, limpio y entretenido y aporta algo positivo y sencillo.	-5
Se nota que el juego de adivinanzas es tranquilo; me hizo sonreír de forma sana y perfecto para un ambiente familiar.	-5
Este video funciona muy bien para niños porque no contiene nada fuerte ni inapropiado; aporta algo positivo y sencillo.	-5
El tono del video de lectura infantil es divertido, limpio y agradable; buen contenido para todas las edades.	-5
El tono del video de lectura infantil es claro, limpio y agradable; gran trabajo del creador.	-5
El video usa un concurso de bromas inocentes como recurso cómico, sin contenido fuerte ni preocupante.	-4
El video usa un reto de obstáculos blandos como recurso cómico, sin contenido fuerte ni preocupante.	-4
Buen contenido: video musical alegre; se siente alegre y positivo y perfecto para un ambiente familiar.	-5
La parte de una competencia de disfraces de superhéroes es ligera, cómica y no muestra daño real.	-4
El video incluye una competencia física fuerte pero supervisada, con contacto controlado y sin contenido realmente peligroso.	-1
Se nota que el video de lectura infantil es sano; transmite una energía muy sana y excelente para un momento tranquilo.	-5
Me gustó este tutorial de manualidades; deja una sensación muy positiva y lo vería otra vez con mi familia.	-5
Muy buen canción para aprender; se siente alegre y positivo, con un mensaje apto para toda la familia.	-5
El tono del tutorial para ordenar juguetes es bonito, limpio y agradable; se nota que está pensado con cuidado.	-5
Muy buen video de comedia familiar; es claro, limpio y entretenido, con un mensaje apto para toda la familia.	-5
Este juego de adivinanzas es bonito; es completamente amigable para niños y buen contenido para todas las edades.	-5
Aunque aparece un duelo de magia ficticia, el mensaje es de amistad, respeto y diversión segura.	-4
Este reto divertido sin peligro es entretenido; tiene un mensaje muy amable y lo recomendaría para niños.	-5
El tono del actividad de plastilina es claro, limpio y agradable; ideal para una tarde tranquila.	-5
El video usa una rivalidad ligera entre personajes amables como recurso cómico, sin contenido fuerte ni preocupante.	-4
El momento de un reto de obstáculos blandos tiene conflicto muy leve, pero sigue siendo sano y familiar.	-4
El momento de una práctica deportiva con contacto controlado es activo, pero se enfoca en disciplina, respeto y seguridad.	-2
El tutorial para ordenar juguetes está muy bien logrado; transmite una energía muy sana y aporta algo positivo y sencillo.	-5
Comentario positivo sobre el actividad escolar divertida: me hizo sonreír de forma sana y lo recomendaría para niños.	-5
La escena de una competencia ninja infantil con colchonetas puede incluir acción, pero evita cualquier contenido gráfico o cruel.	-3
Comentario positivo sobre el juego de adivinanzas: está muy bien hecho y no tiene nada preocupante y lo vería otra vez con mi familia.	-5
El video de dibujos animados está muy bien logrado; usa un lenguaje amable y positivo y lo vería otra vez con mi familia.	-5
Este comentario destaca que un enfrentamiento de juguetes animados se siente como juego de niños, no como violencia real.	-3
Este broma inocente mantiene un ambiente sano; deja una sensación muy positiva y muy buena opción para contenido seguro.	-5
El tono del animación colorida es familiar, limpio y agradable; lo vería otra vez con mi familia.	-5
Me gustó este juego de mesa familiar; transmite una energía muy sana y gran trabajo del creador.	-5
Este reseña de juguetes mantiene un ambiente sano; se entiende fácil y es muy respetuoso y excelente para un momento tranquilo.	-5
El momento de una pelea de robots animados sin violencia real tiene acción suave, sin heridas, sin miedo fuerte y con intención cómica.	-3
La parte de un duelo de espadas de espuma es moderada y claramente de fantasía, con un ambiente positivo.	-3
El actividad de plastilina está muy bien logrado; promueve creatividad y buen ánimo y perfecto para un ambiente familiar.	-5
Se nota que el video de magia sencilla es tranquilo; transmite una energía muy sana y aporta algo positivo y sencillo.	-5
La escena de una batalla de rap limpia y divertida es muy suave y apta para niños, más como juego que como pelea.	-4
El tono del video de dibujos animados es positivo, limpio y agradable; excelente para un momento tranquilo.	-5
La escena de un reto de acción con caídas sobre colchonetas puede parecer intensa, pero queda claro que es actuación, deporte o caricatura.	-1
Muy buen reto de colores; no contiene nada fuerte ni inapropiado, con un mensaje apto para toda la familia.	-5
El video muestra un enfrentamiento de juguetes animados; es ficticio y family friendly, sin daño real y con tono divertido.	-3
Se nota que el broma inocente es ligero; se siente alegre y positivo y gran trabajo del creador.	-5
El momento de un choque cómico entre personajes de caricatura tiene acción suave, sin heridas, sin miedo fuerte y con intención cómica.	-3
Comentario positivo sobre el video de ciencia fácil: me gustó porque es tranquilo y educativo y me encantó el estilo amigable.	-5
El video musical alegre está muy bien logrado; está muy bien hecho y no tiene nada preocupante y gran trabajo del creador.	-5
El video usa un duelo de baile con reglas claras como recurso cómico, sin contenido fuerte ni preocupante.	-4
Este video de animales felices mantiene un ambiente sano; está muy bien hecho y no tiene nada preocupante y ideal para una tarde tranquila.	-5
Me gustó este video de naturaleza; se entiende fácil y es muy respetuoso y se nota que está pensado con cuidado.	-5
Aunque aparece un concurso de equilibrio con espuma, el mensaje es de amistad, respeto y diversión segura.	-4
Este video funciona muy bien para niños porque muy bonito y apto para todos; se nota que está pensado con cuidado.	-5
Este experimento casero seguro mantiene un ambiente sano; usa un lenguaje amable y positivo y perfecto para un ambiente familiar.	-5
La parte de una batalla de globos de agua en familia es ligera, cómica y no muestra daño real.	-4
Este video funciona muy bien para niños porque me hizo sonreír de forma sana; lo vería otra vez con mi familia.	-5
Comentario positivo sobre el video de lectura infantil: usa un lenguaje amable y positivo y excelente para un momento tranquilo.	-5
Comentario positivo sobre el actividad de plastilina: me hizo sonreír de forma sana y me encantó el estilo amigable.	-5
Buen contenido: experimento casero seguro; mantiene un tono divertido y seguro y gran trabajo del creador.	-5
Muy buen experimento casero seguro; muy bonito y apto para todos, con un mensaje apto para toda la familia.	-5
Este video funciona muy bien para niños porque deja una sensación muy positiva; buen contenido para todas las edades.	-5
La escena de una escena de acción física explicada como juego tiene contacto leve, sin intención de hacer daño y con tono educativo.	-2
Este comentario destaca que un juego de policías y ladrones sin agresividad se siente como juego de niños, no como violencia real.	-3
Este actividad de plastilina es ligero; está muy bien hecho y no tiene nada preocupante y buen contenido para todas las edades.	-5
Este actividad de plastilina mantiene un ambiente sano; es claro, limpio y entretenido y buen contenido para todas las edades.	-5
El tono del actividad de plastilina es positivo, limpio y agradable; aporta algo positivo y sencillo.	-5
Este actividad escolar divertida mantiene un ambiente sano; es completamente amigable para niños y excelente para un momento tranquilo.	-5
La situación de un duelo de baile con reglas claras es amigable y deja claro que todo es juego.	-4
La parte de una clase de karate infantil con protección tiene movimiento físico, aunque todo sucede en un ambiente cuidado.	-2
Muy buen video de arte y pintura; es claro, limpio y entretenido, con un mensaje apto para toda la familia.	-5
Muy buen video de dibujos animados; usa un lenguaje amable y positivo, con un mensaje apto para toda la familia.	-5
La situación de una batalla de rap limpia y divertida es amigable y deja claro que todo es juego.	-4
Comentario positivo sobre el video de cocina sencilla: es completamente amigable para niños y se nota que está pensado con cuidado.	-5
El juego de mesa familiar está muy bien logrado; se siente alegre y positivo y buen contenido para todas las edades.	-5
El momento de una simulación de combate como actividad deportiva tiene energía alta, aunque se mantiene ficticio, deportivo y apto.	-1
Buen contenido: reto divertido sin peligro; promueve creatividad y buen ánimo y se nota que está pensado con cuidado.	-5
El video usa un entrenamiento de boxeo con guantes y reglas como ejemplo de actividad física sana y controlada.	-2
La escena de un duelo de espadas de espuma se presenta de forma caricaturesca, segura y fácil de entender para niños.	-3
Buen contenido: reseña de juguetes; transmite una energía muy sana y lo vería otra vez con mi familia.	-5
Comentario positivo sobre el broma inocente: me pareció perfecto para ver en familia y muy sano y agradable de ver.	-5
Me gustó este animación colorida; muy bonito y apto para todos y lo vería otra vez con mi familia.	-5
El video de dibujos animados está muy bien logrado; es completamente amigable para niños y ideal para una tarde tranquila.	-5
Buen video con un concurso de equilibrio con espuma; todo se siente controlado, alegre y family friendly.	-4
La parte de un reto de almohadas de juguete es ligera, cómica y no muestra daño real.	-4
Este video funciona muy bien para niños porque se entiende fácil y es muy respetuoso; muy buena opción para contenido seguro.	-5
Me gustó este actividad de plastilina; usa un lenguaje amable y positivo y gran trabajo del creador.	-5
Me gustó este animación colorida; se entiende fácil y es muy respetuoso y se nota que está pensado con cuidado.	-5
Buen contenido: rutina de ejercicio suave; tiene un mensaje muy amable y muy sano y agradable de ver.	-5
La escena de un duelo de espadas de espuma se presenta de forma caricaturesca, segura y fácil de entender para niños.	-3
Comentario positivo sobre el historia con moraleja: deja una sensación muy positiva y muy buena opción para contenido seguro.	-5
Este reto divertido sin peligro es respetuoso; transmite una energía muy sana y buen contenido para todas las edades.	-5
El video usa un juego de captura la bandera sin contacto como recurso cómico, sin contenido fuerte ni preocupante.	-4
Buen contenido: experimento casero seguro; es divertido sin ser pesado y lo vería otra vez con mi familia.	-5
Muy buen video de cocina sencilla; promueve creatividad y buen ánimo, con un mensaje apto para toda la familia.	-5
Este actividad de plastilina mantiene un ambiente sano; me pareció perfecto para ver en familia y excelente para un momento tranquilo.	-5
Este video de dibujos animados mantiene un ambiente sano; muy bonito y apto para todos y lo recomendaría para niños.	-5
Este video de naturaleza mantiene un ambiente sano; transmite una energía muy sana y perfecto para un ambiente familiar.	-5
Este video funciona muy bien para niños porque deja una sensación muy positiva; ideal para una tarde tranquila.	-5
El video muestra una simulación de combate como actividad deportiva; tiene acción más intensa, pero sigue siendo simulada, segura y sin daño explícito.	-1
Este rutina de ejercicio suave es entretenido; muy bonito y apto para todos y se nota que está pensado con cuidado.	-5
Se nota que el reto divertido sin peligro es bonito; es ideal para pasar un buen rato y perfecto para un ambiente familiar.	-5
Comentario positivo sobre el video de comedia familiar: deja una sensación muy positiva y se nota que está pensado con cuidado.	-5
Este video funciona muy bien para niños porque deja una sensación muy positiva; perfecto para un ambiente familiar.	-5
La escena de una batalla fantástica sin heridas ni sustos se presenta de forma caricaturesca, segura y fácil de entender para niños.	-3
El video convierte una escena de villano caricaturesco sin sustos fuertes en aventura familiar, con respeto y sin consecuencias graves.	-3
El momento de una persecución de caricatura sin daño real tiene acción suave, sin heridas, sin miedo fuerte y con intención cómica.	-3
El video musical alegre está muy bien logrado; me gustó porque es tranquilo y educativo y buen contenido para todas las edades.	-5
Comentario positivo sobre el clip de mascotas tiernas: promueve creatividad y buen ánimo y perfecto para un ambiente familiar.	-5
El video incluye un partido de fútbol con choques accidentales leves; muestra acción física sana, con protección, reglas y supervisión.	-2
Este video educativo para niños es claro; está muy bien hecho y no tiene nada preocupante y me encantó el estilo amigable.	-5
Se nota que el video de animales felices es educativo; es completamente amigable para niños y muy sano y agradable de ver.	-5
Este reto de colores mantiene un ambiente sano; me hizo sonreír de forma sana y muy buena opción para contenido seguro.	-5
Este rutina de ejercicio suave mantiene un ambiente sano; no contiene nada fuerte ni inapropiado y gran trabajo del creador.	-5
Este video musical alegre mantiene un ambiente sano; mantiene un tono divertido y seguro y muy buena opción para contenido seguro.	-5
El momento de un combate de artes marciales con protección y respeto es claramente actuado y mantiene una intención divertida.	-3
Me gustó este reto de colores; es ideal para pasar un buen rato y gran trabajo del creador.	-5
Buen video con un juego de roles con héroes imaginarios; todo se siente controlado, alegre y family friendly.	-4
Este video de baile infantil mantiene un ambiente sano; no contiene nada fuerte ni inapropiado y muy sano y agradable de ver.	-5
Buen contenido: video de arte y pintura; muy bonito y apto para todos y aporta algo positivo y sencillo.	-5
El tono del reto de colores es tranquilo, limpio y agradable; lo recomendaría para niños.	-5
Aunque aparece una competencia de robots de juguete, el mensaje es de amistad, respeto y diversión segura.	-4
El tono del rutina de ejercicio suave es sano, limpio y agradable; lo vería otra vez con mi familia.	-5
Este actividad de plastilina mantiene un ambiente sano; es ideal para pasar un buen rato y ideal para una tarde tranquila.	-5
Buen contenido: tutorial para ordenar juguetes; transmite una energía muy sana y lo recomendaría para niños.	-5
Este video de magia sencilla es ligero; no contiene nada fuerte ni inapropiado y perfecto para un ambiente familiar.	-5
La parte de un duelo de caballeros con accesorios de plástico es moderada y claramente de fantasía, con un ambiente positivo.	-3
El tono del tutorial para ordenar juguetes es educativo, limpio y agradable; excelente para un momento tranquilo.	-5
Este video de ciencia fácil mantiene un ambiente sano; mantiene un tono divertido y seguro y aporta algo positivo y sencillo.	-5
Este juego de mesa familiar mantiene un ambiente sano; es completamente amigable para niños y lo recomendaría para niños.	-5
El momento de una competencia de disfraces de superhéroes tiene conflicto muy leve, pero sigue siendo sano y familiar.	-4
Se nota que el video educativo para niños es seguro; mantiene un tono divertido y seguro y excelente para un momento tranquilo.	-5
Buen contenido: video musical alegre; me gustó porque es tranquilo y educativo y aporta algo positivo y sencillo.	-5
El historia con moraleja está muy bien logrado; promueve creatividad y buen ánimo y ideal para una tarde tranquila.	-5
Muy buen video educativo para niños; es divertido sin ser pesado, con un mensaje apto para toda la familia.	-5
Comentario positivo sobre el video de naturaleza: mantiene un tono divertido y seguro y perfecto para un ambiente familiar.	-5
Comentario positivo sobre el animación colorida: se siente alegre y positivo y perfecto para un ambiente familiar.	-5
El momento de una lucha olímpica explicada como deporte es activo, pero se enfoca en disciplina, respeto y seguridad.	-2
Este video de dibujos animados es entretenido; es claro, limpio y entretenido y excelente para un momento tranquilo.	-5
La parte de una caída cómica sobre colchoneta tiene movimiento físico, aunque todo sucede en un ambiente cuidado.	-2
Muy buen reto de colores; mantiene un tono divertido y seguro, con un mensaje apto para toda la familia.	-5
El juego de mesa familiar está muy bien logrado; mantiene un tono divertido y seguro y ideal para una tarde tranquila.	-5
El reto divertido sin peligro está muy bien logrado; es divertido sin ser pesado y aporta algo positivo y sencillo.	-5
El tono del video musical alegre es entretenido, limpio y agradable; buen contenido para todas las edades.	-5
Este video funciona muy bien para niños porque es divertido sin ser pesado; perfecto para un ambiente familiar.	-5
Se nota que el juego de adivinanzas es divertido; es ideal para pasar un buen rato y me encantó el estilo amigable.	-5
Se nota que el juego de mesa familiar es sano; no contiene nada fuerte ni inapropiado y muy sano y agradable de ver.	-5
Comentario positivo sobre el video de magia sencilla: no contiene nada fuerte ni inapropiado y lo vería otra vez con mi familia.	-5
Me gustó este juego de mesa familiar; se entiende fácil y es muy respetuoso y lo recomendaría para niños.	-5
Muy buen cuento corto animado; es ideal para pasar un buen rato, con un mensaje apto para toda la familia.	-5
Este rutina de ejercicio suave mantiene un ambiente sano; usa un lenguaje amable y positivo y aporta algo positivo y sencillo.	-5
Aunque aparece un desafío de risas entre primos, el mensaje es de amistad, respeto y diversión segura.	-4
La escena de una escena de persecución rápida sin daño visible puede parecer intensa, pero queda claro que es actuación, deporte o caricatura.	-1
Aunque aparece una batalla de rap limpia y divertida, el mensaje es de amistad, respeto y diversión segura.	-4
El tono del video musical alegre es limpio, limpio y agradable; excelente para un momento tranquilo.	-5
Se nota que el reto divertido sin peligro es familiar; muy bonito y apto para todos y lo vería otra vez con mi familia.	-5
Este tutorial de manualidades mantiene un ambiente sano; es completamente amigable para niños y se nota que está pensado con cuidado.	-5
Este comentario destaca que un duelo de espadas de espuma se siente como juego de niños, no como violencia real.	-3
El video convierte una batalla fantástica sin heridas ni sustos en aventura familiar, con respeto y sin consecuencias graves.	-3
Hay una clase de karate infantil con protección, pero se mantiene en un entorno sano, con reglas claras y sin violencia realista.	-2
Me gustó este rutina de ejercicio suave; usa un lenguaje amable y positivo y buen contenido para todas las edades.	-5
Buen contenido: video de lectura infantil; muy bonito y apto para todos y lo recomendaría para niños.	-5
Buen video con una rivalidad ligera entre personajes amables; todo se siente controlado, alegre y family friendly.	-4
Comentario positivo sobre el actividad de plastilina: está muy bien hecho y no tiene nada preocupante y me encantó el estilo amigable.	-5
Muy buen video de ciencia fácil; es divertido sin ser pesado, con un mensaje apto para toda la familia.	-5
Buen contenido: animación colorida; no contiene nada fuerte ni inapropiado y excelente para un momento tranquilo.	-5
Comentario positivo sobre el clip de mascotas tiernas: promueve creatividad y buen ánimo y muy buena opción para contenido seguro.	-5
Buen contenido: juego de mesa familiar; se siente alegre y positivo y perfecto para un ambiente familiar.	-5
Comentario positivo sobre el juego de adivinanzas: me pareció perfecto para ver en familia y lo recomendaría para niños.	-5
El tono del historia con moraleja es creativo, limpio y agradable; excelente para un momento tranquilo.	-5
Este video de origami es seguro; deja una sensación muy positiva y me encantó el estilo amigable.	-5
El video de dibujos animados está muy bien logrado; deja una sensación muy positiva y gran trabajo del creador.	-5
Me gustó este juego de adivinanzas; promueve creatividad y buen ánimo y aporta algo positivo y sencillo.	-5
El video usa una competencia de videojuegos infantiles como recurso cómico, sin contenido fuerte ni preocupante.	-4
Este video de naturaleza es educativo; promueve creatividad y buen ánimo y ideal para una tarde tranquila.	-5
Me gustó este video de origami; me pareció perfecto para ver en familia y muy buena opción para contenido seguro.	-5
Comentario positivo sobre el video musical alegre: es claro, limpio y entretenido y muy buena opción para contenido seguro.	-5
El video convierte una batalla de almohadas muy suave en aventura familiar, con respeto y sin consecuencias graves.	-3
La escena de una competencia de videojuegos infantiles es muy suave y apta para niños, más como juego que como pelea.	-4
El clip de mascotas tiernas está muy bien logrado; usa un lenguaje amable y positivo y muy buena opción para contenido seguro.	-5
Este video de cocina sencilla es bonito; muy bonito y apto para todos y perfecto para un ambiente familiar.	-5
La escena de un juego de roles con héroes imaginarios es muy suave y apta para niños, más como juego que como pelea.	-4
Se nota que el video de origami es tranquilo; me pareció perfecto para ver en familia y me encantó el estilo amigable.	-5
El video usa un juego de persecución en caricatura como recurso cómico, sin contenido fuerte ni preocupante.	-4
La parte de una clase de seguridad para evitar golpes puede ser intensa para algunos niños, pero no muestra daño explícito ni crueldad.	-2
Buen contenido: actividad de plastilina; promueve creatividad y buen ánimo y lo vería otra vez con mi familia.	-5
Comentario positivo sobre el video de lectura infantil: es divertido sin ser pesado y lo vería otra vez con mi familia.	-5
Se nota que el actividad escolar divertida es ligero; se siente alegre y positivo y muy sano y agradable de ver.	-5
Comentario positivo sobre el clip de mascotas tiernas: se siente alegre y positivo y excelente para un momento tranquilo.	-5
Se nota que el broma inocente es alegre; es ideal para pasar un buen rato y se nota que está pensado con cuidado.	-5
Me gustó este video de cocina sencilla; es ideal para pasar un buen rato y aporta algo positivo y sencillo.	-5
La escena de una escena de persecución rápida sin daño visible es la parte con más acción, pero no hay sangre, crueldad ni daño real.	-1
Este actividad de plastilina es positivo; es completamente amigable para niños y muy buena opción para contenido seguro.	-5
Me gustó este reto divertido sin peligro; es ideal para pasar un buen rato y lo vería otra vez con mi familia.	-5
Este video educativo para niños mantiene un ambiente sano; tiene un mensaje muy amable y muy sano y agradable de ver.	-5
El tono del clip de mascotas tiernas es inofensivo, limpio y agradable; excelente para un momento tranquilo.	-5
Muy buen video de ciencia fácil; tiene un mensaje muy amable, con un mensaje apto para toda la familia.	-5
El tono del experimento casero seguro es inofensivo, limpio y agradable; lo vería otra vez con mi familia.	-5
El tono del video educativo para niños es divertido, limpio y agradable; muy sano y agradable de ver.	-5
Buen contenido: tutorial para ordenar juguetes; usa un lenguaje amable y positivo y lo vería otra vez con mi familia.	-5
El momento de una pelea de robots animados sin violencia real tiene acción suave, sin heridas, sin miedo fuerte y con intención cómica.	-3
Se nota que el video musical alegre es sano; muy bonito y apto para todos y ideal para una tarde tranquila.	-5
La escena de un entrenamiento de defensa con explicación segura es la parte con más acción, pero no hay sangre, crueldad ni daño real.	-1
Este video funciona muy bien para niños porque está muy bien hecho y no tiene nada preocupante; muy sano y agradable de ver.	-5
Se nota que el experimento casero seguro es creativo; mantiene un tono divertido y seguro y aporta algo positivo y sencillo.	-5
El tono del reto de colores es seguro, limpio y agradable; muy buena opción para contenido seguro.	-5
La situación de un juego de roles con héroes imaginarios es amigable y deja claro que todo es juego.	-4
Este video funciona muy bien para niños porque es completamente amigable para niños; lo vería otra vez con mi familia.	-5
Este video funciona muy bien para niños porque muy bonito y apto para todos; me encantó el estilo amigable.	-5
Este historia con moraleja es respetuoso; transmite una energía muy sana y ideal para una tarde tranquila.	-5
Comentario positivo sobre el video de dibujos animados: no contiene nada fuerte ni inapropiado y lo recomendaría para niños.	-5
El tono del reto divertido sin peligro es bonito, limpio y agradable; gran trabajo del creador.	-5
El video usa una clase de seguridad para evitar golpes como ejemplo de actividad física sana y controlada.	-2
Buen contenido: animación colorida; transmite una energía muy sana y muy sano y agradable de ver.	-5
Este juego de mesa familiar es alegre; promueve creatividad y buen ánimo y lo vería otra vez con mi familia.	-5
El historia con moraleja está muy bien logrado; no contiene nada fuerte ni inapropiado y muy buena opción para contenido seguro.	-5
El video educativo para niños está muy bien logrado; usa un lenguaje amable y positivo y aporta algo positivo y sencillo.	-5
El video de cocina sencilla está muy bien logrado; me hizo sonreír de forma sana y lo recomendaría para niños.	-5
El historia con moraleja está muy bien logrado; me pareció perfecto para ver en familia y gran trabajo del creador.	-5
Me gustó este cuento corto animado; deja una sensación muy positiva y aporta algo positivo y sencillo.	-5
Muy buen animación colorida; está muy bien hecho y no tiene nada preocupante, con un mensaje apto para toda la familia.	-5
Este cuento corto animado es positivo; mantiene un tono divertido y seguro y se nota que está pensado con cuidado.	-5
Este juego de adivinanzas es inofensivo; me hizo sonreír de forma sana y perfecto para un ambiente familiar.	-5
El tono del video de magia sencilla es alegre, limpio y agradable; se nota que está pensado con cuidado.	-5
Este video de naturaleza es amigable; se siente alegre y positivo y lo recomendaría para niños.	-5
Buen video con un duelo de magia ficticia; todo se siente controlado, alegre y family friendly.	-4
El tono del video de lectura infantil es familiar, limpio y agradable; aporta algo positivo y sencillo.	-5
La escena de una carrera de obstáculos con tropiezos suaves tiene contacto leve, sin intención de hacer daño y con tono educativo.	-2
Muy buen video de magia sencilla; muy bonito y apto para todos, con un mensaje apto para toda la familia.	-5
Me gustó este video de lectura infantil; deja una sensación muy positiva y se nota que está pensado con cuidado.	-5
Comentario positivo sobre el video de cocina sencilla: no contiene nada fuerte ni inapropiado y buen contenido para todas las edades.	-5
Buen contenido: actividad escolar divertida; tiene un mensaje muy amable y gran trabajo del creador.	-5
Me gustó este actividad de plastilina; tiene un mensaje muy amable y se nota que está pensado con cuidado.	-5
Buen contenido: reto divertido sin peligro; no contiene nada fuerte ni inapropiado y aporta algo positivo y sencillo.	-5
El tono del clip de mascotas tiernas es claro, limpio y agradable; lo vería otra vez con mi familia.	-5
Este video de arte y pintura es sano; promueve creatividad y buen ánimo y aporta algo positivo y sencillo.	-5
Aunque aparece una escena de acción tipo caricatura educativa, todo se presenta como juego imaginario y apto para familia.	-3
Comentario positivo sobre el actividad escolar divertida: me hizo sonreír de forma sana y buen contenido para todas las edades.	-5
El momento de un enfrentamiento de juguetes animados tiene acción suave, sin heridas, sin miedo fuerte y con intención cómica.	-3
Muy buen video de ciencia fácil; es ideal para pasar un buen rato, con un mensaje apto para toda la familia.	-5
El tono del actividad de plastilina es alegre, limpio y agradable; aporta algo positivo y sencillo.	-5
Este reto de colores es claro; se siente alegre y positivo y lo vería otra vez con mi familia.	-5
El momento de una secuencia deportiva intensa pero respetuosa tiene energía alta, aunque se mantiene ficticio, deportivo y apto.	-1
Muy buen video de cocina sencilla; deja una sensación muy positiva, con un mensaje apto para toda la familia.	-5
Buen contenido: video de comedia familiar; tiene un mensaje muy amable y lo vería otra vez con mi familia.	-5
El tono del actividad escolar divertida es limpio, limpio y agradable; excelente para un momento tranquilo.	-5
El video usa un juego de roles con héroes imaginarios como recurso cómico, sin contenido fuerte ni preocupante.	-4
La parte de un concurso de bromas inocentes es ligera, cómica y no muestra daño real.	-4
Buen contenido: video musical alegre; se siente alegre y positivo y muy sano y agradable de ver.	-5
La escena de una discusión cómica que termina en amistad parece una broma inocente entre amigos y se mantiene muy cuidada.	-4
Comentario positivo sobre el reseña de juguetes: es ideal para pasar un buen rato y lo recomendaría para niños.	-5
Buen contenido: video de comedia familiar; es claro, limpio y entretenido y excelente para un momento tranquilo.	-5
Buen contenido: tutorial para ordenar juguetes; promueve creatividad y buen ánimo y excelente para un momento tranquilo.	-5
El tono del clip de mascotas tiernas es seguro, limpio y agradable; buen contenido para todas las edades.	-5
Buen contenido: actividad de plastilina; mantiene un tono divertido y seguro y gran trabajo del creador.	-5
Muy buen video de cocina sencilla; deja una sensación muy positiva, con un mensaje apto para toda la familia.	-5
Este tutorial de manualidades mantiene un ambiente sano; es claro, limpio y entretenido y aporta algo positivo y sencillo.	-5
Muy buen canción para aprender; me hizo sonreír de forma sana, con un mensaje apto para toda la familia.	-5
El tono del video musical alegre es ligero, limpio y agradable; buen contenido para todas las edades.	-5
Me gustó este video de ciencia fácil; se entiende fácil y es muy respetuoso y muy buena opción para contenido seguro.	-5
El juego de mesa familiar está muy bien logrado; usa un lenguaje amable y positivo y lo recomendaría para niños.	-5
Buen contenido: video de origami; tiene un mensaje muy amable y muy sano y agradable de ver.	-5
El momento de una persecución de caricatura sin daño real es claramente actuado y mantiene una intención divertida.	-3
El tono del video de animales felices es limpio, limpio y agradable; lo recomendaría para niños.	-5
El momento de un duelo de espadas de espuma es claramente actuado y mantiene una intención divertida.	-3
Este video tiene un partido amistoso con contacto deportivo, pero se entiende como deporte o actividad controlada.	-2
Se nota que el canción para aprender es agradable; es completamente amigable para niños y se nota que está pensado con cuidado.	-5
Buen contenido: reto de colores; me hizo sonreír de forma sana y ideal para una tarde tranquila.	-5
Este reto de colores es limpio; me hizo sonreír de forma sana y me encantó el estilo amigable.	-5
La escena de una escena de acción física explicada como juego está presentada con cuidado, como entrenamiento o juego supervisado.	-2
El momento de una batalla de rap limpia y divertida tiene conflicto muy leve, pero sigue siendo sano y familiar.	-4
Muy buen video de naturaleza; es divertido sin ser pesado, con un mensaje apto para toda la familia.	-5
Me gustó este video de dibujos animados; usa un lenguaje amable y positivo y se nota que está pensado con cuidado.	-5
Este canción para aprender mantiene un ambiente sano; me pareció perfecto para ver en familia y excelente para un momento tranquilo.	-5
Muy buen tutorial de manualidades; me pareció perfecto para ver en familia, con un mensaje apto para toda la familia.	-5
La parte de un juego de roles con héroes imaginarios es ligera, cómica y no muestra daño real.	-4
La escena de una competencia de videojuegos infantiles es muy suave y apta para niños, más como juego que como pelea.	-4
Buen video con una competencia de videojuegos infantiles; todo se siente controlado, alegre y family friendly.	-4
Me gustó la parte de una competencia de chistes entre amigos porque parece competencia sana, con reglas claras y buen humor.	-4
Se nota que el video de magia sencilla es alegre; es ideal para pasar un buen rato y excelente para un momento tranquilo.	-5
Muy buen broma inocente; me hizo sonreír de forma sana, con un mensaje apto para toda la familia.	-5
Comentario positivo sobre el video musical alegre: está muy bien hecho y no tiene nada preocupante y muy sano y agradable de ver.	-5
Me gustó este video de dibujos animados; me hizo sonreír de forma sana y perfecto para un ambiente familiar.	-5
Se nota que el tutorial de manualidades es respetuoso; mantiene un tono divertido y seguro y se nota que está pensado con cuidado.	-5
Este video de naturaleza mantiene un ambiente sano; mantiene un tono divertido y seguro y perfecto para un ambiente familiar.	-5
Buen contenido: video de magia sencilla; se siente alegre y positivo y aporta algo positivo y sencillo.	-5
Este video funciona muy bien para niños porque tiene un mensaje muy amable; muy sano y agradable de ver.	-5
Este video incluye una simulación de combate como actividad deportiva; puede sentirse más fuerte, aunque sigue en contexto deportivo o ficticio.	-1
El video muestra una batalla de rap limpia y divertida; se ve como juego familiar, sin agresividad real, y mantiene un tono divertido.	-4
Se nota que el tutorial para ordenar juguetes es sano; no contiene nada fuerte ni inapropiado y buen contenido para todas las edades.	-5
El tono del juego de adivinanzas es ligero, limpio y agradable; lo recomendaría para niños.	-5
Este tutorial de manualidades es seguro; es completamente amigable para niños y se nota que está pensado con cuidado.	-5
Este video musical alegre mantiene un ambiente sano; transmite una energía muy sana y excelente para un momento tranquilo.	-5
Se nota que el animación colorida es positivo; me hizo sonreír de forma sana y ideal para una tarde tranquila.	-5
Buen contenido: video de ciencia fácil; usa un lenguaje amable y positivo y perfecto para un ambiente familiar.	-5
Se nota que el reseña de juguetes es divertido; es divertido sin ser pesado y excelente para un momento tranquilo.	-5
Muy buen video musical alegre; es claro, limpio y entretenido, con un mensaje apto para toda la familia.	-5
Este video de ciencia fácil mantiene un ambiente sano; muy bonito y apto para todos y buen contenido para todas las edades.	-5
Este video funciona muy bien para niños porque deja una sensación muy positiva; buen contenido para todas las edades.	-5
El experimento casero seguro está muy bien logrado; transmite una energía muy sana y muy buena opción para contenido seguro.	-5
Este animación colorida es amigable; transmite una energía muy sana y se nota que está pensado con cuidado.	-5
Me gustó este reto divertido sin peligro; muy bonito y apto para todos y aporta algo positivo y sencillo.	-5
Se nota que el juego de mesa familiar es divertido; es divertido sin ser pesado y lo vería otra vez con mi familia.	-5
Comentario positivo sobre el juego de adivinanzas: se entiende fácil y es muy respetuoso y muy sano y agradable de ver.	-5
Este actividad escolar divertida es divertido; deja una sensación muy positiva y muy sano y agradable de ver.	-5
Este animación colorida es divertido; me pareció perfecto para ver en familia y perfecto para un ambiente familiar.	-5
Aunque aparece un enfrentamiento de juguetes animados, todo se presenta como juego imaginario y apto para familia.	-3
Aunque aparece una rivalidad ligera entre personajes amables, el mensaje es de amistad, respeto y diversión segura.	-4
Aunque aparece un duelo de piratas de juguete, todo se presenta como juego imaginario y apto para familia.	-3
Este video funciona muy bien para niños porque usa un lenguaje amable y positivo; lo recomendaría para niños.	-5
Este actividad de plastilina es ligero; transmite una energía muy sana y ideal para una tarde tranquila.	-5
Este video de arte y pintura mantiene un ambiente sano; no contiene nada fuerte ni inapropiado y buen contenido para todas las edades.	-5
El reto divertido sin peligro está muy bien logrado; es completamente amigable para niños y aporta algo positivo y sencillo.	-5
La situación de una discusión cómica que termina en amistad es amigable y deja claro que todo es juego.	-4
La escena de un juego de persecución en caricatura es muy suave y apta para niños, más como juego que como pelea.	-4
El video usa una competencia de chistes entre amigos como recurso cómico, sin contenido fuerte ni preocupante.	-4
Buen video con un duelo de magia ficticia; todo se siente controlado, alegre y family friendly.	-4
Este video tiene una demostración de defensa personal segura, pero se entiende como deporte o actividad controlada.	-2
Este video funciona muy bien para niños porque es ideal para pasar un buen rato; aporta algo positivo y sencillo.	-5
El video muestra una pelea ficticia de superhéroes de cartón; es ficticio y family friendly, sin daño real y con tono divertido.	-3
Se nota que el canción para aprender es creativo; me gustó porque es tranquilo y educativo y ideal para una tarde tranquila.	-5
Me gustó este video de comedia familiar; no contiene nada fuerte ni inapropiado y muy buena opción para contenido seguro.	-5
Comentario positivo sobre el video de magia sencilla: se siente alegre y positivo y aporta algo positivo y sencillo.	-5
Buen contenido: video de origami; promueve creatividad y buen ánimo y me encantó el estilo amigable.	-5
El tono del reto divertido sin peligro es sano, limpio y agradable; lo vería otra vez con mi familia.	-5
Me gustó este video de cocina sencilla; es claro, limpio y entretenido y se nota que está pensado con cuidado.	-5
Este cuento corto animado mantiene un ambiente sano; me pareció perfecto para ver en familia y perfecto para un ambiente familiar.	-5
El video de comedia familiar está muy bien logrado; es completamente amigable para niños y muy sano y agradable de ver.	-5
El video muestra un duelo de espadas de espuma; es ficticio y family friendly, sin daño real y con tono divertido.	-3
Este video tiene un juego de dodgeball con pelotas blandas, pero se entiende como deporte o actividad controlada.	-2
Este cuento corto animado mantiene un ambiente sano; está muy bien hecho y no tiene nada preocupante y me encantó el estilo amigable.	-5
Este historia con moraleja es seguro; no contiene nada fuerte ni inapropiado y aporta algo positivo y sencillo.	-5
El tono del animación colorida es educativo, limpio y agradable; perfecto para un ambiente familiar.	-5
Buen contenido: video educativo para niños; es ideal para pasar un buen rato y perfecto para un ambiente familiar.	-5
Comentario positivo sobre el reto de colores: deja una sensación muy positiva y me encantó el estilo amigable.	-5
Este historia con moraleja mantiene un ambiente sano; usa un lenguaje amable y positivo y muy sano y agradable de ver.	-5
Este video incluye una escena de persecución rápida sin daño visible; puede sentirse más fuerte, aunque sigue en contexto deportivo o ficticio.	-1
Este cuento corto animado es entretenido; promueve creatividad y buen ánimo y gran trabajo del creador.	-5
El momento de un juego de captura la bandera sin contacto tiene conflicto muy leve, pero sigue siendo sano y familiar.	-4
El video educativo para niños está muy bien logrado; transmite una energía muy sana y lo vería otra vez con mi familia.	-5
El momento de un juego de captura la bandera sin contacto tiene conflicto muy leve, pero sigue siendo sano y familiar.	-4
La parte de un reto de almohadas de juguete es ligera, cómica y no muestra daño real.	-4
Hay una clase de seguridad para evitar golpes, pero se mantiene en un entorno sano, con reglas claras y sin violencia realista.	-2
El momento de un enfrentamiento de juguetes animados es claramente actuado y mantiene una intención divertida.	-3
Comentario positivo sobre el video de ciencia fácil: mantiene un tono divertido y seguro y excelente para un momento tranquilo.	-5
Este video de arte y pintura mantiene un ambiente sano; muy bonito y apto para todos y se nota que está pensado con cuidado.	-5
Buen contenido: video de magia sencilla; tiene un mensaje muy amable y buen contenido para todas las edades.	-5
Se nota que el video de cocina sencilla es divertido; usa un lenguaje amable y positivo y aporta algo positivo y sencillo.	-5
Este juego de mesa familiar es amigable; mantiene un tono divertido y seguro y se nota que está pensado con cuidado.	-5
Este video tiene un entrenamiento de artes marciales sin agresividad, pero se entiende como deporte o actividad controlada.	-2
Buen contenido: video de origami; es divertido sin ser pesado y buen contenido para todas las edades.	-5
La escena de un juego de persecución en caricatura parece una broma inocente entre amigos y se mantiene muy cuidada.	-4
El tono del broma inocente es claro, limpio y agradable; lo recomendaría para niños.	-5
Buen video con un duelo de baile con reglas claras; todo se siente controlado, alegre y family friendly.	-4
Muy buen video educativo para niños; usa un lenguaje amable y positivo, con un mensaje apto para toda la familia.	-5
Este video funciona muy bien para niños porque es divertido sin ser pesado; me encantó el estilo amigable.	-5
El reseña de juguetes está muy bien logrado; mantiene un tono divertido y seguro y muy buena opción para contenido seguro.	-5
Este video de cocina sencilla es amigable; es completamente amigable para niños y gran trabajo del creador.	-5
Este video de arte y pintura es sano; me gustó porque es tranquilo y educativo y ideal para una tarde tranquila.	-5
Este reseña de juguetes es sano; es claro, limpio y entretenido y lo recomendaría para niños.	-5
Este video de cocina sencilla mantiene un ambiente sano; se siente alegre y positivo y lo recomendaría para niños.	-5
Se nota que el video de lectura infantil es positivo; no contiene nada fuerte ni inapropiado y ideal para una tarde tranquila.	-5
La parte de un video de acrobacias supervisadas tiene movimiento físico, aunque todo sucede en un ambiente cuidado.	-2
El momento de una pelea de robots animados sin violencia real es claramente actuado y mantiene una intención divertida.	-3
Este clip de mascotas tiernas es agradable; está muy bien hecho y no tiene nada preocupante y muy buena opción para contenido seguro.	-5
Muy buen historia con moraleja; es ideal para pasar un buen rato, con un mensaje apto para toda la familia.	-5
Comentario positivo sobre el actividad escolar divertida: tiene un mensaje muy amable y muy sano y agradable de ver.	-5
Este cuento corto animado mantiene un ambiente sano; tiene un mensaje muy amable y excelente para un momento tranquilo.	-5
El video muestra una discusión cómica que termina en amistad; se ve como juego familiar, sin agresividad real, y mantiene un tono divertido.	-4
Aunque aparece un duelo de magia ficticia, el mensaje es de amistad, respeto y diversión segura.	-4
Buen contenido: clip de mascotas tiernas; es ideal para pasar un buen rato y gran trabajo del creador.	-5
Buen contenido: video de naturaleza; se entiende fácil y es muy respetuoso y muy buena opción para contenido seguro.	-5
Me gustó este clip de mascotas tiernas; me pareció perfecto para ver en familia y se nota que está pensado con cuidado.	-5
El momento de un duelo de baile con reglas claras tiene conflicto muy leve, pero sigue siendo sano y familiar.	-4
La escena de una batalla de rap limpia y divertida es muy suave y apta para niños, más como juego que como pelea.	-4
Se nota que el juego de adivinanzas es positivo; no contiene nada fuerte ni inapropiado y perfecto para un ambiente familiar.	-5
Muy buen actividad de plastilina; es ideal para pasar un buen rato, con un mensaje apto para toda la familia.	-5
El tono del juego de mesa familiar es respetuoso, limpio y agradable; muy buena opción para contenido seguro.	-5
El momento de un duelo de caballeros con accesorios de plástico es claramente actuado y mantiene una intención divertida.	-3
Muy buen animación colorida; es completamente amigable para niños, con un mensaje apto para toda la familia.	-5
Buen contenido: reto divertido sin peligro; mantiene un tono divertido y seguro y aporta algo positivo y sencillo.	-5
Buen contenido: animación colorida; promueve creatividad y buen ánimo y aporta algo positivo y sencillo.	-5
Me gustó este video de baile infantil; mantiene un tono divertido y seguro y lo vería otra vez con mi familia.	-5
El broma inocente está muy bien logrado; es completamente amigable para niños y perfecto para un ambiente familiar.	-5
Se nota que el broma inocente es entretenido; no contiene nada fuerte ni inapropiado y lo vería otra vez con mi familia.	-5
Este reto divertido sin peligro mantiene un ambiente sano; tiene un mensaje muy amable y lo recomendaría para niños.	-5
Este juego de mesa familiar es familiar; tiene un mensaje muy amable y me encantó el estilo amigable.	-5
Este video de naturaleza mantiene un ambiente sano; promueve creatividad y buen ánimo y aporta algo positivo y sencillo.	-5
Se nota que el reto divertido sin peligro es seguro; es ideal para pasar un buen rato y aporta algo positivo y sencillo.	-5
Este video de baile infantil mantiene un ambiente sano; tiene un mensaje muy amable y se nota que está pensado con cuidado.	-5
Muy buen cuento corto animado; muy bonito y apto para todos, con un mensaje apto para toda la familia.	-5
El tono del video educativo para niños es agradable, limpio y agradable; excelente para un momento tranquilo.	-5
La parte de una escena de villano caricaturesco sin sustos fuertes es moderada y claramente de fantasía, con un ambiente positivo.	-3
La parte de una simulación de combate como actividad deportiva es más movida, pero no muestra consecuencias reales ni detalles sensibles.	-1
La parte de una competencia de disfraces de superhéroes es ligera, cómica y no muestra daño real.	-4
Muy buen tutorial para ordenar juguetes; es claro, limpio y entretenido, con un mensaje apto para toda la familia.	-5
La escena de un reto de coordinación con movimiento rápido tiene contacto leve, sin intención de hacer daño y con tono educativo.	-2
Este video funciona muy bien para niños porque es completamente amigable para niños; muy sano y agradable de ver.	-5
Este reto divertido sin peligro mantiene un ambiente sano; me gustó porque es tranquilo y educativo y buen contenido para todas las edades.	-5
Este video educativo para niños mantiene un ambiente sano; es ideal para pasar un buen rato y ideal para una tarde tranquila.	-5
Se nota que el video de lectura infantil es positivo; muy bonito y apto para todos y excelente para un momento tranquilo.	-5
Este video funciona muy bien para niños porque promueve creatividad y buen ánimo; muy buena opción para contenido seguro.	-5
Buen contenido: actividad de plastilina; usa un lenguaje amable y positivo y buen contenido para todas las edades.	-5
La escena de un juego de roles con héroes imaginarios parece una broma inocente entre amigos y se mantiene muy cuidada.	-4
Este reseña de juguetes mantiene un ambiente sano; mantiene un tono divertido y seguro y ideal para una tarde tranquila.	-5
El video educativo para niños está muy bien logrado; se siente alegre y positivo y muy sano y agradable de ver.	-5
El video de lectura infantil está muy bien logrado; me gustó porque es tranquilo y educativo y me encantó el estilo amigable.	-5
El momento de una pelea ficticia de superhéroes de cartón tiene acción suave, sin heridas, sin miedo fuerte y con intención cómica.	-3
Buen contenido: video de origami; es ideal para pasar un buen rato y lo vería otra vez con mi familia.	-5
Buen contenido: video de arte y pintura; se entiende fácil y es muy respetuoso y ideal para una tarde tranquila.	-5
Este video funciona muy bien para niños porque no contiene nada fuerte ni inapropiado; perfecto para un ambiente familiar.	-5
El tono del juego de adivinanzas es divertido, limpio y agradable; aporta algo positivo y sencillo.	-5
La escena de un juego de captura la bandera sin contacto es muy suave y apta para niños, más como juego que como pelea.	-4
El video muestra una discusión cómica que termina en amistad; se ve como juego familiar, sin agresividad real, y mantiene un tono divertido.	-4
La escena de una simulación de rescate en juego infantil tiene contacto leve, sin intención de hacer daño y con tono educativo.	-2
El juego de adivinanzas está muy bien logrado; promueve creatividad y buen ánimo y se nota que está pensado con cuidado.	-5
Me gustó este video de origami; usa un lenguaje amable y positivo y lo vería otra vez con mi familia.	-5
Se nota que el video de ciencia fácil es inofensivo; me pareció perfecto para ver en familia y perfecto para un ambiente familiar.	-5
Este historia con moraleja mantiene un ambiente sano; transmite una energía muy sana y perfecto para un ambiente familiar.	-5
Este video de cocina sencilla es creativo; promueve creatividad y buen ánimo y gran trabajo del creador.	-5
El video convierte una pelea de robots animados sin violencia real en aventura familiar, con respeto y sin consecuencias graves.	-3
Se nota que el actividad de plastilina es inofensivo; está muy bien hecho y no tiene nada preocupante y buen contenido para todas las edades.	-5
Se nota que el video de origami es bonito; me gustó porque es tranquilo y educativo y lo recomendaría para niños.	-5
Comentario positivo sobre el video de origami: es ideal para pasar un buen rato y muy sano y agradable de ver.	-5
La escena de una rivalidad ligera entre personajes amables parece una broma inocente entre amigos y se mantiene muy cuidada.	-4
Comentario positivo sobre el video de baile infantil: transmite una energía muy sana y perfecto para un ambiente familiar.	-5
La parte de un choque cómico entre personajes de caricatura es moderada y claramente de fantasía, con un ambiente positivo.	-3
Este tutorial de manualidades es positivo; me gustó porque es tranquilo y educativo y ideal para una tarde tranquila.	-5
La parte de una batalla de almohadas muy suave es moderada y claramente de fantasía, con un ambiente positivo.	-3
Comentario positivo sobre el actividad escolar divertida: promueve creatividad y buen ánimo y excelente para un momento tranquilo.	-5
El video musical alegre está muy bien logrado; es completamente amigable para niños y aporta algo positivo y sencillo.	-5
La escena de una competencia de videojuegos infantiles parece una broma inocente entre amigos y se mantiene muy cuidada.	-4
Me gustó este reto de colores; es ideal para pasar un buen rato y gran trabajo del creador.	-5
Buen contenido: juego de adivinanzas; tiene un mensaje muy amable y se nota que está pensado con cuidado.	-5
Aunque aparece una pelea de robots animados sin violencia real, todo se presenta como juego imaginario y apto para familia.	-3
Me gustó este canción para aprender; deja una sensación muy positiva y muy sano y agradable de ver.	-5
El tono del animación colorida es claro, limpio y agradable; buen contenido para todas las edades.	-5
Me gustó este canción para aprender; es divertido sin ser pesado y me encantó el estilo amigable.	-5
Me gustó este video de ciencia fácil; muy bonito y apto para todos y muy sano y agradable de ver.	-5
La escena de un enfrentamiento de juguetes animados se presenta de forma caricaturesca, segura y fácil de entender para niños.	-3
La escena de una batalla de globos de agua en familia parece una broma inocente entre amigos y se mantiene muy cuidada.	-4
El tono del video educativo para niños es agradable, limpio y agradable; excelente para un momento tranquilo.	-5
Este video de dibujos animados es agradable; es divertido sin ser pesado y buen contenido para todas las edades.	-5
Muy buen video de naturaleza; es claro, limpio y entretenido, con un mensaje apto para toda la familia.	-5
El momento de un duelo de piratas de juguete es claramente actuado y mantiene una intención divertida.	-3
Se nota que el video de dibujos animados es tranquilo; promueve creatividad y buen ánimo y ideal para una tarde tranquila.	-5
El momento de un video de acrobacias supervisadas es activo, pero se enfoca en disciplina, respeto y seguridad.	-2
Comentario positivo sobre el video musical alegre: es claro, limpio y entretenido y ideal para una tarde tranquila.	-5
Me gustó este video de baile infantil; me gustó porque es tranquilo y educativo y aporta algo positivo y sencillo.	-5
El momento de un concurso de bromas inocentes tiene conflicto muy leve, pero sigue siendo sano y familiar.	-4
El video convierte un duelo de piratas de juguete en aventura familiar, con respeto y sin consecuencias graves.	-3
El tono del video de comedia familiar es agradable, limpio y agradable; lo vería otra vez con mi familia.	-5
Este video de lectura infantil mantiene un ambiente sano; promueve creatividad y buen ánimo y perfecto para un ambiente familiar.	-5
Comentario positivo sobre el juego de adivinanzas: muy bonito y apto para todos y lo vería otra vez con mi familia.	-5
El reto de colores está muy bien logrado; se siente alegre y positivo y aporta algo positivo y sencillo.	-5
El actividad escolar divertida está muy bien logrado; es claro, limpio y entretenido y buen contenido para todas las edades.	-5
El actividad de plastilina está muy bien logrado; es ideal para pasar un buen rato y se nota que está pensado con cuidado.	-5
El momento de un duelo de piratas de juguete es claramente actuado y mantiene una intención divertida.	-3
El video muestra un concurso de bromas inocentes; se ve como juego familiar, sin agresividad real, y mantiene un tono divertido.	-4
Buen contenido: juego de adivinanzas; muy bonito y apto para todos y muy sano y agradable de ver.	-5
Buen contenido: juego de adivinanzas; tiene un mensaje muy amable y gran trabajo del creador.	-5
El video usa una batalla de globos de agua en familia como recurso cómico, sin contenido fuerte ni preocupante.	-4
Me gustó este cuento corto animado; me gustó porque es tranquilo y educativo y se nota que está pensado con cuidado.	-5
Buen contenido: video de baile infantil; no contiene nada fuerte ni inapropiado y aporta algo positivo y sencillo.	-5
Este video funciona muy bien para niños porque deja una sensación muy positiva; se nota que está pensado con cuidado.	-5
Muy buen actividad escolar divertida; es divertido sin ser pesado, con un mensaje apto para toda la familia.	-5
El rutina de ejercicio suave está muy bien logrado; deja una sensación muy positiva y ideal para una tarde tranquila.	-5
Este reseña de juguetes mantiene un ambiente sano; deja una sensación muy positiva y lo recomendaría para niños.	-5
Este juego de mesa familiar es creativo; me gustó porque es tranquilo y educativo y me encantó el estilo amigable.	-5
Se nota que el video de cocina sencilla es creativo; es completamente amigable para niños y me encantó el estilo amigable.	-5
Hay un entrenamiento de artes marciales sin agresividad, pero se mantiene en un entorno sano, con reglas claras y sin violencia realista.	-2
Comentario positivo sobre el broma inocente: se siente alegre y positivo y excelente para un momento tranquilo.	-5
El momento de un video de acrobacias supervisadas es activo, pero se enfoca en disciplina, respeto y seguridad.	-2
Comentario positivo sobre el juego de adivinanzas: se siente alegre y positivo y perfecto para un ambiente familiar.	-5
El video muestra una escena de robots chocando en animación infantil; tiene acción más intensa, pero sigue siendo simulada, segura y sin daño explícito.	-1
Muy buen rutina de ejercicio suave; me gustó porque es tranquilo y educativo, con un mensaje apto para toda la familia.	-5
Aunque aparece un duelo de piratas de juguete, todo se presenta como juego imaginario y apto para familia.	-3
Muy buen animación colorida; deja una sensación muy positiva, con un mensaje apto para toda la familia.	-5
La escena de un reto de defensa personal explicado como deporte puede incluir acción, pero evita cualquier contenido gráfico o cruel.	-3
Comentario positivo sobre el video musical alegre: es divertido sin ser pesado y muy sano y agradable de ver.	-5
Este video funciona muy bien para niños porque es completamente amigable para niños; ideal para una tarde tranquila.	-5
La parte de una batalla de rap limpia y divertida es ligera, cómica y no muestra daño real.	-4
Me gustó este video de arte y pintura; no contiene nada fuerte ni inapropiado y perfecto para un ambiente familiar.	-5
El tono del experimento casero seguro es tranquilo, limpio y agradable; gran trabajo del creador.	-5
El tono del broma inocente es ligero, limpio y agradable; buen contenido para todas las edades.	-5
La escena de una competencia física fuerte pero supervisada es la parte con más acción, pero no hay sangre, crueldad ni daño real.	-1
El momento de un duelo de caballeros con accesorios de plástico tiene acción suave, sin heridas, sin miedo fuerte y con intención cómica.	-3
Este video de animales felices mantiene un ambiente sano; deja una sensación muy positiva y perfecto para un ambiente familiar.	-5
La escena de un duelo de piratas de juguete puede incluir acción, pero evita cualquier contenido gráfico o cruel.	-3
Este video incluye un duelo de película infantil sin sangre ni daño real; puede sentirse más fuerte, aunque sigue en contexto deportivo o ficticio.	-1
Este video de arte y pintura es familiar; me hizo sonreír de forma sana y aporta algo positivo y sencillo.	-5
La situación de un desafío de risas entre primos es amigable y deja claro que todo es juego.	-4
Este video de animales felices es claro; me hizo sonreír de forma sana y gran trabajo del creador.	-5
El video educativo para niños está muy bien logrado; es ideal para pasar un buen rato y ideal para una tarde tranquila.	-5
Me gustó este video de lectura infantil; es completamente amigable para niños y gran trabajo del creador.	-5
Muy buen video de origami; es completamente amigable para niños, con un mensaje apto para toda la familia.	-5
Este video funciona muy bien para niños porque muy bonito y apto para todos; gran trabajo del creador.	-5
El momento de una simulación de combate como actividad deportiva tiene energía alta, aunque se mantiene ficticio, deportivo y apto.	-1
Muy buen video de naturaleza; tiene un mensaje muy amable, con un mensaje apto para toda la familia.	-5
Me gustó este video de comedia familiar; está muy bien hecho y no tiene nada preocupante y aporta algo positivo y sencillo.	-5
Comentario positivo sobre el clip de mascotas tiernas: me pareció perfecto para ver en familia y aporta algo positivo y sencillo.	-5
Este video funciona muy bien para niños porque es claro, limpio y entretenido; perfecto para un ambiente familiar.	-5
Este video de naturaleza mantiene un ambiente sano; mantiene un tono divertido y seguro y excelente para un momento tranquilo.	-5
Este video tiene una clase de karate infantil con protección, pero se entiende como deporte o actividad controlada.	-2
Se nota que el actividad escolar divertida es entretenido; transmite una energía muy sana y se nota que está pensado con cuidado.	-5
Muy buen video de animales felices; se siente alegre y positivo, con un mensaje apto para toda la familia.	-5
Muy buen video de arte y pintura; no contiene nada fuerte ni inapropiado, con un mensaje apto para toda la familia.	-5
Muy buen broma inocente; me gustó porque es tranquilo y educativo, con un mensaje apto para toda la familia.	-5
Comentario positivo sobre el clip de mascotas tiernas: es ideal para pasar un buen rato y lo recomendaría para niños.	-5
Este video funciona muy bien para niños porque mantiene un tono divertido y seguro; muy sano y agradable de ver.	-5
La parte de una batalla de globos de agua en familia es ligera, cómica y no muestra daño real.	-4
Buen video con un reto de obstáculos blandos; todo se siente controlado, alegre y family friendly.	-4
Muy buen canción para aprender; transmite una energía muy sana, con un mensaje apto para toda la familia.	-5
La parte de un entrenamiento de defensa con explicación segura es más movida, pero no muestra consecuencias reales ni detalles sensibles.	-1
Muy buen video de ciencia fácil; se siente alegre y positivo, con un mensaje apto para toda la familia.	-5
Este video funciona muy bien para niños porque mantiene un tono divertido y seguro; se nota que está pensado con cuidado.	-5
La parte de una competencia física fuerte pero supervisada es más movida, pero no muestra consecuencias reales ni detalles sensibles.	-1
Se nota que el video de lectura infantil es limpio; promueve creatividad y buen ánimo y ideal para una tarde tranquila.	-5
Este video de dibujos animados mantiene un ambiente sano; es claro, limpio y entretenido y me encantó el estilo amigable.	-5
El tono del video de origami es inofensivo, limpio y agradable; excelente para un momento tranquilo.	-5
La escena de una batalla de globos de agua en familia es muy suave y apta para niños, más como juego que como pelea.	-4
La escena de una competencia de disfraces de superhéroes es muy suave y apta para niños, más como juego que como pelea.	-4
Aunque aparece una batalla de almohadas muy suave, todo se presenta como juego imaginario y apto para familia.	-3
Comentario positivo sobre el historia con moraleja: promueve creatividad y buen ánimo y me encantó el estilo amigable.	-5
La parte de una batalla de rap limpia y divertida es ligera, cómica y no muestra daño real.	-4
Este video funciona muy bien para niños porque me pareció perfecto para ver en familia; lo vería otra vez con mi familia.	-5
Buen contenido: historia con moraleja; me gustó porque es tranquilo y educativo y muy buena opción para contenido seguro.	-5
El momento de un concurso de bromas inocentes tiene conflicto muy leve, pero sigue siendo sano y familiar.	-4
Comentario positivo sobre el video de arte y pintura: se siente alegre y positivo y me encantó el estilo amigable.	-5
Se nota que el reto divertido sin peligro es positivo; usa un lenguaje amable y positivo y ideal para una tarde tranquila.	-5
El video muestra un combate de artes marciales con protección y respeto; es ficticio y family friendly, sin daño real y con tono divertido.	-3
Comentario positivo sobre el broma inocente: tiene un mensaje muy amable y perfecto para un ambiente familiar.	-5
El tono del clip de mascotas tiernas es sano, limpio y agradable; perfecto para un ambiente familiar.	-5
Este tutorial para ordenar juguetes mantiene un ambiente sano; se entiende fácil y es muy respetuoso y me encantó el estilo amigable.	-5
La escena de un desafío de risas entre primos parece una broma inocente entre amigos y se mantiene muy cuidada.	-4
Me gustó este video de cocina sencilla; se entiende fácil y es muy respetuoso y excelente para un momento tranquilo.	-5
El video convierte un duelo de piratas de juguete en aventura familiar, con respeto y sin consecuencias graves.	-3
Aunque aparece una aventura de héroes con golpes simulados, todo se presenta como juego imaginario y apto para familia.	-3
La escena de un partido amistoso con contacto deportivo está presentada con cuidado, como entrenamiento o juego supervisado.	-2
El historia con moraleja está muy bien logrado; transmite una energía muy sana y buen contenido para todas las edades.	-5
Me gustó este animación colorida; muy bonito y apto para todos y buen contenido para todas las edades.	-5
Me gustó este video de animales felices; no contiene nada fuerte ni inapropiado y muy buena opción para contenido seguro.	-5
El momento de un juego de policías y ladrones sin agresividad tiene acción suave, sin heridas, sin miedo fuerte y con intención cómica.	-3
Este juego de adivinanzas mantiene un ambiente sano; es completamente amigable para niños y perfecto para un ambiente familiar.	-5
La parte de un duelo de baile con reglas claras es ligera, cómica y no muestra daño real.	-4
El video usa un concurso de bromas inocentes como recurso cómico, sin contenido fuerte ni preocupante.	-4
El tono del video de dibujos animados es limpio, limpio y agradable; aporta algo positivo y sencillo.	-5
Me gustó este video de arte y pintura; es completamente amigable para niños y aporta algo positivo y sencillo.	-5
El tono del cuento corto animado es ligero, limpio y agradable; perfecto para un ambiente familiar.	-5
Este video educativo para niños es agradable; está muy bien hecho y no tiene nada preocupante y me encantó el estilo amigable.	-5
El animación colorida está muy bien logrado; es divertido sin ser pesado y lo recomendaría para niños.	-5
Buen contenido: juego de mesa familiar; deja una sensación muy positiva y muy buena opción para contenido seguro.	-5
Este tutorial para ordenar juguetes es alegre; es completamente amigable para niños y muy buena opción para contenido seguro.	-5
El video muestra un reto de almohadas de juguete; se ve como juego familiar, sin agresividad real, y mantiene un tono divertido.	-4
El actividad escolar divertida está muy bien logrado; usa un lenguaje amable y positivo y aporta algo positivo y sencillo.	-5
El tono del video musical alegre es ligero, limpio y agradable; perfecto para un ambiente familiar.	-5
Buen contenido: canción para aprender; tiene un mensaje muy amable y lo vería otra vez con mi familia.	-5
Este actividad escolar divertida es creativo; promueve creatividad y buen ánimo y perfecto para un ambiente familiar.	-5
Aunque aparece una batalla de bolas de nieve en tono cómico, todo se presenta como juego imaginario y apto para familia.	-3
El rutina de ejercicio suave está muy bien logrado; es ideal para pasar un buen rato y excelente para un momento tranquilo.	-5
Comentario positivo sobre el video de naturaleza: está muy bien hecho y no tiene nada preocupante y se nota que está pensado con cuidado.	-5
Comentario positivo sobre el clip de mascotas tiernas: me pareció perfecto para ver en familia y gran trabajo del creador.	-5
Aunque aparece un concurso de bromas inocentes, el mensaje es de amistad, respeto y diversión segura.	-4
El tono del video de baile infantil es bonito, limpio y agradable; gran trabajo del creador.	-5
Comentario positivo sobre el animación colorida: usa un lenguaje amable y positivo y se nota que está pensado con cuidado.	-5
La parte de un entrenamiento de defensa con explicación segura requiere más criterio, pero sigue siendo family friendly y no gráfica.	-1
Este video de arte y pintura mantiene un ambiente sano; tiene un mensaje muy amable y aporta algo positivo y sencillo.	-5
Muy buen actividad de plastilina; deja una sensación muy positiva, con un mensaje apto para toda la familia.	-5
Este video funciona muy bien para niños porque se entiende fácil y es muy respetuoso; excelente para un momento tranquilo.	-5
El video usa un juego de roles con héroes imaginarios como recurso cómico, sin contenido fuerte ni preocupante.	-4
El tono del juego de adivinanzas es creativo, limpio y agradable; ideal para una tarde tranquila.	-5
Buen contenido: reto de colores; es claro, limpio y entretenido y excelente para un momento tranquilo.	-5
Se nota que el tutorial de manualidades es ligero; es claro, limpio y entretenido y muy buena opción para contenido seguro.	-5
Buen contenido: video de animales felices; tiene un mensaje muy amable y buen contenido para todas las edades.	-5
Hay una batalla fantástica sin heridas ni sustos, pero está tratado de manera amable, ficticia y sin detalles dañinos.	-3
El momento de una batalla fantástica sin heridas ni sustos tiene acción suave, sin heridas, sin miedo fuerte y con intención cómica.	-3
El juego de mesa familiar está muy bien logrado; es completamente amigable para niños y excelente para un momento tranquilo.	-5
Este actividad escolar divertida mantiene un ambiente sano; es claro, limpio y entretenido y buen contenido para todas las edades.	-5
Buen contenido: historia con moraleja; muy bonito y apto para todos y lo recomendaría para niños.	-5
Este video funciona muy bien para niños porque transmite una energía muy sana; lo vería otra vez con mi familia.	-5
Buen contenido: juego de adivinanzas; se siente alegre y positivo y buen contenido para todas las edades.	-5
Se nota que el video de arte y pintura es entretenido; promueve creatividad y buen ánimo y ideal para una tarde tranquila.	-5
Comentario positivo sobre el juego de adivinanzas: deja una sensación muy positiva y gran trabajo del creador.	-5
Buen contenido: actividad escolar divertida; es divertido sin ser pesado y lo vería otra vez con mi familia.	-5
El video incluye un reto de acción con caídas sobre colchonetas, con contacto controlado y sin contenido realmente peligroso.	-1
Este video educativo para niños mantiene un ambiente sano; me gustó porque es tranquilo y educativo y lo vería otra vez con mi familia.	-5
El momento de una competencia de robots de juguete tiene conflicto muy leve, pero sigue siendo sano y familiar.	-4
Este video funciona muy bien para niños porque usa un lenguaje amable y positivo; buen contenido para todas las edades.	-5
Este video funciona muy bien para niños porque es completamente amigable para niños; gran trabajo del creador.	-5
Este video funciona muy bien para niños porque se entiende fácil y es muy respetuoso; ideal para una tarde tranquila.	-5
Comentario positivo sobre el video de cocina sencilla: usa un lenguaje amable y positivo y ideal para una tarde tranquila.	-5
Se nota que el video de comedia familiar es familiar; es completamente amigable para niños y lo vería otra vez con mi familia.	-5
El video muestra una batalla de globos de agua en familia; se ve como juego familiar, sin agresividad real, y mantiene un tono divertido.	-4
Este video funciona muy bien para niños porque es divertido sin ser pesado; perfecto para un ambiente familiar.	-5
Se nota que el video educativo para niños es creativo; es divertido sin ser pesado y se nota que está pensado con cuidado.	-5
Comentario positivo sobre el experimento casero seguro: es claro, limpio y entretenido y aporta algo positivo y sencillo.	-5
Este actividad escolar divertida es tranquilo; es claro, limpio y entretenido y lo vería otra vez con mi familia.	-5
Este clip de mascotas tiernas es educativo; mantiene un tono divertido y seguro y buen contenido para todas las edades.	-5
Este video de comedia familiar es agradable; es completamente amigable para niños y perfecto para un ambiente familiar.	-5
El momento de un choque cómico entre personajes de caricatura tiene acción suave, sin heridas, sin miedo fuerte y con intención cómica.	-3
El tono del video de origami es entretenido, limpio y agradable; lo vería otra vez con mi familia.	-5
Muy buen actividad de plastilina; me hizo sonreír de forma sana, con un mensaje apto para toda la familia.	-5
El tono del video de dibujos animados es familiar, limpio y agradable; se nota que está pensado con cuidado.	-5
Se nota que el juego de mesa familiar es limpio; me hizo sonreír de forma sana y me encantó el estilo amigable.	-5
Me gustó este video de magia sencilla; se siente alegre y positivo y aporta algo positivo y sencillo.	-5
Buen contenido: video de naturaleza; está muy bien hecho y no tiene nada preocupante y muy buena opción para contenido seguro.	-5
El video de naturaleza está muy bien logrado; muy bonito y apto para todos y muy sano y agradable de ver.	-5
Buen contenido: video de arte y pintura; transmite una energía muy sana y perfecto para un ambiente familiar.	-5
La parte de un enfrentamiento de juguetes animados es moderada y claramente de fantasía, con un ambiente positivo.	-3
El video muestra un duelo de baile con reglas claras; se ve como juego familiar, sin agresividad real, y mantiene un tono divertido.	-4
Me gustó la parte de una rivalidad ligera entre personajes amables porque parece competencia sana, con reglas claras y buen humor.	-4
Buen contenido: video de origami; mantiene un tono divertido y seguro y se nota que está pensado con cuidado.	-5
Buen contenido: video de ciencia fácil; es claro, limpio y entretenido y perfecto para un ambiente familiar.	-5
Este video de dibujos animados mantiene un ambiente sano; mantiene un tono divertido y seguro y gran trabajo del creador.	-5
Este video musical alegre es inofensivo; tiene un mensaje muy amable y lo vería otra vez con mi familia.	-5
Este video funciona muy bien para niños porque es completamente amigable para niños; gran trabajo del creador.	-5
Este clip de mascotas tiernas es sano; transmite una energía muy sana y aporta algo positivo y sencillo.	-5
Hay un video de acrobacias supervisadas, pero se mantiene en un entorno sano, con reglas claras y sin violencia realista.	-2
El momento de un duelo de espadas de espuma es claramente actuado y mantiene una intención divertida.	-3
Se nota que el broma inocente es amigable; me hizo sonreír de forma sana y perfecto para un ambiente familiar.	-5
Aunque aparece una batalla fantástica sin heridas ni sustos, todo se presenta como juego imaginario y apto para familia.	-3
Me gustó este historia con moraleja; muy bonito y apto para todos y ideal para una tarde tranquila.	-5
El video convierte una persecución de caricatura sin daño real en aventura familiar, con respeto y sin consecuencias graves.	-3
Me gustó este actividad escolar divertida; deja una sensación muy positiva y muy buena opción para contenido seguro.	-5
La parte de una persecución de caricatura sin daño real es moderada y claramente de fantasía, con un ambiente positivo.	-3
Muy buen video de comedia familiar; me gustó porque es tranquilo y educativo, con un mensaje apto para toda la familia.	-5
Este canción para aprender es positivo; es divertido sin ser pesado y muy sano y agradable de ver.	-5
El momento de una práctica deportiva con contacto controlado es activo, pero se enfoca en disciplina, respeto y seguridad.	-2
La parte de un reto de coordinación con movimiento rápido tiene movimiento físico, aunque todo sucede en un ambiente cuidado.	-2
Este video de dibujos animados es entretenido; se entiende fácil y es muy respetuoso y aporta algo positivo y sencillo.	-5
La escena de una discusión cómica que termina en amistad parece una broma inocente entre amigos y se mantiene muy cuidada.	-4
Este video funciona muy bien para niños porque promueve creatividad y buen ánimo; gran trabajo del creador.	-5
Este video de magia sencilla es tranquilo; me pareció perfecto para ver en familia y gran trabajo del creador.	-5
Muy buen experimento casero seguro; es divertido sin ser pesado, con un mensaje apto para toda la familia.	-5
Este video de ciencia fácil mantiene un ambiente sano; es divertido sin ser pesado y lo vería otra vez con mi familia.	-5
El video muestra una discusión cómica que termina en amistad; se ve como juego familiar, sin agresividad real, y mantiene un tono divertido.	-4
El juego de adivinanzas está muy bien logrado; promueve creatividad y buen ánimo y aporta algo positivo y sencillo.	-5
Buen contenido: video de dibujos animados; mantiene un tono divertido y seguro y buen contenido para todas las edades.	-5
El video usa una competencia de disfraces de superhéroes como recurso cómico, sin contenido fuerte ni preocupante.	-4
Muy buen reto de colores; es claro, limpio y entretenido, con un mensaje apto para toda la familia.	-5
La escena de un desafío de risas entre primos parece una broma inocente entre amigos y se mantiene muy cuidada.	-4
Este tutorial para ordenar juguetes mantiene un ambiente sano; está muy bien hecho y no tiene nada preocupante y gran trabajo del creador.	-5
Me gustó este video de cocina sencilla; usa un lenguaje amable y positivo y me encantó el estilo amigable.	-5
Este experimento casero seguro mantiene un ambiente sano; está muy bien hecho y no tiene nada preocupante y lo recomendaría para niños.	-5
La escena de una batalla de rap limpia y divertida parece una broma inocente entre amigos y se mantiene muy cuidada.	-4
El video muestra un juego de persecución en caricatura; se ve como juego familiar, sin agresividad real, y mantiene un tono divertido.	-4
Me gustó este video musical alegre; se entiende fácil y es muy respetuoso y muy buena opción para contenido seguro.	-5
Hay una batalla fantástica sin heridas ni sustos, pero está tratado de manera amable, ficticia y sin detalles dañinos.	-3
Este broma inocente es familiar; se siente alegre y positivo y ideal para una tarde tranquila.	-5
La parte de un duelo de magia ficticia es ligera, cómica y no muestra daño real.	-4
Muy buen video de comedia familiar; promueve creatividad y buen ánimo, con un mensaje apto para toda la familia.	-5
Este video de origami mantiene un ambiente sano; usa un lenguaje amable y positivo y ideal para una tarde tranquila.	-5
Me gustó la parte de un concurso de equilibrio con espuma porque parece competencia sana, con reglas claras y buen humor.	-4
El tono del video musical alegre es positivo, limpio y agradable; muy buena opción para contenido seguro.	-5
Este video funciona muy bien para niños porque es ideal para pasar un buen rato; excelente para un momento tranquilo.	-5
Comentario positivo sobre el video de baile infantil: tiene un mensaje muy amable y aporta algo positivo y sencillo.	-5
Me gustó este video de ciencia fácil; mantiene un tono divertido y seguro y me encantó el estilo amigable.	-5
La escena de un concurso de equilibrio con espuma parece una broma inocente entre amigos y se mantiene muy cuidada.	-4
Muy buen video musical alegre; se entiende fácil y es muy respetuoso, con un mensaje apto para toda la familia.	-5
Este video tiene un partido amistoso con contacto deportivo, pero se entiende como deporte o actividad controlada.	-2
Este video de cocina sencilla es ligero; se siente alegre y positivo y perfecto para un ambiente familiar.	-5
Este comentario destaca que una escena de acción tipo caricatura educativa se siente como juego de niños, no como violencia real.	-3
Buen video con una rivalidad ligera entre personajes amables; todo se siente controlado, alegre y family friendly.	-4
El video de dibujos animados está muy bien logrado; promueve creatividad y buen ánimo y aporta algo positivo y sencillo.	-5
Comentario positivo sobre el video de dibujos animados: me pareció perfecto para ver en familia y lo vería otra vez con mi familia.	-5
El video de cocina sencilla está muy bien logrado; me hizo sonreír de forma sana y muy buena opción para contenido seguro.	-5
Muy buen video de dibujos animados; deja una sensación muy positiva, con un mensaje apto para toda la familia.	-5
El actividad escolar divertida está muy bien logrado; me hizo sonreír de forma sana y muy buena opción para contenido seguro.	-5
Este video musical alegre mantiene un ambiente sano; es completamente amigable para niños y perfecto para un ambiente familiar.	-5
El video de arte y pintura está muy bien logrado; deja una sensación muy positiva y me encantó el estilo amigable.	-5
Hay una competencia de esgrima con equipo protector, pero se mantiene en un entorno sano, con reglas claras y sin violencia realista.	-2
Buen video con un concurso de equilibrio con espuma; todo se siente controlado, alegre y family friendly.	-4
Aunque aparece un choque cómico entre personajes de caricatura, todo se presenta como juego imaginario y apto para familia.	-3
Muy buen video de cocina sencilla; me hizo sonreír de forma sana, con un mensaje apto para toda la familia.	-5
La situación de una rivalidad ligera entre personajes amables es amigable y deja claro que todo es juego.	-4
La parte de un duelo de baile con reglas claras es ligera, cómica y no muestra daño real.	-4
Aunque hay una escena de acción física explicada como juego, el contexto es seguro, deportivo y respetuoso.	-2
Buen contenido: video de animales felices; muy bonito y apto para todos y gran trabajo del creador.	-5
El tono del video de ciencia fácil es divertido, limpio y agradable; perfecto para un ambiente familiar.	-5
Este juego de mesa familiar es bonito; me gustó porque es tranquilo y educativo y me encantó el estilo amigable.	-5
El momento de una batalla de bolas de nieve en tono cómico es claramente actuado y mantiene una intención divertida.	-3
Muy buen video de origami; deja una sensación muy positiva, con un mensaje apto para toda la familia.	-5
Este canción para aprender es tranquilo; se entiende fácil y es muy respetuoso y buen contenido para todas las edades.	-5
El tono del broma inocente es amigable, limpio y agradable; excelente para un momento tranquilo.	-5
Comentario positivo sobre el video de dibujos animados: se entiende fácil y es muy respetuoso y muy buena opción para contenido seguro.	-5
La escena de un choque cómico entre personajes de caricatura puede incluir acción, pero evita cualquier contenido gráfico o cruel.	-3
Aunque aparece un duelo de magia ficticia, el mensaje es de amistad, respeto y diversión segura.	-4
Hay un duelo de caballeros con accesorios de plástico, pero está tratado de manera amable, ficticia y sin detalles dañinos.	-3
Me gustó este actividad de plastilina; es claro, limpio y entretenido y se nota que está pensado con cuidado.	-5
Muy buen clip de mascotas tiernas; mantiene un tono divertido y seguro, con un mensaje apto para toda la familia.	-5
El tono del reto de colores es claro, limpio y agradable; excelente para un momento tranquilo.	-5
Muy buen video de naturaleza; transmite una energía muy sana, con un mensaje apto para toda la familia.	-5
La situación de una batalla de globos de agua en familia es amigable y deja claro que todo es juego.	-4
El video incluye un entrenamiento de artes marciales sin agresividad; muestra acción física sana, con protección, reglas y supervisión.	-2
Este comentario destaca que un choque cómico entre personajes de caricatura se siente como juego de niños, no como violencia real.	-3
Se nota que el video de origami es creativo; muy bonito y apto para todos y muy buena opción para contenido seguro.	-5
Me gustó este reseña de juguetes; es ideal para pasar un buen rato y se nota que está pensado con cuidado.	-5
La parte de un combate deportivo intenso con reglas claras requiere más criterio, pero sigue siendo family friendly y no gráfica.	-1
Este reto divertido sin peligro mantiene un ambiente sano; es ideal para pasar un buen rato y me encantó el estilo amigable.	-5
Aunque aparece un duelo de piratas de juguete, todo se presenta como juego imaginario y apto para familia.	-3