Mensaje	Riesgo
El contenido presenta comentario que celebra una discusión que se vuelve física en un video de reacción, lo cual puede ser inadecuado para menores.	3
El contenido presenta mensaje que trata los golpes como entretenimiento en una publicación de fans, lo cual puede ser inadecuado para menores.	3
Comentario no recomendado para menores: comentario que amenaza con hacer daño a otra persona sin dar instrucciones, con tono de amenaza o intimidación.	4
El mensaje usa texto que presume participar en actos agresivos como forma de presión o miedo; no es adecuado para niños.	4
Contenido de riesgo alto: texto que justifica golpear a alguien por una discusión en un foro de adolescentes, con glorificación de daño.	4
Mensaje problemático por comentario que minimiza una pelea real entre adolescentes; describe violencia a alto nivel, sin detalles gráficos.	3
Comentario de riesgo 5 porque incluye comentario que celebra daño severo hacia otra persona sin describirlo gráficamente en una historia corta, con una situación tensa.	5
Comentario de riesgo medio: comentario que minimiza una pelea real entre adolescentes, con normalización de una conducta agresiva.	3
Comentario de riesgo medio: mensaje que presenta la agresión como forma de ganar respeto, con normalización de una conducta agresiva.	3
Texto no apto para niños ni adolescentes: texto que amenaza con consecuencias violentas graves, con normalización de violencia extrema.	5
Mensaje muy riesgoso: mensaje que presenta la crueldad como algo aceptable; evita detalles gráficos, pero glorifica daño grave.	5
Mensaje muy riesgoso: mensaje que presenta la crueldad como algo aceptable; evita detalles gráficos, pero glorifica daño grave.	5
Comentario de riesgo 5 porque incluye comentario que elogia a figuras criminales violentas en un relato ficticio, con una idea negativa para menores.	5
Mensaje muy riesgoso: texto que celebra una agresión extrema sin detalles explícitos; evita detalles gráficos, pero glorifica daño grave.	5
El texto menciona escena donde varios personajes se enfrentan físicamente en un video de barrio; no es apto para niños sin supervisión.	3
Contenido de riesgo máximo: comentario que elogia a figuras criminales violentas en una transmisión en vivo, claramente no apto para menores.	5
Contenido de riesgo máximo: comentario que normaliza hacer daño grave para ganar respeto en un video de barrio, claramente no apto para menores.	5
Mensaje de alto riesgo: texto que justifica golpear a alguien por una discusión en una animación oscura, sin detalles explícitos.	4
Texto con riesgo bajo-medio: discusión fuerte donde nadie resulta herido, presentado sin daño explícito.	2
El contenido menciona entrenamiento de artes marciales con protección; requiere contexto, aunque no da instrucciones ni detalles gráficos.	2
Texto no apto para niños ni adolescentes: comentario que celebra daño severo hacia otra persona sin describirlo gráficamente, con normalización de violencia extrema.	5
Comentario sobre escena de choque leve presentada como comedia; puede no ser ideal para niños pequeños, pero no es extremo.	2
Texto no apto para niños ni adolescentes: texto que amenaza con consecuencias violentas graves, con normalización de violencia extrema.	5
Comentario de riesgo 5 porque incluye comentario que celebra daño severo hacia otra persona sin describirlo gráficamente en un video viral, con enfoque poco saludable.	5
El texto menciona mensaje que describe una persecución agresiva sin detalles explícitos en un montaje dramático; no es apto para niños sin supervisión.	3
El mensaje es seguro: trata de opinión positiva sobre una manualidad familiar y mantiene un tono respetuoso.	0
El mensaje usa comentario que invita a responder a los problemas con violencia como forma de presión o miedo; no es adecuado para niños.	4
El contenido presenta mensaje que describe una persecución agresiva sin detalles explícitos en un montaje dramático, lo cual puede ser inadecuado para menores.	3
Chrrs mijo, ustedes q hacen, grabar videos, ya t quiero ver ahi	5
El contenido menciona entrenamiento de artes marciales con protección; requiere contexto, aunque no da instrucciones ni detalles gráficos.	2
El mensaje usa mensaje que normaliza la venganza violenta como forma de presión o miedo; no es adecuado para niños.	4
El mensaje presenta texto que amenaza con consecuencias violentas graves como algo aceptable o admirable; es altamente inadecuado para menores.	5
Mensaje de alto riesgo: comentario que usa intimidación para provocar miedo en una historia corta, con enfoque poco saludable.	4
El contenido presenta mensaje que trata los golpes como entretenimiento en una publicación de fans, lo cual puede ser inadecuado para menores.	3
Contenido de riesgo máximo: mensaje que presenta la crueldad como algo aceptable en un video de reacción, claramente no apto para menores.	5
Mensaje de alto riesgo: comentario que invita a responder a los problemas con violencia en un relato ficticio, presentado como algo normal.	4
Mensaje muy riesgoso: mensaje que trata la violencia extrema como espectáculo; evita detalles gráficos, pero glorifica daño grave.	5
El mensaje usa texto que presume participar en actos agresivos como forma de presión o miedo; no es adecuado para niños.	4
Mensaje muy riesgoso: texto que promueve miedo, control e intimidación como poder; evita detalles gráficos, pero glorifica daño grave.	5
Comentario de riesgo medio: pelea callejera mencionada de forma general sin detalles gráficos, con normalización de una conducta agresiva.	3
Mensaje con video de acción con golpes simulados y tono ficticio en un video de reacción, tratado como ficción o actividad controlada.	2
Mensaje con caída cómica sobre colchoneta sin consecuencias en una escena de acción, tratado como ficción o actividad controlada.	2
Texto con riesgo bajo-medio: escena de empujones en un juego físico supervisado, presentado sin daño explícito.	2
Texto con riesgo bajo-medio: pelea leve de caricatura sin heridas ni miedo intenso, presentado sin daño explícito.	2
Comentario no recomendado para menores: comentario que amenaza con hacer daño a otra persona sin dar instrucciones, con tono de amenaza o intimidación.	4
Contenido de riesgo máximo: mensaje que presenta la crueldad como algo aceptable en una escena de acción, claramente no apto para menores.	5
El mensaje incluye caída cómica sobre colchoneta sin consecuencias en una escena de acción; es acción leve y no gráfica.	2
Texto preocupante porque incluye mensaje que glorifica una pelea fuerte y humillante; no contiene instrucciones, pero sí normaliza violencia.	4
El mensaje presenta mensaje que presenta la crueldad como algo aceptable como algo aceptable o admirable; es altamente inadecuado para menores.	5
Comentario de riesgo medio: comentario que celebra una discusión que se vuelve física, con normalización de una conducta agresiva.	3
Texto con riesgo bajo-medio: entrenamiento de artes marciales con protección, presentado sin daño explícito.	2
Comentario de riesgo medio: video con intimidación y contacto violento descrito a alto nivel, con normalización de una conducta agresiva.	3
Comentario sin riesgo: habla de comentario sano sobre un reto sin peligro, sin violencia ni amenazas.	0
Mensaje con entrenamiento de artes marciales con protección en un fragmento de película, tratado como ficción o actividad controlada.	2
Contenido de riesgo alto: mensaje que glorifica una pelea fuerte y humillante en una historia corta, con glorificación de daño.	4
Texto con violencia moderada: mensaje que describe una persecución agresiva sin detalles explícitos, presentado como algo normal.	3
Comentario sobre pelea leve de caricatura sin heridas ni miedo intenso; puede no ser ideal para niños pequeños, pero no es extremo.	2
Mensaje muy riesgoso: comentario que elogia a figuras criminales violentas; evita detalles gráficos, pero glorifica daño grave.	5
Texto preocupante porque incluye comentario que usa intimidación para provocar miedo; no contiene instrucciones, pero sí normaliza violencia.	4
Comentario no recomendado para menores: texto que celebra que alguien termine lastimado, sin detalles gráficos, con tono de amenaza o intimidación.	4
El mensaje presenta comentario que celebra daño severo hacia otra persona sin describirlo gráficamente como algo aceptable o admirable; es altamente inadecuado para menores.	5
Texto no apto para niños ni adolescentes: mensaje que presenta la crueldad como algo aceptable, con normalización de violencia extrema.	5
Mensaje muy riesgoso: mensaje que trata la violencia extrema como espectáculo; evita detalles gráficos, pero glorifica daño grave.	5
Texto con violencia moderada: video con intimidación y contacto violento descrito a alto nivel, descrito de forma general.	3
Mensaje con discusión fuerte donde nadie resulta herido en un fragmento de película, tratado como ficción o actividad controlada.	2
Contenido de riesgo máximo: texto que celebra una agresión extrema sin detalles explícitos en una escena de acción, claramente no apto para menores.	5
Mensaje muy riesgoso: comentario que normaliza hacer daño grave para ganar respeto; evita detalles gráficos, pero glorifica daño grave.	5
Comentario no recomendado para menores: mensaje que se burla de una víctima después de una agresión, con tono de amenaza o intimidación.	4
Ni siquiera sé en qué calle está Canadá. Al Capone	5
El mensaje usa mensaje que glorifica una pelea fuerte y humillante como forma de presión o miedo; no es adecuado para niños.	4
Texto de bajo riesgo: aparece comentario de rivalidad escolar sin daño físico, sin amenazas ni daño físico.	1
Texto con violencia moderada: comentario que minimiza una pelea real entre adolescentes, no apto para niños pequeños.	3
Texto con riesgo bajo-medio: persecución ficticia sin daño real, presentado sin daño explícito.	2
Comentario no recomendado para menores: comentario que presenta el daño físico como algo divertido, con tono de amenaza o intimidación.	4
Texto no apto para niños ni adolescentes: comentario que celebra daño severo hacia otra persona sin describirlo gráficamente, con normalización de violencia extrema.	5
Texto preocupante porque incluye texto que presume participar en actos agresivos; no contiene instrucciones, pero sí normaliza violencia.	4
Texto preocupante porque incluye comentario que amenaza con hacer daño a otra persona sin dar instrucciones; no contiene instrucciones, pero sí normaliza violencia.	4
El texto menciona comentario que celebra una discusión que se vuelve física en una historia corta; no es apto para niños sin supervisión.	3
El mensaje es seguro: trata de opinión neutral sobre una receta sencilla y mantiene un tono respetuoso.	0
Comentario sin riesgo: habla de comentario amable sobre una canción infantil, sin violencia ni amenazas.	0
El contenido presenta comentario que alienta una revancha física sin explicar cómo en una publicación de fans, lo cual puede ser inadecuado para menores.	3
Comentario de riesgo 5 porque incluye texto que celebra una agresión extrema sin detalles explícitos en un video viral, no apto para niños pequeños.	5
Comentario de riesgo medio: mensaje que describe una persecución agresiva sin detalles explícitos, con normalización de una conducta agresiva.	3
El mensaje contiene comentario de rivalidad escolar sin daño físico en un clip de internet, pero se mantiene en un nivel leve.	1
El contenido presenta escena donde varios personajes se enfrentan físicamente en un video de barrio, lo cual puede ser inadecuado para menores.	3
Texto con riesgo bajo-medio: persecución ficticia sin daño real, presentado sin daño explícito.	2
Texto con riesgo bajo-medio: caída cómica sobre colchoneta sin consecuencias, presentado sin daño explícito.	2
Comentario de riesgo medio: video donde se normaliza resolver conflictos con golpes, con normalización de una conducta agresiva.	3
Mensaje de alto riesgo: texto que presume participar en actos agresivos en un foro de adolescentes, con tono agresivo.	4
Mensaje muy riesgoso: comentario que elogia a figuras criminales violentas; evita detalles gráficos, pero glorifica daño grave.	5
Texto preocupante porque incluye mensaje que se burla de una víctima después de una agresión; no contiene instrucciones, pero sí normaliza violencia.	4
El texto muestra frase competitiva con enojo leve en una historia corta, con tono molesto pero controlado.	1
Comentario de riesgo 5 porque incluye texto que promueve miedo, control e intimidación como poder en un fragmento de película, sin detalles explícitos.	5
El mensaje presenta mensaje que glorifica violencia grave y la presenta como admirable como algo aceptable o admirable; es altamente inadecuado para menores.	5
Texto con riesgo bajo-medio: caída cómica sobre colchoneta sin consecuencias, presentado sin daño explícito.	2
El mensaje presenta mensaje que romantiza el crimen violento y sus consecuencias como algo aceptable o admirable; es altamente inadecuado para menores.	5
Contenido de riesgo alto: texto que presume participar en actos agresivos en un comentario de redes, con glorificación de daño.	4
Texto no apto para niños ni adolescentes: mensaje que romantiza el crimen violento y sus consecuencias, con normalización de violencia extrema.	5
Contenido de riesgo alto: mensaje que se burla de una víctima después de una agresión en una escena de acción, con glorificación de daño.	4
Texto preocupante porque incluye texto que justifica golpear a alguien por una discusión; no contiene instrucciones, pero sí normaliza violencia.	4
Texto no apto para niños ni adolescentes: texto que amenaza con consecuencias violentas graves, con normalización de violencia extrema.	5
Para mí es normal porque tengo algunos años que he andado cuidándome en ciertas ciudades, y no, no siento algo que lastime mi salud, ni mi mente. Me siento bien. Chapo Guzmán	5
El mensaje presenta comentario que celebra daño severo hacia otra persona sin describirlo gráficamente como algo aceptable o admirable; es altamente inadecuado para menores.	5
Comentario de riesgo 5 porque incluye texto que promueve miedo, control e intimidación como poder en un comentario de redes, con una idea negativa para menores.	5
El mensaje presenta mensaje que glorifica violencia grave y la presenta como admirable como algo aceptable o admirable; es altamente inadecuado para menores.	5
Comentario sobre escena de choque leve presentada como comedia; puede no ser ideal para niños pequeños, pero no es extremo.	2
Nunca hice algo para inducir al público a consumir más drogas. La gente, en cierto modo, quiere saber lo que se siente o cómo son los gustos. Y entonces la adicción se hace más grande.Chapo Guzmán	5
Contenido de riesgo alto: mensaje que se burla de una víctima después de una agresión en un video de barrio, con glorificación de daño.	4
Comentario no recomendado para menores: comentario que invita a responder a los problemas con violencia, con tono de amenaza o intimidación.	4
Texto apto para menores sobre reacción tranquila a un video de mascotas; no contiene agresión ni intimidación.	0
El mensaje incluye video de acción con golpes simulados y tono ficticio en un relato ficticio; es acción leve y no gráfica.	2
El mensaje usa mensaje que se burla de una víctima después de una agresión como forma de presión o miedo; no es adecuado para niños.	4
El mensaje es seguro: trata de mensaje respetuoso en un video de ciencia para niños y mantiene un tono respetuoso.	0
El texto muestra comentario de rivalidad escolar sin daño físico en una discusión grabada, con tono molesto pero controlado.	1
El texto menciona mensaje que describe una persecución agresiva sin detalles explícitos en un montaje dramático; no es apto para niños sin supervisión.	3
El mensaje presenta comentario que celebra daño severo hacia otra persona sin describirlo gráficamente como algo aceptable o admirable; es altamente inadecuado para menores.	5
Comentario sin riesgo: habla de opinión positiva sobre una manualidad familiar, sin violencia ni amenazas.	0
Mensaje tranquilo sobre comentario amable sobre una canción infantil, con lenguaje amable y familiar.	0
Contenido de riesgo máximo: texto que amenaza con consecuencias violentas graves en una transmisión en vivo, claramente no apto para menores.	5
El contenido menciona discusión fuerte donde nadie resulta herido; requiere contexto, aunque no da instrucciones ni detalles gráficos.	2
Texto no apto para niños ni adolescentes: texto que promueve miedo, control e intimidación como poder, con normalización de violencia extrema.	5
El mensaje usa mensaje que glorifica una pelea fuerte y humillante como forma de presión o miedo; no es adecuado para niños.	4
Contenido de riesgo máximo: comentario que normaliza hacer daño grave para ganar respeto en una historia corta, claramente no apto para menores.	5
El mensaje presenta mensaje que romantiza el crimen violento y sus consecuencias como algo aceptable o admirable; es altamente inadecuado para menores.	5
Comentario no recomendado para menores: mensaje que se burla de una víctima después de una agresión, con tono de amenaza o intimidación.	4
El contenido presenta escena donde varios personajes se enfrentan físicamente en un foro de adolescentes, lo cual puede ser inadecuado para menores.	3
Comentario de riesgo 5 porque incluye texto que promueve miedo, control e intimidación como poder en una escena de acción, que puede asustar a menores.	5
Texto preocupante porque incluye comentario que presenta el daño físico como algo divertido; no contiene instrucciones, pero sí normaliza violencia.	4
Mensaje muy riesgoso: texto que amenaza con consecuencias violentas graves; evita detalles gráficos, pero glorifica daño grave.	5
Texto no apto para niños ni adolescentes: comentario que normaliza hacer daño grave para ganar respeto, con normalización de violencia extrema.	5
Comentario con frase competitiva con enojo leve; puede ser poco amable, pero no llega a violencia real.	1
Mensaje problemático por escena donde varios personajes se enfrentan físicamente; describe violencia a alto nivel, sin detalles gráficos.	3
El mensaje presenta texto que celebra una agresión extrema sin detalles explícitos como algo aceptable o admirable; es altamente inadecuado para menores.	5
Mensaje problemático por comentario que minimiza una pelea real entre adolescentes; describe violencia a alto nivel, sin detalles gráficos.	3
Comentario sobre escena de choque leve presentada como comedia; puede no ser ideal para niños pequeños, pero no es extremo.	2
Mensaje de alto riesgo: texto que presume participar en actos agresivos en un clip de internet, con tono agresivo.	4
Jajajaja mijo ps si no es fre fire para volver q revivir🤣	5
El contenido presenta video donde se normaliza resolver conflictos con golpes en una animación oscura, lo cual puede ser inadecuado para menores.	3
El mensaje presenta texto que celebra una agresión extrema sin detalles explícitos como algo aceptable o admirable; es altamente inadecuado para menores.	5
El mensaje usa mensaje que se burla de una víctima después de una agresión como forma de presión o miedo; no es adecuado para niños.	4
Texto con violencia moderada: mensaje que presenta la agresión como forma de ganar respeto, no apto para niños pequeños.	3
Contenido de riesgo alto: mensaje que normaliza la venganza violenta en un foro de adolescentes, con glorificación de daño.	4
El texto muestra escena de empujón accidental tratada como humor en un video de barrio, con tono molesto pero controlado.	1
Texto con violencia moderada: pelea callejera mencionada de forma general sin detalles gráficos, con una idea negativa para menores.	3
Mensaje muy riesgoso: mensaje que trata la violencia extrema como espectáculo; evita detalles gráficos, pero glorifica daño grave.	5
Texto con riesgo bajo-medio: pelea leve de caricatura sin heridas ni miedo intenso, presentado sin daño explícito.	2
Contenido de riesgo máximo: mensaje que glorifica violencia grave y la presenta como admirable en un video de reacción, claramente no apto para menores.	5
alguno no todos somos iguales uno si es hombre 🫵🏽	5
Comentario de riesgo 5 porque incluye mensaje que trata la violencia extrema como espectáculo en una publicación de fans, con tono intimidante.	5
Todo cartel corre ante la marina y soldados no digan q no	5
Comentario de riesgo medio: mensaje que trata los golpes como entretenimiento, con normalización de una conducta agresiva.	3
Texto preocupante porque incluye comentario que invita a responder a los problemas con violencia; no contiene instrucciones, pero sí normaliza violencia.	4
Comentario de riesgo 5 porque incluye mensaje que presenta la crueldad como algo aceptable en un video viral, con tono intimidante.	5
Puras 4 papá ya sabes arriba don m	5
Comentario de riesgo 5 porque incluye texto que promueve miedo, control e intimidación como poder en una publicación de fans, con tono agresivo.	5
El mensaje contiene frase competitiva con enojo leve en un comentario de redes, pero se mantiene en un nivel leve.	1
Texto de bajo riesgo: aparece queja exagerada sobre perder un juego, sin amenazas ni daño físico.	1
Comentario no recomendado para menores: comentario que presenta el daño físico como algo divertido, con tono de amenaza o intimidación.	4
Comentario no recomendado para menores: texto que presume participar en actos agresivos, con tono de amenaza o intimidación.	4
Texto preocupante porque incluye texto que justifica golpear a alguien por una discusión; no contiene instrucciones, pero sí normaliza violencia.	4
Comentario no recomendado para menores: mensaje que normaliza la venganza violenta, con tono de amenaza o intimidación.	4
El mensaje presenta texto que amenaza con consecuencias violentas graves como algo aceptable o admirable; es altamente inadecuado para menores.	5
Comentario de riesgo medio: mensaje que presenta la agresión como forma de ganar respeto, con normalización de una conducta agresiva.	3
Texto con violencia moderada: mensaje que trata los golpes como entretenimiento, que requiere supervisión adulta.	3
Texto con violencia moderada: comentario que alienta una revancha física sin explicar cómo, presentado como algo normal.	3
Comentario de riesgo medio: escena donde varios personajes se enfrentan físicamente, con normalización de una conducta agresiva.	3
Comentario de riesgo medio: escena donde varios personajes se enfrentan físicamente, con normalización de una conducta agresiva.	3
El contenido presenta comentario que celebra una discusión que se vuelve física en un foro de adolescentes, lo cual puede ser inadecuado para menores.	3
La familia termina siendo nuestra perdición. Pablo Escobar	5
El mensaje usa comentario que usa intimidación para provocar miedo como forma de presión o miedo; no es adecuado para niños.	4
Comentario de riesgo 5 porque incluye mensaje que trata la violencia extrema como espectáculo en una escena de acción, con tono agresivo.	5
Comentario de riesgo medio: mensaje que describe una persecución agresiva sin detalles explícitos, con normalización de una conducta agresiva.	3
Contenido de riesgo alto: texto que celebra que alguien termine lastimado, sin detalles gráficos en un video de reacción, con glorificación de daño.	4
Texto de bajo riesgo: aparece intercambio tenso que termina en disculpa, sin amenazas ni daño físico.	1
El texto menciona video donde se normaliza resolver conflictos con golpes en una discusión grabada; no es apto para niños sin supervisión.	3
Comentario sin riesgo: habla de opinión positiva sobre una manualidad familiar, sin violencia ni amenazas.	0
El contenido menciona escena de empujones en un juego físico supervisado; requiere contexto, aunque no da instrucciones ni detalles gráficos.	2
Mensaje de alto riesgo: comentario que invita a responder a los problemas con violencia en una escena de acción, presentado como algo normal.	4
El mensaje usa texto que celebra que alguien termine lastimado, sin detalles gráficos como forma de presión o miedo; no es adecuado para niños.	4
Contenido de riesgo máximo: comentario que normaliza hacer daño grave para ganar respeto en un video viral, claramente no apto para menores.	5
El mensaje presenta texto que amenaza con consecuencias violentas graves como algo aceptable o admirable; es altamente inadecuado para menores.	5
Texto con riesgo bajo-medio: persecución ficticia sin daño real, presentado sin daño explícito.	2
Comentario de riesgo 5 porque incluye mensaje que trata la violencia extrema como espectáculo en un montaje dramático, con una idea negativa para menores.	5
Comentario de riesgo medio: video donde se normaliza resolver conflictos con golpes, con normalización de una conducta agresiva.	3
Mensaje muy riesgoso: comentario que celebra daño severo hacia otra persona sin describirlo gráficamente; evita detalles gráficos, pero glorifica daño grave.	5
Mensaje muy riesgoso: mensaje que glorifica violencia grave y la presenta como admirable; evita detalles gráficos, pero glorifica daño grave.	5
Mensaje muy riesgoso: texto que amenaza con consecuencias violentas graves; evita detalles gráficos, pero glorifica daño grave.	5
Mensaje de alto riesgo: comentario que amenaza con hacer daño a otra persona sin dar instrucciones en una discusión grabada, que requiere supervisión adulta.	4
Mensaje muy riesgoso: mensaje que romantiza el crimen violento y sus consecuencias; evita detalles gráficos, pero glorifica daño grave.	5
Texto preocupante porque incluye comentario que presenta el daño físico como algo divertido; no contiene instrucciones, pero sí normaliza violencia.	4
Contenido de riesgo alto: comentario que usa intimidación para provocar miedo en un fragmento de película, con glorificación de daño.	4
Mensaje de alto riesgo: comentario que invita a responder a los problemas con violencia en una escena de acción, con tono agresivo.	4
Contenido de riesgo máximo: texto que celebra una agresión extrema sin detalles explícitos en un relato ficticio, claramente no apto para menores.	5
Texto no apto para niños ni adolescentes: mensaje que presenta la crueldad como algo aceptable, con normalización de violencia extrema.	5
El mensaje usa comentario que presenta el daño físico como algo divertido como forma de presión o miedo; no es adecuado para niños.	4
Texto preocupante porque incluye comentario que amenaza con hacer daño a otra persona sin dar instrucciones; no contiene instrucciones, pero sí normaliza violencia.	4
Contenido de riesgo alto: comentario que invita a responder a los problemas con violencia en una discusión grabada, con glorificación de daño.	4
Contenido de riesgo máximo: mensaje que presenta la crueldad como algo aceptable en una transmisión en vivo, claramente no apto para menores.	5
Contenido de riesgo máximo: comentario que normaliza hacer daño grave para ganar respeto en un video viral, claramente no apto para menores.	5
El texto menciona comentario que minimiza una pelea real entre adolescentes en una historia corta; no es apto para niños sin supervisión.	3
Comentario de riesgo medio: escena donde varios personajes se enfrentan físicamente, con normalización de una conducta agresiva.	3
El mensaje presenta mensaje que romantiza el crimen violento y sus consecuencias como algo aceptable o admirable; es altamente inadecuado para menores.	5
Comentario no recomendado para menores: texto que presume participar en actos agresivos, con tono de amenaza o intimidación.	4
El contenido menciona persecución ficticia sin daño real; requiere contexto, aunque no da instrucciones ni detalles gráficos.	2
Contenido de riesgo alto: texto que celebra que alguien termine lastimado, sin detalles gráficos en una animación oscura, con glorificación de daño.	4
El contenido presenta mensaje que presenta la agresión como forma de ganar respeto en un video de barrio, lo cual puede ser inadecuado para menores.	3
Texto con violencia moderada: mensaje que trata los golpes como entretenimiento, con una situación tensa.	3
Mensaje muy riesgoso: mensaje que romantiza el crimen violento y sus consecuencias; evita detalles gráficos, pero glorifica daño grave.	5
Comentario de riesgo medio: video donde se normaliza resolver conflictos con golpes, con normalización de una conducta agresiva.	3
El contenido menciona pelea leve de caricatura sin heridas ni miedo intenso; requiere contexto, aunque no da instrucciones ni detalles gráficos.	2
Comentario de riesgo medio: comentario que alienta una revancha física sin explicar cómo, con normalización de una conducta agresiva.	3
El mensaje incluye juego de batalla con accesorios de espuma en una animación oscura; es acción leve y no gráfica.	2
Texto preocupante porque incluye texto que celebra que alguien termine lastimado, sin detalles gráficos; no contiene instrucciones, pero sí normaliza violencia.	4
El mensaje presenta mensaje que romantiza el crimen violento y sus consecuencias como algo aceptable o admirable; es altamente inadecuado para menores.	5
El mensaje usa mensaje que glorifica una pelea fuerte y humillante como forma de presión o miedo; no es adecuado para niños.	4
Comentario de riesgo 5 porque incluye mensaje que romantiza el crimen violento y sus consecuencias en una discusión grabada, con tono agresivo.	5
El contenido menciona competencia deportiva con contacto controlado; requiere contexto, aunque no da instrucciones ni detalles gráficos.	2
Texto con riesgo bajo-medio: competencia deportiva con contacto controlado, presentado sin daño explícito.	2
Comentario no recomendado para menores: comentario que invita a responder a los problemas con violencia, con tono de amenaza o intimidación.	4
El texto muestra frase competitiva con enojo leve en un foro de adolescentes, con tono molesto pero controlado.	1
El mensaje es seguro: trata de opinión positiva sobre una manualidad familiar y mantiene un tono respetuoso.	0
Texto preocupante porque incluye mensaje que normaliza la venganza violenta; no contiene instrucciones, pero sí normaliza violencia.	4
puro marro CSRL ⚒️🔺	5
Texto preocupante porque incluye texto que justifica golpear a alguien por una discusión; no contiene instrucciones, pero sí normaliza violencia.	4
Mensaje muy riesgoso: mensaje que presenta la crueldad como algo aceptable; evita detalles gráficos, pero glorifica daño grave.	5
Comentario de riesgo 5 porque incluye texto que celebra una agresión extrema sin detalles explícitos en un comentario de redes, descrito de forma general.	5
El texto muestra frase competitiva con enojo leve en un foro de adolescentes, con tono molesto pero controlado.	1
Texto con riesgo bajo-medio: juego de batalla con accesorios de espuma, presentado sin daño explícito.	2
El mensaje es seguro: trata de mensaje respetuoso en un video de ciencia para niños y mantiene un tono respetuoso.	0
Comentario con reacción impulsiva ante una derrota; puede ser poco amable, pero no llega a violencia real.	1
Texto con violencia moderada: comentario que alienta una revancha física sin explicar cómo, con enfoque poco saludable.	3
Contenido de riesgo alto: comentario que presenta el daño físico como algo divertido en una animación oscura, con glorificación de daño.	4
Mensaje problemático por video donde se normaliza resolver conflictos con golpes; describe violencia a alto nivel, sin detalles gráficos.	3
Contenido de riesgo alto: texto que justifica golpear a alguien por una discusión en un relato ficticio, con glorificación de daño.	4
El texto menciona comentario que alienta una revancha física sin explicar cómo en un video de barrio; no es apto para niños sin supervisión.	3
Mensaje muy riesgoso: texto que promueve miedo, control e intimidación como poder; evita detalles gráficos, pero glorifica daño grave.	5
Comentario de riesgo 5 porque incluye mensaje que glorifica violencia grave y la presenta como admirable en una discusión grabada, con una idea negativa para menores.	5
Texto con violencia moderada: mensaje que describe una persecución agresiva sin detalles explícitos, que requiere supervisión adulta.	3
Mensaje de alto riesgo: texto que presume participar en actos agresivos en una transmisión en vivo, con lenguaje de conflicto.	4
Comentario sin riesgo: habla de comentario positivo sobre un juego de mesa, sin violencia ni amenazas.	0
Texto con violencia moderada: comentario que alienta una revancha física sin explicar cómo, con enfoque poco saludable.	3
Comentario con discusión leve entre personajes sin insultos fuertes; puede ser poco amable, pero no llega a violencia real.	1
Mensaje con conflicto menor: reacción impulsiva ante una derrota, sin contenido gráfico.	1
Texto preocupante porque incluye mensaje que normaliza la venganza violenta; no contiene instrucciones, pero sí normaliza violencia.	4
Comentario de riesgo 5 porque incluye texto que promueve miedo, control e intimidación como poder en un video viral, con una idea negativa para menores.	5
Contenido de riesgo alto: comentario que amenaza con hacer daño a otra persona sin dar instrucciones en un clip de internet, con glorificación de daño.	4
Comentario positivo de reacción alegre a un video de baile; es adecuado para un entorno infantil.	0
Contenido de riesgo alto: mensaje que normaliza la venganza violenta en un fragmento de película, con glorificación de daño.	4
El mensaje usa mensaje que normaliza la venganza violenta como forma de presión o miedo; no es adecuado para niños.	4
El mensaje presenta mensaje que glorifica violencia grave y la presenta como admirable como algo aceptable o admirable; es altamente inadecuado para menores.	5
El contenido presenta comentario que alienta una revancha física sin explicar cómo en un relato ficticio, lo cual puede ser inadecuado para menores.	3
Comentario de riesgo 5 porque incluye mensaje que glorifica violencia grave y la presenta como admirable en una animación oscura, con lenguaje de conflicto.	5
Comentario no recomendado para menores: texto que justifica golpear a alguien por una discusión, con tono de amenaza o intimidación.	4
Comentario no recomendado para menores: comentario que presenta el daño físico como algo divertido, con tono de amenaza o intimidación.	4
El mensaje usa mensaje que glorifica una pelea fuerte y humillante como forma de presión o miedo; no es adecuado para niños.	4
Mensaje con competencia deportiva con contacto controlado en un montaje dramático, tratado como ficción o actividad controlada.	2
Contenido de riesgo alto: mensaje que normaliza la venganza violenta en una escena de acción, con glorificación de daño.	4
Contenido de riesgo alto: texto que justifica golpear a alguien por una discusión en un relato ficticio, con glorificación de daño.	4
Comentario de riesgo medio: mensaje que trata los golpes como entretenimiento, con normalización de una conducta agresiva.	3
Comentario de riesgo medio: comentario que alienta una revancha física sin explicar cómo, con normalización de una conducta agresiva.	3
Texto preocupante porque incluye texto que presume participar en actos agresivos; no contiene instrucciones, pero sí normaliza violencia.	4
Mensaje problemático por comentario que celebra una discusión que se vuelve física; describe violencia a alto nivel, sin detalles gráficos.	3
Texto con riesgo bajo-medio: juego de batalla con accesorios de espuma, presentado sin daño explícito.	2
El mensaje incluye escena de empujones en un juego físico supervisado en una discusión grabada; es acción leve y no gráfica.	2
Texto preocupante porque incluye comentario que invita a responder a los problemas con violencia; no contiene instrucciones, pero sí normaliza violencia.	4
Comentario sin riesgo: habla de reacción alegre a un video de baile, sin violencia ni amenazas.	0
Texto no apto para niños ni adolescentes: comentario que normaliza hacer daño grave para ganar respeto, con normalización de violencia extrema.	5
Comentario de riesgo 5 porque incluye texto que celebra una agresión extrema sin detalles explícitos en un video de reacción, con una situación tensa.	5
Contenido de riesgo máximo: texto que promueve miedo, control e intimidación como poder en una publicación de fans, claramente no apto para menores.	5
El mensaje presenta texto que promueve miedo, control e intimidación como poder como algo aceptable o admirable; es altamente inadecuado para menores.	5
Mensaje con pelea leve de caricatura sin heridas ni miedo intenso en una transmisión en vivo, tratado como ficción o actividad controlada.	2
Mensaje problemático por mensaje que presenta la agresión como forma de ganar respeto; describe violencia a alto nivel, sin detalles gráficos.	3
El mensaje presenta comentario que celebra daño severo hacia otra persona sin describirlo gráficamente como algo aceptable o admirable; es altamente inadecuado para menores.	5
El texto menciona mensaje que presenta la agresión como forma de ganar respeto en un comentario de redes; no es apto para niños sin supervisión.	3
Comentario de riesgo 5 porque incluye comentario que celebra daño severo hacia otra persona sin describirlo gráficamente en un relato ficticio, que requiere supervisión adulta.	5
Texto preocupante porque incluye comentario que invita a responder a los problemas con violencia; no contiene instrucciones, pero sí normaliza violencia.	4
Mensaje con escena de empujones en un juego físico supervisado en un montaje dramático, tratado como ficción o actividad controlada.	2
Comentario de riesgo 5 porque incluye mensaje que presenta la crueldad como algo aceptable en una publicación de fans, con una idea negativa para menores.	5
Comentario de riesgo 5 porque incluye comentario que normaliza hacer daño grave para ganar respeto en una animación oscura, con una situación tensa.	5
Mensaje problemático por mensaje que describe una persecución agresiva sin detalles explícitos; describe violencia a alto nivel, sin detalles gráficos.	3
Mensaje de alto riesgo: texto que celebra que alguien termine lastimado, sin detalles gráficos en una escena de acción, que requiere supervisión adulta.	4
Mensaje muy riesgoso: comentario que normaliza hacer daño grave para ganar respeto; evita detalles gráficos, pero glorifica daño grave.	5
Texto con riesgo bajo-medio: escena de empujones en un juego físico supervisado, presentado sin daño explícito.	2
El mensaje contiene broma ruda entre amigos que no pasa a mayores en un clip de internet, pero se mantiene en un nivel leve.	1
Contenido de riesgo alto: comentario que usa intimidación para provocar miedo en un montaje dramático, con glorificación de daño.	4
Mensaje problemático por mensaje que trata los golpes como entretenimiento; describe violencia a alto nivel, sin detalles gráficos.	3
Comentario de riesgo 5 porque incluye mensaje que trata la violencia extrema como espectáculo en una historia corta, no apto para niños pequeños.	5
Comentario no recomendado para menores: mensaje que glorifica una pelea fuerte y humillante, con tono de amenaza o intimidación.	4
El texto menciona comentario que minimiza una pelea real entre adolescentes en una publicación de fans; no es apto para niños sin supervisión.	3
Mensaje muy riesgoso: texto que amenaza con consecuencias violentas graves; evita detalles gráficos, pero glorifica daño grave.	5
Mensaje muy riesgoso: mensaje que presenta la crueldad como algo aceptable; evita detalles gráficos, pero glorifica daño grave.	5
Mensaje muy riesgoso: comentario que elogia a figuras criminales violentas; evita detalles gráficos, pero glorifica daño grave.	5
Comentario de riesgo 5 porque incluye mensaje que presenta la crueldad como algo aceptable en un clip de internet, con tono agresivo.	5
El mensaje usa mensaje que glorifica una pelea fuerte y humillante como forma de presión o miedo; no es adecuado para niños.	4
Comentario con discusión leve entre personajes sin insultos fuertes; puede ser poco amable, pero no llega a violencia real.	1
Texto con violencia moderada: mensaje que describe una persecución agresiva sin detalles explícitos, sin detalles explícitos.	3
Mensaje muy riesgoso: comentario que elogia a figuras criminales violentas; evita detalles gráficos, pero glorifica daño grave.	5
Contenido de riesgo alto: comentario que amenaza con hacer daño a otra persona sin dar instrucciones en un montaje dramático, con glorificación de daño.	4
Texto con violencia moderada: comentario que minimiza una pelea real entre adolescentes, no apto para niños pequeños.	3
El mensaje contiene comentario con tono molesto pero sin amenazas en un fragmento de película, pero se mantiene en un nivel leve.	1
Texto apto para menores sobre mensaje respetuoso en un video de ciencia para niños; no contiene agresión ni intimidación.	0
El contenido menciona persecución ficticia sin daño real; requiere contexto, aunque no da instrucciones ni detalles gráficos.	2
Comentario de riesgo medio: mensaje que trata los golpes como entretenimiento, con normalización de una conducta agresiva.	3
Mensaje de alto riesgo: mensaje que se burla de una víctima después de una agresión en un clip de internet, con lenguaje de conflicto.	4
El contenido presenta video donde se normaliza resolver conflictos con golpes en un montaje dramático, lo cual puede ser inadecuado para menores.	3
Texto no apto para niños ni adolescentes: texto que promueve miedo, control e intimidación como poder, con normalización de violencia extrema.	5
Texto no apto para niños ni adolescentes: comentario que elogia a figuras criminales violentas, con normalización de violencia extrema.	5
El mensaje es seguro: trata de mensaje familiar sobre un cuento animado y mantiene un tono respetuoso.	0
Mensaje muy riesgoso: texto que amenaza con consecuencias violentas graves; evita detalles gráficos, pero glorifica daño grave.	5
El mensaje presenta comentario que normaliza hacer daño grave para ganar respeto como algo aceptable o admirable; es altamente inadecuado para menores.	5
Comentario de riesgo 5 porque incluye mensaje que romantiza el crimen violento y sus consecuencias en un video de reacción, que puede asustar a menores.	5
El contenido presenta video donde se normaliza resolver conflictos con golpes en un video viral, lo cual puede ser inadecuado para menores.	3
Comentario no recomendado para menores: mensaje que se burla de una víctima después de una agresión, con tono de amenaza o intimidación.	4
Mensaje con caída cómica sobre colchoneta sin consecuencias en un clip de internet, tratado como ficción o actividad controlada.	2
de valientes está lleno el panteón estos son valientes no pensativos 😅😅😅	5
El mensaje presenta texto que celebra una agresión extrema sin detalles explícitos como algo aceptable o admirable; es altamente inadecuado para menores.	5
Mensaje de alto riesgo: texto que presume participar en actos agresivos en un foro de adolescentes, con tono agresivo.	4
Comentario con intercambio tenso que termina en disculpa; puede ser poco amable, pero no llega a violencia real.	1
En este juego, o ganas o te entierran. Amado Carrillo Fuentes	5
Mensaje con conflicto menor: intercambio tenso que termina en disculpa, sin contenido gráfico.	1
El contenido menciona persecución ficticia sin daño real; requiere contexto, aunque no da instrucciones ni detalles gráficos.	2
Contenido de riesgo alto: comentario que invita a responder a los problemas con violencia en un foro de adolescentes, con glorificación de daño.	4
Comentario sin riesgo: habla de mensaje respetuoso en un video de ciencia para niños, sin violencia ni amenazas.	0
Comentario de riesgo 5 porque incluye comentario que normaliza hacer daño grave para ganar respeto en una publicación de fans, con tono intimidante.	5
El texto menciona video donde se normaliza resolver conflictos con golpes en un relato ficticio; no es apto para niños sin supervisión.	3
El contenido presenta comentario que alienta una revancha física sin explicar cómo en un foro de adolescentes, lo cual puede ser inadecuado para menores.	3
Contenido de riesgo alto: comentario que usa intimidación para provocar miedo en un video de barrio, con glorificación de daño.	4
Contenido de riesgo máximo: texto que celebra una agresión extrema sin detalles explícitos en un relato ficticio, claramente no apto para menores.	5
El mensaje presenta texto que celebra una agresión extrema sin detalles explícitos como algo aceptable o admirable; es altamente inadecuado para menores.	5
El contenido presenta video con intimidación y contacto violento descrito a alto nivel en un video de reacción, lo cual puede ser inadecuado para menores.	3
Mensaje con caída cómica sobre colchoneta sin consecuencias en un fragmento de película, tratado como ficción o actividad controlada.	2
El texto menciona comentario que celebra una discusión que se vuelve física en un foro de adolescentes; no es apto para niños sin supervisión.	3
El contenido menciona pelea leve de caricatura sin heridas ni miedo intenso; requiere contexto, aunque no da instrucciones ni detalles gráficos.	2
El mensaje usa texto que justifica golpear a alguien por una discusión como forma de presión o miedo; no es adecuado para niños.	4
Comentario de riesgo 5 porque incluye comentario que normaliza hacer daño grave para ganar respeto en un video viral, que puede asustar a menores.	5
Contenido de riesgo alto: mensaje que normaliza la venganza violenta en un fragmento de película, con glorificación de daño.	4
Texto con riesgo bajo-medio: persecución ficticia sin daño real, presentado sin daño explícito.	2
todos rorren wey nadie está tontos para quedarse quieto en un topo, asta los de ( FM,CDN,CJNG) todos	5
Comentario de riesgo 5 porque incluye texto que promueve miedo, control e intimidación como poder en una discusión grabada, que requiere supervisión adulta.	5
El contenido presenta comentario que minimiza una pelea real entre adolescentes en una escena de acción, lo cual puede ser inadecuado para menores.	3
Comentario no recomendado para menores: texto que presume participar en actos agresivos, con tono de amenaza o intimidación.	4
Contenido de riesgo máximo: mensaje que romantiza el crimen violento y sus consecuencias en un video de barrio, claramente no apto para menores.	5
Mensaje con escena de choque leve presentada como comedia en un clip de internet, tratado como ficción o actividad controlada.	2
El texto menciona escena donde varios personajes se enfrentan físicamente en una escena de acción; no es apto para niños sin supervisión.	3
Mensaje de alto riesgo: texto que celebra que alguien termine lastimado, sin detalles gráficos en una historia corta, descrito de forma general.	4
Mensaje con pelea leve de caricatura sin heridas ni miedo intenso en un clip de internet, tratado como ficción o actividad controlada.	2
Texto de bajo riesgo: aparece discusión leve entre personajes sin insultos fuertes, sin amenazas ni daño físico.	1
Mensaje muy riesgoso: comentario que celebra daño severo hacia otra persona sin describirlo gráficamente; evita detalles gráficos, pero glorifica daño grave.	5
Comentario no recomendado para menores: comentario que amenaza con hacer daño a otra persona sin dar instrucciones, con tono de amenaza o intimidación.	4
Comentario sobre juego de batalla con accesorios de espuma; puede no ser ideal para niños pequeños, pero no es extremo.	2
Mensaje de alto riesgo: comentario que invita a responder a los problemas con violencia en una discusión grabada, no apto para niños pequeños.	4
El mensaje presenta comentario que elogia a figuras criminales violentas como algo aceptable o admirable; es altamente inadecuado para menores.	5
Comentario no recomendado para menores: mensaje que se burla de una víctima después de una agresión, con tono de amenaza o intimidación.	4
Comentario de riesgo 5 porque incluye texto que celebra una agresión extrema sin detalles explícitos en un video viral, no apto para niños pequeños.	5
Comentario de riesgo 5 porque incluye mensaje que presenta la crueldad como algo aceptable en un relato ficticio, descrito de forma general.	5
El mensaje contiene intercambio tenso que termina en disculpa en un fragmento de película, pero se mantiene en un nivel leve.	1
Contenido de riesgo máximo: comentario que normaliza hacer daño grave para ganar respeto en un clip de internet, claramente no apto para menores.	5
El mensaje presenta mensaje que presenta la crueldad como algo aceptable como algo aceptable o admirable; es altamente inadecuado para menores.	5
Puro Mayito Flaco	5
Contenido de riesgo alto: texto que presume participar en actos agresivos en un video de barrio, con glorificación de daño.	4
Comentario no recomendado para menores: comentario que usa intimidación para provocar miedo, con tono de amenaza o intimidación.	4
El contenido menciona pelea leve de caricatura sin heridas ni miedo intenso; requiere contexto, aunque no da instrucciones ni detalles gráficos.	2
Comentario de riesgo medio: comentario que celebra una discusión que se vuelve física, con normalización de una conducta agresiva.	3
Comentario positivo de mensaje familiar sobre un cuento animado; es adecuado para un entorno infantil.	0
Mensaje muy riesgoso: comentario que celebra daño severo hacia otra persona sin describirlo gráficamente; evita detalles gráficos, pero glorifica daño grave.	5
Contenido de riesgo máximo: mensaje que presenta la crueldad como algo aceptable en un comentario de redes, claramente no apto para menores.	5
Mensaje con caída cómica sobre colchoneta sin consecuencias en un foro de adolescentes, tratado como ficción o actividad controlada.	2
Comentario con desafío verbal algo brusco pero sin violencia; puede ser poco amable, pero no llega a violencia real.	1
El mensaje usa comentario que amenaza con hacer daño a otra persona sin dar instrucciones como forma de presión o miedo; no es adecuado para niños.	4
El mensaje usa texto que presume participar en actos agresivos como forma de presión o miedo; no es adecuado para niños.	4
Comentario de riesgo 5 porque incluye comentario que elogia a figuras criminales violentas en una animación oscura, no apto para niños pequeños.	5
El mensaje usa mensaje que glorifica una pelea fuerte y humillante como forma de presión o miedo; no es adecuado para niños.	4
El texto muestra intercambio tenso que termina en disculpa en una discusión grabada, con tono molesto pero controlado.	1
Comentario de riesgo 5 porque incluye texto que amenaza con consecuencias violentas graves en un montaje dramático, con una situación tensa.	5
Mensaje muy riesgoso: mensaje que glorifica violencia grave y la presenta como admirable; evita detalles gráficos, pero glorifica daño grave.	5
Comentario no recomendado para menores: comentario que presenta el daño físico como algo divertido, con tono de amenaza o intimidación.	4
Comentario de riesgo medio: mensaje que describe una persecución agresiva sin detalles explícitos, con normalización de una conducta agresiva.	3
Mensaje de alto riesgo: mensaje que glorifica una pelea fuerte y humillante en un fragmento de película, presentado como algo normal.	4
El contenido menciona discusión fuerte donde nadie resulta herido; requiere contexto, aunque no da instrucciones ni detalles gráficos.	2
El mensaje usa mensaje que normaliza la venganza violenta como forma de presión o miedo; no es adecuado para niños.	4
El mensaje incluye entrenamiento de artes marciales con protección en una discusión grabada; es acción leve y no gráfica.	2
Mensaje de alto riesgo: mensaje que glorifica una pelea fuerte y humillante en una escena de acción, con enfoque poco saludable.	4
Texto con violencia moderada: comentario que celebra una discusión que se vuelve física, presentado como algo normal.	3
Contenido de riesgo alto: texto que justifica golpear a alguien por una discusión en un relato ficticio, con glorificación de daño.	4
Mensaje tranquilo sobre reacción tranquila a un video de mascotas, con lenguaje amable y familiar.	0
Mensaje muy riesgoso: comentario que celebra daño severo hacia otra persona sin describirlo gráficamente; evita detalles gráficos, pero glorifica daño grave.	5
Comentario sobre discusión fuerte donde nadie resulta herido; puede no ser ideal para niños pequeños, pero no es extremo.	2
Contenido de riesgo máximo: texto que amenaza con consecuencias violentas graves en una publicación de fans, claramente no apto para menores.	5
Mensaje problemático por mensaje que trata los golpes como entretenimiento; describe violencia a alto nivel, sin detalles gráficos.	3
Comentario no recomendado para menores: comentario que presenta el daño físico como algo divertido, con tono de amenaza o intimidación.	4
Contenido de riesgo alto: texto que presume participar en actos agresivos en una animación oscura, con glorificación de daño.	4
El texto muestra discusión leve entre personajes sin insultos fuertes en una discusión grabada, con tono molesto pero controlado.	1
Comentario sobre entrenamiento de artes marciales con protección; puede no ser ideal para niños pequeños, pero no es extremo.	2
El texto menciona video con intimidación y contacto violento descrito a alto nivel en un video de barrio; no es apto para niños sin supervisión.	3
El mensaje usa texto que celebra que alguien termine lastimado, sin detalles gráficos como forma de presión o miedo; no es adecuado para niños.	4
Contenido de riesgo alto: comentario que usa intimidación para provocar miedo en un video de reacción, con glorificación de daño.	4
Texto con riesgo bajo-medio: discusión fuerte donde nadie resulta herido, presentado sin daño explícito.	2
Comentario de riesgo 5 porque incluye comentario que normaliza hacer daño grave para ganar respeto en un foro de adolescentes, con lenguaje de conflicto.	5
Texto no apto para niños ni adolescentes: texto que celebra una agresión extrema sin detalles explícitos, con normalización de violencia extrema.	5
Comentario de riesgo medio: pelea callejera mencionada de forma general sin detalles gráficos, con normalización de una conducta agresiva.	3
El mensaje incluye video de acción con golpes simulados y tono ficticio en un comentario de redes; es acción leve y no gráfica.	2
Contenido de riesgo máximo: texto que promueve miedo, control e intimidación como poder en un foro de adolescentes, claramente no apto para menores.	5
El mensaje usa texto que justifica golpear a alguien por una discusión como forma de presión o miedo; no es adecuado para niños.	4
Contenido de riesgo alto: comentario que usa intimidación para provocar miedo en un clip de internet, con glorificación de daño.	4
Contenido de riesgo máximo: texto que celebra una agresión extrema sin detalles explícitos en un comentario de redes, claramente no apto para menores.	5
El mensaje usa comentario que presenta el daño físico como algo divertido como forma de presión o miedo; no es adecuado para niños.	4
Mensaje con juego de batalla con accesorios de espuma en una escena de acción, tratado como ficción o actividad controlada.	2
Comentario de riesgo 5 porque incluye texto que celebra una agresión extrema sin detalles explícitos en una escena de acción, con enfoque poco saludable.	5
El texto menciona mensaje que trata los golpes como entretenimiento en un video de barrio; no es apto para niños sin supervisión.	3
El mensaje incluye competencia deportiva con contacto controlado en un montaje dramático; es acción leve y no gráfica.	2
Mensaje tranquilo sobre comentario amable sobre una canción infantil, con lenguaje amable y familiar.	0
Mensaje tranquilo sobre comentario positivo sobre un juego de mesa, con lenguaje amable y familiar.	0
Texto no apto para niños ni adolescentes: comentario que celebra daño severo hacia otra persona sin describirlo gráficamente, con normalización de violencia extrema.	5
Comentario de riesgo medio: video con intimidación y contacto violento descrito a alto nivel, con normalización de una conducta agresiva.	3
El mensaje presenta comentario que celebra daño severo hacia otra persona sin describirlo gráficamente como algo aceptable o admirable; es altamente inadecuado para menores.	5
El texto menciona mensaje que describe una persecución agresiva sin detalles explícitos en una transmisión en vivo; no es apto para niños sin supervisión.	3
El contenido menciona entrenamiento de artes marciales con protección; requiere contexto, aunque no da instrucciones ni detalles gráficos.	2
El mensaje presenta comentario que normaliza hacer daño grave para ganar respeto como algo aceptable o admirable; es altamente inadecuado para menores.	5
El contenido presenta escena donde varios personajes se enfrentan físicamente en un montaje dramático, lo cual puede ser inadecuado para menores.	3
El mensaje presenta comentario que normaliza hacer daño grave para ganar respeto como algo aceptable o admirable; es altamente inadecuado para menores.	5
Mensaje con entrenamiento de artes marciales con protección en una animación oscura, tratado como ficción o actividad controlada.	2
Contenido de riesgo alto: mensaje que normaliza la venganza violenta en una historia corta, con glorificación de daño.	4
El mensaje usa comentario que invita a responder a los problemas con violencia como forma de presión o miedo; no es adecuado para niños.	4
El mensaje incluye escena de choque leve presentada como comedia en un relato ficticio; es acción leve y no gráfica.	2
El mensaje usa mensaje que se burla de una víctima después de una agresión como forma de presión o miedo; no es adecuado para niños.	4
El mensaje es seguro: trata de opinión neutral sobre una receta sencilla y mantiene un tono respetuoso.	0
Mensaje de alto riesgo: texto que justifica golpear a alguien por una discusión en una historia corta, con tono agresivo.	4
Comentario de riesgo medio: escena donde varios personajes se enfrentan físicamente, con normalización de una conducta agresiva.	3
Contenido de riesgo alto: texto que presume participar en actos agresivos en un relato ficticio, con glorificación de daño.	4
Comentario de riesgo medio: comentario que minimiza una pelea real entre adolescentes, con normalización de una conducta agresiva.	3
Mensaje problemático por escena donde varios personajes se enfrentan físicamente; describe violencia a alto nivel, sin detalles gráficos.	3
El mensaje contiene desafío verbal algo brusco pero sin violencia en un video viral, pero se mantiene en un nivel leve.	1
Mensaje de alto riesgo: texto que justifica golpear a alguien por una discusión en un montaje dramático, con enfoque poco saludable.	4
Contenido de riesgo alto: mensaje que normaliza la venganza violenta en una animación oscura, con glorificación de daño.	4
El mensaje presenta texto que promueve miedo, control e intimidación como poder como algo aceptable o admirable; es altamente inadecuado para menores.	5
Comentario no recomendado para menores: mensaje que se burla de una víctima después de una agresión, con tono de amenaza o intimidación.	4
El mensaje contiene intercambio tenso que termina en disculpa en un foro de adolescentes, pero se mantiene en un nivel leve.	1
Comentario no recomendado para menores: mensaje que se burla de una víctima después de una agresión, con tono de amenaza o intimidación.	4
El mensaje presenta texto que celebra una agresión extrema sin detalles explícitos como algo aceptable o admirable; es altamente inadecuado para menores.	5
El texto menciona mensaje que presenta la agresión como forma de ganar respeto en un video de reacción; no es apto para niños sin supervisión.	3
Comentario sin riesgo: habla de comentario sobre un video educativo sin lenguaje agresivo, sin violencia ni amenazas.	0
Contenido de riesgo máximo: comentario que normaliza hacer daño grave para ganar respeto en una escena de acción, claramente no apto para menores.	5
El contenido presenta pelea callejera mencionada de forma general sin detalles gráficos en un clip de internet, lo cual puede ser inadecuado para menores.	3
Comentario sobre video de acción con golpes simulados y tono ficticio; puede no ser ideal para niños pequeños, pero no es extremo.	2
Mensaje con juego de batalla con accesorios de espuma en una historia corta, tratado como ficción o actividad controlada.	2
El mensaje presenta texto que celebra una agresión extrema sin detalles explícitos como algo aceptable o admirable; es altamente inadecuado para menores.	5
El contenido menciona escena de empujones en un juego físico supervisado; requiere contexto, aunque no da instrucciones ni detalles gráficos.	2
Mensaje de alto riesgo: comentario que presenta el daño físico como algo divertido en una discusión grabada, con lenguaje de conflicto.	4
Texto apto para menores sobre opinión neutral sobre una receta sencilla; no contiene agresión ni intimidación.	0
El mensaje usa mensaje que normaliza la venganza violenta como forma de presión o miedo; no es adecuado para niños.	4
Comentario no recomendado para menores: comentario que usa intimidación para provocar miedo, con tono de amenaza o intimidación.	4
Texto no apto para niños ni adolescentes: texto que celebra una agresión extrema sin detalles explícitos, con normalización de violencia extrema.	5
Contenido de riesgo máximo: comentario que celebra daño severo hacia otra persona sin describirlo gráficamente en un montaje dramático, claramente no apto para menores.	5
El contenido menciona juego de batalla con accesorios de espuma; requiere contexto, aunque no da instrucciones ni detalles gráficos.	2
Mensaje con conflicto menor: frase competitiva con enojo leve, sin contenido gráfico.	1
Texto con riesgo bajo-medio: discusión fuerte donde nadie resulta herido, presentado sin daño explícito.	2
Comentario sobre entrenamiento de artes marciales con protección; puede no ser ideal para niños pequeños, pero no es extremo.	2
Mensaje muy riesgoso: mensaje que romantiza el crimen violento y sus consecuencias; evita detalles gráficos, pero glorifica daño grave.	5
El mensaje incluye persecución ficticia sin daño real en un clip de internet; es acción leve y no gráfica.	2
Contenido de riesgo máximo: texto que amenaza con consecuencias violentas graves en un video de reacción, claramente no apto para menores.	5
El texto muestra frase competitiva con enojo leve en un relato ficticio, con tono molesto pero controlado.	1
Texto con riesgo bajo-medio: video de acción con golpes simulados y tono ficticio, presentado sin daño explícito.	2
El mensaje usa comentario que usa intimidación para provocar miedo como forma de presión o miedo; no es adecuado para niños.	4
El texto menciona video con intimidación y contacto violento descrito a alto nivel en un comentario de redes; no es apto para niños sin supervisión.	3
Mensaje de alto riesgo: comentario que amenaza con hacer daño a otra persona sin dar instrucciones en una publicación de fans, con tono intimidante.	4
El mensaje usa texto que presume participar en actos agresivos como forma de presión o miedo; no es adecuado para niños.	4
Mensaje problemático por video con intimidación y contacto violento descrito a alto nivel; describe violencia a alto nivel, sin detalles gráficos.	3
Comentario de riesgo 5 porque incluye texto que celebra una agresión extrema sin detalles explícitos en una publicación de fans, que requiere supervisión adulta.	5
Mensaje muy riesgoso: comentario que elogia a figuras criminales violentas; evita detalles gráficos, pero glorifica daño grave.	5
El texto muestra desafío verbal algo brusco pero sin violencia en un fragmento de película, con tono molesto pero controlado.	1
Texto preocupante porque incluye comentario que presenta el daño físico como algo divertido; no contiene instrucciones, pero sí normaliza violencia.	4
Mensaje muy riesgoso: texto que amenaza con consecuencias violentas graves; evita detalles gráficos, pero glorifica daño grave.	5
Comentario de riesgo 5 porque incluye mensaje que romantiza el crimen violento y sus consecuencias en una historia corta, descrito de forma general.	5
Contenido de riesgo máximo: mensaje que presenta la crueldad como algo aceptable en una historia corta, claramente no apto para menores.	5
El mensaje presenta texto que promueve miedo, control e intimidación como poder como algo aceptable o admirable; es altamente inadecuado para menores.	5
El contenido presenta pelea callejera mencionada de forma general sin detalles gráficos en un video viral, lo cual puede ser inadecuado para menores.	3
El contenido menciona juego de batalla con accesorios de espuma; requiere contexto, aunque no da instrucciones ni detalles gráficos.	2
Mensaje de alto riesgo: comentario que usa intimidación para provocar miedo en una transmisión en vivo, descrito de forma general.	4
Texto preocupante porque incluye mensaje que normaliza la venganza violenta; no contiene instrucciones, pero sí normaliza violencia.	4
Texto preocupante porque incluye mensaje que normaliza la venganza violenta; no contiene instrucciones, pero sí normaliza violencia.	4
El contenido presenta mensaje que presenta la agresión como forma de ganar respeto en una transmisión en vivo, lo cual puede ser inadecuado para menores.	3
Mensaje problemático por video donde se normaliza resolver conflictos con golpes; describe violencia a alto nivel, sin detalles gráficos.	3
Mensaje problemático por comentario que alienta una revancha física sin explicar cómo; describe violencia a alto nivel, sin detalles gráficos.	3
Mensaje muy riesgoso: texto que amenaza con consecuencias violentas graves; evita detalles gráficos, pero glorifica daño grave.	5
Puedes conseguir mucho más con una palabra amable y una pistola que con una sola palabra amable. Al Capone	5
El mensaje presenta mensaje que romantiza el crimen violento y sus consecuencias como algo aceptable o admirable; es altamente inadecuado para menores.	5
Mensaje muy riesgoso: mensaje que glorifica violencia grave y la presenta como admirable; evita detalles gráficos, pero glorifica daño grave.	5
Mensaje de alto riesgo: comentario que invita a responder a los problemas con violencia en una animación oscura, descrito de forma general.	4
Mensaje con conflicto menor: frase competitiva con enojo leve, sin contenido gráfico.	1
Comentario no recomendado para menores: texto que justifica golpear a alguien por una discusión, con tono de amenaza o intimidación.	4
Contenido de riesgo alto: comentario que invita a responder a los problemas con violencia en un video viral, con glorificación de daño.	4
Mensaje problemático por video donde se normaliza resolver conflictos con golpes; describe violencia a alto nivel, sin detalles gráficos.	3
El contenido presenta video donde se normaliza resolver conflictos con golpes en un video viral, lo cual puede ser inadecuado para menores.	3
Comentario con broma ruda entre amigos que no pasa a mayores; puede ser poco amable, pero no llega a violencia real.	1
Texto con violencia moderada: mensaje que presenta la agresión como forma de ganar respeto, no apto para niños pequeños.	3
Contenido de riesgo máximo: texto que promueve miedo, control e intimidación como poder en un comentario de redes, claramente no apto para menores.	5
El mensaje usa mensaje que normaliza la venganza violenta como forma de presión o miedo; no es adecuado para niños.	4
con drones puedes mijo aki puras 4	5
Comentario no recomendado para menores: mensaje que normaliza la venganza violenta, con tono de amenaza o intimidación.	4
Mensaje tranquilo sobre comentario amable sobre una canción infantil, con lenguaje amable y familiar.	0
Mensaje de alto riesgo: comentario que usa intimidación para provocar miedo en un video de barrio, sin detalles explícitos.	4
El mensaje presenta comentario que celebra daño severo hacia otra persona sin describirlo gráficamente como algo aceptable o admirable; es altamente inadecuado para menores.	5
El mensaje es seguro: trata de reacción alegre a un video de baile y mantiene un tono respetuoso.	0
Comentario no recomendado para menores: texto que celebra que alguien termine lastimado, sin detalles gráficos, con tono de amenaza o intimidación.	4
Comentario de riesgo 5 porque incluye comentario que elogia a figuras criminales violentas en un video viral, no apto para niños pequeños.	5
El mensaje incluye entrenamiento de artes marciales con protección en un comentario de redes; es acción leve y no gráfica.	2
Texto preocupante porque incluye mensaje que glorifica una pelea fuerte y humillante; no contiene instrucciones, pero sí normaliza violencia.	4
Contenido de riesgo alto: comentario que amenaza con hacer daño a otra persona sin dar instrucciones en un comentario de redes, con glorificación de daño.	4
El mensaje presenta mensaje que presenta la crueldad como algo aceptable como algo aceptable o admirable; es altamente inadecuado para menores.	5
Mensaje de alto riesgo: mensaje que se burla de una víctima después de una agresión en una transmisión en vivo, con lenguaje de conflicto.	4
El consumo limitado de cocaína en México va a cambiar, Turco. Por ejemplo... los altos mandos, los políticos, los cantantes, los artistas, todas las personas que tengan billete van a tener acceso a la cocaína de alta pureza, señores. Y a los de menos poder adquisitivo, a esos les vamos a dar cocaína de menor pureza, con más corte, más adulterada para que cueste menos y tenga más acceso a los barrios bajos. Chapo Guzmán	5
Comentario sin riesgo: habla de comentario sano sobre un reto sin peligro, sin violencia ni amenazas.	0
El mensaje usa comentario que invita a responder a los problemas con violencia como forma de presión o miedo; no es adecuado para niños.	4
Texto preocupante porque incluye comentario que amenaza con hacer daño a otra persona sin dar instrucciones; no contiene instrucciones, pero sí normaliza violencia.	4
El mensaje contiene discusión leve entre personajes sin insultos fuertes en un foro de adolescentes, pero se mantiene en un nivel leve.	1
Mensaje muy riesgoso: comentario que normaliza hacer daño grave para ganar respeto; evita detalles gráficos, pero glorifica daño grave.	5
Comentario sobre video de acción con golpes simulados y tono ficticio; puede no ser ideal para niños pequeños, pero no es extremo.	2
Contenido de riesgo máximo: comentario que normaliza hacer daño grave para ganar respeto en una transmisión en vivo, claramente no apto para menores.	5
Comentario no recomendado para menores: texto que justifica golpear a alguien por una discusión, con tono de amenaza o intimidación.	4
Contenido de riesgo máximo: mensaje que presenta la crueldad como algo aceptable en un foro de adolescentes, claramente no apto para menores.	5
Comentario positivo de opinión positiva sobre una manualidad familiar; es adecuado para un entorno infantil.	0
El texto menciona mensaje que trata los golpes como entretenimiento en una historia corta; no es apto para niños sin supervisión.	3
Comentario sin riesgo: habla de comentario sobre un video educativo sin lenguaje agresivo, sin violencia ni amenazas.	0
Mensaje con persecución ficticia sin daño real en un montaje dramático, tratado como ficción o actividad controlada.	2
Texto con violencia moderada: mensaje que describe una persecución agresiva sin detalles explícitos, no apto para niños pequeños.	3
Mensaje de alto riesgo: mensaje que se burla de una víctima después de una agresión en una transmisión en vivo, no apto para niños pequeños.	4
El mensaje usa comentario que presenta el daño físico como algo divertido como forma de presión o miedo; no es adecuado para niños.	4
El mensaje usa texto que presume participar en actos agresivos como forma de presión o miedo; no es adecuado para niños.	4
Texto preocupante porque incluye texto que justifica golpear a alguien por una discusión; no contiene instrucciones, pero sí normaliza violencia.	4
El narcotráfico ya forma parte de una cultura que se originó a partir de los antepasados. Y no sólo en México, sino en todo el mundo. Chapo Guzmán	5
Mensaje muy riesgoso: texto que amenaza con consecuencias violentas graves; evita detalles gráficos, pero glorifica daño grave.	5
El mensaje usa mensaje que se burla de una víctima después de una agresión como forma de presión o miedo; no es adecuado para niños.	4
Mensaje con conflicto menor: escena de empujón accidental tratada como humor, sin contenido gráfico.	1
El contenido menciona persecución ficticia sin daño real; requiere contexto, aunque no da instrucciones ni detalles gráficos.	2
El contenido menciona escena de choque leve presentada como comedia; requiere contexto, aunque no da instrucciones ni detalles gráficos.	2
Contenido de riesgo máximo: mensaje que trata la violencia extrema como espectáculo en una publicación de fans, claramente no apto para menores.	5
Comentario de riesgo medio: comentario que minimiza una pelea real entre adolescentes, con normalización de una conducta agresiva.	3
El mensaje presenta mensaje que trata la violencia extrema como espectáculo como algo aceptable o admirable; es altamente inadecuado para menores.	5
Comentario sin riesgo: habla de opinión neutral sobre una receta sencilla, sin violencia ni amenazas.	0
El texto menciona comentario que celebra una discusión que se vuelve física en un clip de internet; no es apto para niños sin supervisión.	3
Mensaje de alto riesgo: mensaje que glorifica una pelea fuerte y humillante en una animación oscura, con tono agresivo.	4
El texto muestra reacción impulsiva ante una derrota en una discusión grabada, con tono molesto pero controlado.	1
Mensaje de alto riesgo: mensaje que se burla de una víctima después de una agresión en una publicación de fans, con enfoque poco saludable.	4
Texto con riesgo bajo-medio: persecución ficticia sin daño real, presentado sin daño explícito.	2
Comentario de riesgo 5 porque incluye mensaje que glorifica violencia grave y la presenta como admirable en una transmisión en vivo, descrito de forma general.	5
Mensaje de alto riesgo: texto que celebra que alguien termine lastimado, sin detalles gráficos en una transmisión en vivo, que requiere supervisión adulta.	4
Comentario con broma ruda entre amigos que no pasa a mayores; puede ser poco amable, pero no llega a violencia real.	1
Comentario sobre persecución ficticia sin daño real; puede no ser ideal para niños pequeños, pero no es extremo.	2
Texto con riesgo bajo-medio: escena de empujones en un juego físico supervisado, presentado sin daño explícito.	2
Mensaje con conflicto menor: intercambio tenso que termina en disculpa, sin contenido gráfico.	1
Mensaje problemático por pelea callejera mencionada de forma general sin detalles gráficos; describe violencia a alto nivel, sin detalles gráficos.	3
Comentario no recomendado para menores: texto que celebra que alguien termine lastimado, sin detalles gráficos, con tono de amenaza o intimidación.	4
El mensaje usa comentario que amenaza con hacer daño a otra persona sin dar instrucciones como forma de presión o miedo; no es adecuado para niños.	4
En parte es porque ya algunas personas crecen con problemas y ya alguna envidia o alguna información que den en contra de la persona. Eso es lo que cría violencia. Chapo Guzmán	5
Mensaje muy riesgoso: mensaje que trata la violencia extrema como espectáculo; evita detalles gráficos, pero glorifica daño grave.	5
Texto apto para menores sobre opinión positiva sobre una manualidad familiar; no contiene agresión ni intimidación.	0
Texto no apto para niños ni adolescentes: texto que promueve miedo, control e intimidación como poder, con normalización de violencia extrema.	5
Texto no apto para niños ni adolescentes: texto que amenaza con consecuencias violentas graves, con normalización de violencia extrema.	5
El contenido presenta video donde se normaliza resolver conflictos con golpes en un relato ficticio, lo cual puede ser inadecuado para menores.	3
Mensaje problemático por video donde se normaliza resolver conflictos con golpes; describe violencia a alto nivel, sin detalles gráficos.	3
Mensaje con pelea leve de caricatura sin heridas ni miedo intenso en una historia corta, tratado como ficción o actividad controlada.	2
El contenido presenta comentario que alienta una revancha física sin explicar cómo en una publicación de fans, lo cual puede ser inadecuado para menores.	3
El mensaje es seguro: trata de comentario positivo sobre un juego de mesa y mantiene un tono respetuoso.	0
El mensaje presenta texto que promueve miedo, control e intimidación como poder como algo aceptable o admirable; es altamente inadecuado para menores.	5
Comentario de riesgo medio: comentario que minimiza una pelea real entre adolescentes, con normalización de una conducta agresiva.	3
Texto preocupante porque incluye comentario que invita a responder a los problemas con violencia; no contiene instrucciones, pero sí normaliza violencia.	4
Contenido de riesgo máximo: comentario que celebra daño severo hacia otra persona sin describirlo gráficamente en un relato ficticio, claramente no apto para menores.	5
Mensaje problemático por escena donde varios personajes se enfrentan físicamente; describe violencia a alto nivel, sin detalles gráficos.	3
Mensaje muy riesgoso: texto que celebra una agresión extrema sin detalles explícitos; evita detalles gráficos, pero glorifica daño grave.	5
Mensaje con persecución ficticia sin daño real en una historia corta, tratado como ficción o actividad controlada.	2
Mensaje tranquilo sobre opinión positiva sobre una manualidad familiar, con lenguaje amable y familiar.	0
El texto muestra escena de empujón accidental tratada como humor en un relato ficticio, con tono molesto pero controlado.	1
Contenido de riesgo máximo: comentario que normaliza hacer daño grave para ganar respeto en un fragmento de película, claramente no apto para menores.	5
Comentario no recomendado para menores: comentario que invita a responder a los problemas con violencia, con tono de amenaza o intimidación.	4
Mensaje con entrenamiento de artes marciales con protección en un montaje dramático, tratado como ficción o actividad controlada.	2
Texto de bajo riesgo: aparece comentario con tono molesto pero sin amenazas, sin amenazas ni daño físico.	1
Si yo soy 'El Señor de los Cielos', entonces tu hermano sería 'El Señor de los Túneles'. No se hacen tantos agujeros en muchos kilómetros de distancia por la frontera, sin tener a alguien que se haga de la vista gorda, por favor. Amado Carrillo Fuentes	5
Contenido de riesgo alto: texto que celebra que alguien termine lastimado, sin detalles gráficos en un video de barrio, con glorificación de daño.	4
Comentario no recomendado para menores: comentario que amenaza con hacer daño a otra persona sin dar instrucciones, con tono de amenaza o intimidación.	4
Contenido de riesgo máximo: texto que amenaza con consecuencias violentas graves en una historia corta, claramente no apto para menores.	5
Contenido de riesgo máximo: mensaje que presenta la crueldad como algo aceptable en una escena de acción, claramente no apto para menores.	5
Mensaje muy riesgoso: comentario que celebra daño severo hacia otra persona sin describirlo gráficamente; evita detalles gráficos, pero glorifica daño grave.	5
Texto con violencia moderada: mensaje que trata los golpes como entretenimiento, con una situación tensa.	3
Comentario de riesgo 5 porque incluye mensaje que presenta la crueldad como algo aceptable en una transmisión en vivo, con una idea negativa para menores.	5
Texto preocupante porque incluye mensaje que se burla de una víctima después de una agresión; no contiene instrucciones, pero sí normaliza violencia.	4
Texto con violencia moderada: mensaje que describe una persecución agresiva sin detalles explícitos, con tono intimidante.	3
El mensaje presenta comentario que celebra daño severo hacia otra persona sin describirlo gráficamente como algo aceptable o admirable; es altamente inadecuado para menores.	5
Mensaje con caída cómica sobre colchoneta sin consecuencias en un relato ficticio, tratado como ficción o actividad controlada.	2
Texto de bajo riesgo: aparece discusión leve entre personajes sin insultos fuertes, sin amenazas ni daño físico.	1
Contenido de riesgo alto: mensaje que normaliza la venganza violenta en un video de reacción, con glorificación de daño.	4
Texto no apto para niños ni adolescentes: comentario que celebra daño severo hacia otra persona sin describirlo gráficamente, con normalización de violencia extrema.	5
Contenido de riesgo alto: mensaje que glorifica una pelea fuerte y humillante en un foro de adolescentes, con glorificación de daño.	4
El mensaje usa texto que celebra que alguien termine lastimado, sin detalles gráficos como forma de presión o miedo; no es adecuado para niños.	4
El mensaje usa texto que presume participar en actos agresivos como forma de presión o miedo; no es adecuado para niños.	4
Mensaje muy riesgoso: comentario que elogia a figuras criminales violentas; evita detalles gráficos, pero glorifica daño grave.	5
Contenido de riesgo máximo: comentario que normaliza hacer daño grave para ganar respeto en un video de reacción, claramente no apto para menores.	5
El mensaje usa comentario que usa intimidación para provocar miedo como forma de presión o miedo; no es adecuado para niños.	4
Texto no apto para niños ni adolescentes: mensaje que presenta la crueldad como algo aceptable, con normalización de violencia extrema.	5
Comentario no recomendado para menores: comentario que presenta el daño físico como algo divertido, con tono de amenaza o intimidación.	4
Mensaje problemático por comentario que minimiza una pelea real entre adolescentes; describe violencia a alto nivel, sin detalles gráficos.	3
puro CDN la 4 letras corren	5
Mensaje problemático por comentario que celebra una discusión que se vuelve física; describe violencia a alto nivel, sin detalles gráficos.	3
Comentario de riesgo medio: mensaje que trata los golpes como entretenimiento, con normalización de una conducta agresiva.	3
El mensaje presenta mensaje que trata la violencia extrema como espectáculo como algo aceptable o admirable; es altamente inadecuado para menores.	5
Comentario de riesgo medio: pelea callejera mencionada de forma general sin detalles gráficos, con normalización de una conducta agresiva.	3
Mensaje de alto riesgo: mensaje que se burla de una víctima después de una agresión en una discusión grabada, descrito de forma general.	4
Mensaje problemático por mensaje que describe una persecución agresiva sin detalles explícitos; describe violencia a alto nivel, sin detalles gráficos.	3
El mensaje usa texto que presume participar en actos agresivos como forma de presión o miedo; no es adecuado para niños.	4
Comentario no recomendado para menores: comentario que invita a responder a los problemas con violencia, con tono de amenaza o intimidación.	4
El contenido presenta mensaje que presenta la agresión como forma de ganar respeto en un relato ficticio, lo cual puede ser inadecuado para menores.	3
El mensaje usa texto que presume participar en actos agresivos como forma de presión o miedo; no es adecuado para niños.	4
Comentario con broma ruda entre amigos que no pasa a mayores; puede ser poco amable, pero no llega a violencia real.	1
Mensaje de alto riesgo: comentario que invita a responder a los problemas con violencia en un relato ficticio, no apto para niños pequeños.	4
El mensaje usa texto que presume participar en actos agresivos como forma de presión o miedo; no es adecuado para niños.	4
Comentario de riesgo medio: comentario que alienta una revancha física sin explicar cómo, con normalización de una conducta agresiva.	3
Mensaje problemático por pelea callejera mencionada de forma general sin detalles gráficos; describe violencia a alto nivel, sin detalles gráficos.	3
Mensaje de alto riesgo: mensaje que se burla de una víctima después de una agresión en una transmisión en vivo, que requiere supervisión adulta.	4
El mensaje presenta comentario que celebra daño severo hacia otra persona sin describirlo gráficamente como algo aceptable o admirable; es altamente inadecuado para menores.	5
Texto no apto para niños ni adolescentes: comentario que celebra daño severo hacia otra persona sin describirlo gráficamente, con normalización de violencia extrema.	5
Texto preocupante porque incluye texto que celebra que alguien termine lastimado, sin detalles gráficos; no contiene instrucciones, pero sí normaliza violencia.	4
Contenido de riesgo alto: mensaje que glorifica una pelea fuerte y humillante en un foro de adolescentes, con glorificación de daño.	4
Texto no apto para niños ni adolescentes: mensaje que romantiza el crimen violento y sus consecuencias, con normalización de violencia extrema.	5
El mensaje usa mensaje que se burla de una víctima después de una agresión como forma de presión o miedo; no es adecuado para niños.	4
El texto menciona mensaje que presenta la agresión como forma de ganar respeto en una discusión grabada; no es apto para niños sin supervisión.	3
Contenido de riesgo máximo: texto que amenaza con consecuencias violentas graves en un video de barrio, claramente no apto para menores.	5
El mensaje presenta texto que amenaza con consecuencias violentas graves como algo aceptable o admirable; es altamente inadecuado para menores.	5
El mensaje usa comentario que amenaza con hacer daño a otra persona sin dar instrucciones como forma de presión o miedo; no es adecuado para niños.	4
El contenido menciona discusión fuerte donde nadie resulta herido; requiere contexto, aunque no da instrucciones ni detalles gráficos.	2
Texto con violencia moderada: mensaje que describe una persecución agresiva sin detalles explícitos, sin detalles explícitos.	3
Mensaje de alto riesgo: texto que justifica golpear a alguien por una discusión en una animación oscura, no apto para niños pequeños.	4
Comentario no recomendado para menores: comentario que presenta el daño físico como algo divertido, con tono de amenaza o intimidación.	4
Comentario no recomendado para menores: comentario que amenaza con hacer daño a otra persona sin dar instrucciones, con tono de amenaza o intimidación.	4
Comentario no recomendado para menores: texto que presume participar en actos agresivos, con tono de amenaza o intimidación.	4
Comentario positivo de comentario sano sobre un reto sin peligro; es adecuado para un entorno infantil.	0
Nosotros hemos generado la mayor parte de empleo del país. Hemos dado mucho porvenir a Colombia. Gonzalo Rodríguez Gacha	5
Contenido de riesgo alto: comentario que amenaza con hacer daño a otra persona sin dar instrucciones en un montaje dramático, con glorificación de daño.	4
Comentario con discusión leve entre personajes sin insultos fuertes; puede ser poco amable, pero no llega a violencia real.	1
Mensaje problemático por mensaje que trata los golpes como entretenimiento; describe violencia a alto nivel, sin detalles gráficos.	3
El mensaje usa texto que justifica golpear a alguien por una discusión como forma de presión o miedo; no es adecuado para niños.	4
El texto menciona video donde se normaliza resolver conflictos con golpes en un video de reacción; no es apto para niños sin supervisión.	3
Mensaje de alto riesgo: mensaje que normaliza la venganza violenta en una animación oscura, con tono intimidante.	4
Comentario de riesgo medio: comentario que alienta una revancha física sin explicar cómo, con normalización de una conducta agresiva.	3
El mensaje usa comentario que invita a responder a los problemas con violencia como forma de presión o miedo; no es adecuado para niños.	4
Texto apto para menores sobre reacción tranquila a un video de mascotas; no contiene agresión ni intimidación.	0
Contenido de riesgo máximo: mensaje que trata la violencia extrema como espectáculo en un clip de internet, claramente no apto para menores.	5
Mensaje de alto riesgo: texto que celebra que alguien termine lastimado, sin detalles gráficos en un foro de adolescentes, presentado como algo normal.	4
El contenido presenta comentario que minimiza una pelea real entre adolescentes en un video de barrio, lo cual puede ser inadecuado para menores.	3
El mensaje incluye escena de choque leve presentada como comedia en un comentario de redes; es acción leve y no gráfica.	2
Mensaje problemático por video donde se normaliza resolver conflictos con golpes; describe violencia a alto nivel, sin detalles gráficos.	3
Texto con violencia moderada: escena donde varios personajes se enfrentan físicamente, con una idea negativa para menores.	3
Texto no apto para niños ni adolescentes: comentario que celebra daño severo hacia otra persona sin describirlo gráficamente, con normalización de violencia extrema.	5
Comentario de riesgo 5 porque incluye comentario que celebra daño severo hacia otra persona sin describirlo gráficamente en un video de reacción, con una situación tensa.	5
El contenido presenta pelea callejera mencionada de forma general sin detalles gráficos en un video de reacción, lo cual puede ser inadecuado para menores.	3
Mensaje con conflicto menor: intercambio tenso que termina en disculpa, sin contenido gráfico.	1
Comentario no recomendado para menores: mensaje que se burla de una víctima después de una agresión, con tono de amenaza o intimidación.	4
El mensaje presenta texto que promueve miedo, control e intimidación como poder como algo aceptable o admirable; es altamente inadecuado para menores.	5
Comentario sin riesgo: habla de comentario sobre un video educativo sin lenguaje agresivo, sin violencia ni amenazas.	0
Texto de bajo riesgo: aparece broma ruda entre amigos que no pasa a mayores, sin amenazas ni daño físico.	1
Texto preocupante porque incluye mensaje que se burla de una víctima después de una agresión; no contiene instrucciones, pero sí normaliza violencia.	4
Mensaje muy riesgoso: texto que amenaza con consecuencias violentas graves; evita detalles gráficos, pero glorifica daño grave.	5
Comentario de riesgo medio: comentario que minimiza una pelea real entre adolescentes, con normalización de una conducta agresiva.	3
Contenido de riesgo alto: texto que justifica golpear a alguien por una discusión en un foro de adolescentes, con glorificación de daño.	4
Comentario de riesgo 5 porque incluye texto que promueve miedo, control e intimidación como poder en una transmisión en vivo, con una situación tensa.	5
Contenido de riesgo alto: texto que justifica golpear a alguien por una discusión en un comentario de redes, con glorificación de daño.	4
Mensaje con competencia deportiva con contacto controlado en un comentario de redes, tratado como ficción o actividad controlada.	2
Texto preocupante porque incluye comentario que invita a responder a los problemas con violencia; no contiene instrucciones, pero sí normaliza violencia.	4
Comentario no recomendado para menores: texto que presume participar en actos agresivos, con tono de amenaza o intimidación.	4
Contenido de riesgo alto: mensaje que se burla de una víctima después de una agresión en una publicación de fans, con glorificación de daño.	4
El texto muestra discusión leve entre personajes sin insultos fuertes en un relato ficticio, con tono molesto pero controlado.	1
Mensaje de alto riesgo: comentario que invita a responder a los problemas con violencia en una escena de acción, sin detalles explícitos.	4
El mensaje presenta comentario que normaliza hacer daño grave para ganar respeto como algo aceptable o admirable; es altamente inadecuado para menores.	5
Texto no apto para niños ni adolescentes: mensaje que romantiza el crimen violento y sus consecuencias, con normalización de violencia extrema.	5
Mensaje muy riesgoso: texto que promueve miedo, control e intimidación como poder; evita detalles gráficos, pero glorifica daño grave.	5
Donald Trump es un perro miserable, es un maldito lleno de dinero, lleno de odio. Pablo Escobar	5
El mensaje incluye pelea leve de caricatura sin heridas ni miedo intenso en un foro de adolescentes; es acción leve y no gráfica.	2
Texto no apto para niños ni adolescentes: mensaje que romantiza el crimen violento y sus consecuencias, con normalización de violencia extrema.	5
Mensaje muy riesgoso: comentario que elogia a figuras criminales violentas; evita detalles gráficos, pero glorifica daño grave.	5
Texto de bajo riesgo: aparece queja exagerada sobre perder un juego, sin amenazas ni daño físico.	1
Texto preocupante porque incluye comentario que invita a responder a los problemas con violencia; no contiene instrucciones, pero sí normaliza violencia.	4
Mensaje muy riesgoso: comentario que normaliza hacer daño grave para ganar respeto; evita detalles gráficos, pero glorifica daño grave.	5
El mensaje contiene queja exagerada sobre perder un juego en un video de barrio, pero se mantiene en un nivel leve.	1
Cómo se llama la película 🎥??	5
El mensaje incluye entrenamiento de artes marciales con protección en una discusión grabada; es acción leve y no gráfica.	2
Comentario de riesgo 5 porque incluye mensaje que presenta la crueldad como algo aceptable en un video de barrio, descrito de forma general.	5
Mensaje muy riesgoso: texto que promueve miedo, control e intimidación como poder; evita detalles gráficos, pero glorifica daño grave.	5
Texto con violencia moderada: comentario que celebra una discusión que se vuelve física, que requiere supervisión adulta.	3
El mensaje contiene broma ruda entre amigos que no pasa a mayores en una historia corta, pero se mantiene en un nivel leve.	1
Contenido de riesgo máximo: texto que amenaza con consecuencias violentas graves en un video viral, claramente no apto para menores.	5
Mensaje muy riesgoso: comentario que celebra daño severo hacia otra persona sin describirlo gráficamente; evita detalles gráficos, pero glorifica daño grave.	5
Mensaje de alto riesgo: comentario que invita a responder a los problemas con violencia en una historia corta, con tono intimidante.	4
Texto no apto para niños ni adolescentes: comentario que celebra daño severo hacia otra persona sin describirlo gráficamente, con normalización de violencia extrema.	5
Texto con violencia moderada: comentario que celebra una discusión que se vuelve física, con tono agresivo.	3
Comentario de riesgo 5 porque incluye texto que amenaza con consecuencias violentas graves en un foro de adolescentes, que requiere supervisión adulta.	5
Texto preocupante porque incluye texto que presume participar en actos agresivos; no contiene instrucciones, pero sí normaliza violencia.	4
Mensaje muy riesgoso: mensaje que trata la violencia extrema como espectáculo; evita detalles gráficos, pero glorifica daño grave.	5
Texto no apto para niños ni adolescentes: mensaje que glorifica violencia grave y la presenta como admirable, con normalización de violencia extrema.	5
Un hombre con dinero en el bolsillo no puede ser pobre. Al Capone	5
Contenido de riesgo máximo: comentario que normaliza hacer daño grave para ganar respeto en un clip de internet, claramente no apto para menores.	5
Texto no apto para niños ni adolescentes: mensaje que trata la violencia extrema como espectáculo, con normalización de violencia extrema.	5
Contenido de riesgo máximo: comentario que normaliza hacer daño grave para ganar respeto en una historia corta, claramente no apto para menores.	5
Mensaje con juego de batalla con accesorios de espuma en una animación oscura, tratado como ficción o actividad controlada.	2
Mensaje problemático por mensaje que trata los golpes como entretenimiento; describe violencia a alto nivel, sin detalles gráficos.	3
Texto preocupante porque incluye mensaje que se burla de una víctima después de una agresión; no contiene instrucciones, pero sí normaliza violencia.	4
Contenido de riesgo alto: texto que presume participar en actos agresivos en un video viral, con glorificación de daño.	4
Mensaje problemático por mensaje que presenta la agresión como forma de ganar respeto; describe violencia a alto nivel, sin detalles gráficos.	3
Comentario de riesgo medio: comentario que minimiza una pelea real entre adolescentes, con normalización de una conducta agresiva.	3
Mensaje problemático por pelea callejera mencionada de forma general sin detalles gráficos; describe violencia a alto nivel, sin detalles gráficos.	3
El contenido presenta comentario que alienta una revancha física sin explicar cómo en un video de barrio, lo cual puede ser inadecuado para menores.	3
Comentario de riesgo 5 porque incluye mensaje que trata la violencia extrema como espectáculo en una discusión grabada, con tono agresivo.	5
Contenido de riesgo máximo: mensaje que presenta la crueldad como algo aceptable en un foro de adolescentes, claramente no apto para menores.	5
Texto con riesgo bajo-medio: video de acción con golpes simulados y tono ficticio, presentado sin daño explícito.	2
El mensaje presenta texto que promueve miedo, control e intimidación como poder como algo aceptable o admirable; es altamente inadecuado para menores.	5
Contenido de riesgo máximo: texto que promueve miedo, control e intimidación como poder en un foro de adolescentes, claramente no apto para menores.	5
El contenido presenta video donde se normaliza resolver conflictos con golpes en una transmisión en vivo, lo cual puede ser inadecuado para menores.	3
Contenido de riesgo máximo: texto que celebra una agresión extrema sin detalles explícitos en una publicación de fans, claramente no apto para menores.	5
Mensaje con conflicto menor: reacción impulsiva ante una derrota, sin contenido gráfico.	1
Comentario sin riesgo: habla de reacción alegre a un video de baile, sin violencia ni amenazas.	0
Mensaje con video de acción con golpes simulados y tono ficticio en un montaje dramático, tratado como ficción o actividad controlada.	2
El mensaje presenta mensaje que presenta la crueldad como algo aceptable como algo aceptable o admirable; es altamente inadecuado para menores.	5
El mensaje contiene desafío verbal algo brusco pero sin violencia en un video de reacción, pero se mantiene en un nivel leve.	1
Contenido de riesgo alto: comentario que usa intimidación para provocar miedo en un fragmento de película, con glorificación de daño.	4
Mensaje de alto riesgo: texto que celebra que alguien termine lastimado, sin detalles gráficos en un video de barrio, con una idea negativa para menores.	4
Mensaje muy riesgoso: mensaje que glorifica violencia grave y la presenta como admirable; evita detalles gráficos, pero glorifica daño grave.	5
Para lo que yo veo y sé es que todo sigue igual, no ha mermado, no ha subido. Chapo Guzmán	5
Contenido de riesgo máximo: texto que amenaza con consecuencias violentas graves en un comentario de redes, claramente no apto para menores.	5
Texto con violencia moderada: comentario que minimiza una pelea real entre adolescentes, con tono intimidante.	3
Comentario de riesgo 5 porque incluye mensaje que glorifica violencia grave y la presenta como admirable en una escena de acción, sin detalles explícitos.	5
Mensaje con escena de empujones en un juego físico supervisado en una animación oscura, tratado como ficción o actividad controlada.	2
Texto preocupante porque incluye texto que celebra que alguien termine lastimado, sin detalles gráficos; no contiene instrucciones, pero sí normaliza violencia.	4
Mensaje de alto riesgo: texto que celebra que alguien termine lastimado, sin detalles gráficos en una historia corta, con una idea negativa para menores.	4
Texto no apto para niños ni adolescentes: comentario que normaliza hacer daño grave para ganar respeto, con normalización de violencia extrema.	5
Texto con riesgo bajo-medio: entrenamiento de artes marciales con protección, presentado sin daño explícito.	2
Texto no apto para niños ni adolescentes: mensaje que glorifica violencia grave y la presenta como admirable, con normalización de violencia extrema.	5
Contenido de riesgo máximo: mensaje que glorifica violencia grave y la presenta como admirable en un clip de internet, claramente no apto para menores.	5
Comentario con reacción impulsiva ante una derrota; puede ser poco amable, pero no llega a violencia real.	1
La ley es para los pobres, no para los que tenemos dinero. Al Capone	5
Mensaje de alto riesgo: mensaje que glorifica una pelea fuerte y humillante en una transmisión en vivo, presentado como algo normal.	4
El contenido menciona escena de empujones en un juego físico supervisado; requiere contexto, aunque no da instrucciones ni detalles gráficos.	2
El mensaje usa mensaje que se burla de una víctima después de una agresión como forma de presión o miedo; no es adecuado para niños.	4
Mensaje con escena de empujones en un juego físico supervisado en una publicación de fans, tratado como ficción o actividad controlada.	2
El mensaje usa texto que justifica golpear a alguien por una discusión como forma de presión o miedo; no es adecuado para niños.	4
Texto con riesgo bajo-medio: discusión fuerte donde nadie resulta herido, presentado sin daño explícito.	2
Contenido de riesgo máximo: mensaje que romantiza el crimen violento y sus consecuencias en un montaje dramático, claramente no apto para menores.	5
Texto con violencia moderada: comentario que celebra una discusión que se vuelve física, con una situación tensa.	3
Comentario con comentario de rivalidad escolar sin daño físico; puede ser poco amable, pero no llega a violencia real.	1
Comentario con escena de empujón accidental tratada como humor; puede ser poco amable, pero no llega a violencia real.	1
Mensaje tranquilo sobre comentario amable sobre una canción infantil, con lenguaje amable y familiar.	0
El mensaje presenta mensaje que romantiza el crimen violento y sus consecuencias como algo aceptable o admirable; es altamente inadecuado para menores.	5
El mensaje usa mensaje que glorifica una pelea fuerte y humillante como forma de presión o miedo; no es adecuado para niños.	4
Mensaje de alto riesgo: mensaje que normaliza la venganza violenta en un comentario de redes, descrito de forma general.	4
El mensaje presenta texto que promueve miedo, control e intimidación como poder como algo aceptable o admirable; es altamente inadecuado para menores.	5
El texto menciona video donde se normaliza resolver conflictos con golpes en una discusión grabada; no es apto para niños sin supervisión.	3
Mensaje problemático por comentario que celebra una discusión que se vuelve física; describe violencia a alto nivel, sin detalles gráficos.	3
Mensaje muy riesgoso: mensaje que trata la violencia extrema como espectáculo; evita detalles gráficos, pero glorifica daño grave.	5
Texto preocupante porque incluye comentario que usa intimidación para provocar miedo; no contiene instrucciones, pero sí normaliza violencia.	4
Texto con riesgo bajo-medio: persecución ficticia sin daño real, presentado sin daño explícito.	2
Mensaje de alto riesgo: comentario que amenaza con hacer daño a otra persona sin dar instrucciones en un clip de internet, con una situación tensa.	4
El contenido presenta comentario que alienta una revancha física sin explicar cómo en un comentario de redes, lo cual puede ser inadecuado para menores.	3
El mensaje incluye pelea leve de caricatura sin heridas ni miedo intenso en una escena de acción; es acción leve y no gráfica.	2
Comentario de riesgo 5 porque incluye mensaje que romantiza el crimen violento y sus consecuencias en un fragmento de película, presentado como algo normal.	5
Comentario sobre entrenamiento de artes marciales con protección; puede no ser ideal para niños pequeños, pero no es extremo.	2
Comentario sobre juego de batalla con accesorios de espuma; puede no ser ideal para niños pequeños, pero no es extremo.	2
Contenido de riesgo alto: mensaje que normaliza la venganza violenta en un clip de internet, con glorificación de daño.	4
El texto menciona video donde se normaliza resolver conflictos con golpes en un video viral; no es apto para niños sin supervisión.	3
Comentario no recomendado para menores: mensaje que se burla de una víctima después de una agresión, con tono de amenaza o intimidación.	4
Texto con violencia moderada: mensaje que describe una persecución agresiva sin detalles explícitos, con enfoque poco saludable.	3
Mensaje de alto riesgo: comentario que presenta el daño físico como algo divertido en un video viral, sin detalles explícitos.	4
Contenido de riesgo alto: texto que justifica golpear a alguien por una discusión en un relato ficticio, con glorificación de daño.	4
El mensaje usa mensaje que glorifica una pelea fuerte y humillante como forma de presión o miedo; no es adecuado para niños.	4
Mensaje muy riesgoso: texto que celebra una agresión extrema sin detalles explícitos; evita detalles gráficos, pero glorifica daño grave.	5
Comentario de riesgo 5 porque incluye mensaje que romantiza el crimen violento y sus consecuencias en una historia corta, con tono intimidante.	5
Comentario de riesgo 5 porque incluye comentario que normaliza hacer daño grave para ganar respeto en un video de barrio, que puede asustar a menores.	5
Comentario de riesgo 5 porque incluye mensaje que romantiza el crimen violento y sus consecuencias en un comentario de redes, con una idea negativa para menores.	5
Mensaje muy riesgoso: texto que promueve miedo, control e intimidación como poder; evita detalles gráficos, pero glorifica daño grave.	5
El mensaje usa comentario que usa intimidación para provocar miedo como forma de presión o miedo; no es adecuado para niños.	4
El mensaje es seguro: trata de comentario positivo sobre un juego de mesa y mantiene un tono respetuoso.	0
El texto menciona comentario que celebra una discusión que se vuelve física en un foro de adolescentes; no es apto para niños sin supervisión.	3
Texto no apto para niños ni adolescentes: mensaje que glorifica violencia grave y la presenta como admirable, con normalización de violencia extrema.	5
Texto no apto para niños ni adolescentes: mensaje que romantiza el crimen violento y sus consecuencias, con normalización de violencia extrema.	5
Mensaje muy riesgoso: comentario que celebra daño severo hacia otra persona sin describirlo gráficamente; evita detalles gráficos, pero glorifica daño grave.	5
El contenido presenta video donde se normaliza resolver conflictos con golpes en una escena de acción, lo cual puede ser inadecuado para menores.	3
Comentario con reacción impulsiva ante una derrota; puede ser poco amable, pero no llega a violencia real.	1
El mensaje usa comentario que presenta el daño físico como algo divertido como forma de presión o miedo; no es adecuado para niños.	4
Mensaje problemático por comentario que celebra una discusión que se vuelve física; describe violencia a alto nivel, sin detalles gráficos.	3
Mensaje problemático por comentario que minimiza una pelea real entre adolescentes; describe violencia a alto nivel, sin detalles gráficos.	3
Comentario de riesgo 5 porque incluye texto que promueve miedo, control e intimidación como poder en un video viral, con tono intimidante.	5
no ps por mi vida asta yo jajajaja	5
El mensaje contiene comentario con tono molesto pero sin amenazas en una publicación de fans, pero se mantiene en un nivel leve.	1
Mensaje de alto riesgo: comentario que presenta el daño físico como algo divertido en una escena de acción, con tono intimidante.	4
Mensaje de alto riesgo: comentario que amenaza con hacer daño a otra persona sin dar instrucciones en un clip de internet, con enfoque poco saludable.	4
Contenido de riesgo alto: comentario que invita a responder a los problemas con violencia en una historia corta, con glorificación de daño.	4
Texto preocupante porque incluye texto que justifica golpear a alguien por una discusión; no contiene instrucciones, pero sí normaliza violencia.	4
Mensaje de alto riesgo: mensaje que se burla de una víctima después de una agresión en un clip de internet, que requiere supervisión adulta.	4
Comentario de riesgo 5 porque incluye texto que celebra una agresión extrema sin detalles explícitos en un foro de adolescentes, con una idea negativa para menores.	5
Texto no apto para niños ni adolescentes: comentario que elogia a figuras criminales violentas, con normalización de violencia extrema.	5
Comentario de riesgo 5 porque incluye mensaje que romantiza el crimen violento y sus consecuencias en un fragmento de película, con enfoque poco saludable.	5
Comentario de riesgo medio: video donde se normaliza resolver conflictos con golpes, con normalización de una conducta agresiva.	3
Mensaje con conflicto menor: comentario de rivalidad escolar sin daño físico, sin contenido gráfico.	1
El mensaje usa mensaje que se burla de una víctima después de una agresión como forma de presión o miedo; no es adecuado para niños.	4
El mensaje presenta mensaje que glorifica violencia grave y la presenta como admirable como algo aceptable o admirable; es altamente inadecuado para menores.	5
Comentario de riesgo 5 porque incluye mensaje que romantiza el crimen violento y sus consecuencias en un foro de adolescentes, que puede asustar a menores.	5
esos no son jaliscos	5
El texto menciona mensaje que presenta la agresión como forma de ganar respeto en un video viral; no es apto para niños sin supervisión.	3
Texto preocupante porque incluye comentario que presenta el daño físico como algo divertido; no contiene instrucciones, pero sí normaliza violencia.	4
Comentario de riesgo 5 porque incluye texto que amenaza con consecuencias violentas graves en un clip de internet, no apto para niños pequeños.	5
Contenido de riesgo alto: mensaje que glorifica una pelea fuerte y humillante en un video de barrio, con glorificación de daño.	4
El mensaje es seguro: trata de reacción tranquila a un video de mascotas y mantiene un tono respetuoso.	0
El mensaje usa comentario que amenaza con hacer daño a otra persona sin dar instrucciones como forma de presión o miedo; no es adecuado para niños.	4
Comentario sobre caída cómica sobre colchoneta sin consecuencias; puede no ser ideal para niños pequeños, pero no es extremo.	2
Mensaje tranquilo sobre reacción alegre a un video de baile, con lenguaje amable y familiar.	0
El mensaje usa comentario que usa intimidación para provocar miedo como forma de presión o miedo; no es adecuado para niños.	4
Comentario no recomendado para menores: mensaje que glorifica una pelea fuerte y humillante, con tono de amenaza o intimidación.	4
Mensaje de alto riesgo: comentario que usa intimidación para provocar miedo en una publicación de fans, que requiere supervisión adulta.	4
Texto no apto para niños ni adolescentes: texto que celebra una agresión extrema sin detalles explícitos, con normalización de violencia extrema.	5
Texto apto para menores sobre comentario sano sobre un reto sin peligro; no contiene agresión ni intimidación.	0
Mensaje muy riesgoso: texto que celebra una agresión extrema sin detalles explícitos; evita detalles gráficos, pero glorifica daño grave.	5
El contenido menciona discusión fuerte donde nadie resulta herido; requiere contexto, aunque no da instrucciones ni detalles gráficos.	2
Contenido de riesgo máximo: comentario que celebra daño severo hacia otra persona sin describirlo gráficamente en una discusión grabada, claramente no apto para menores.	5
Mensaje de alto riesgo: texto que presume participar en actos agresivos en un video de barrio, que puede asustar a menores.	4
El mensaje incluye persecución ficticia sin daño real en un video de reacción; es acción leve y no gráfica.	2
Comentario sin riesgo: habla de opinión positiva sobre una manualidad familiar, sin violencia ni amenazas.	0
El mensaje presenta comentario que normaliza hacer daño grave para ganar respeto como algo aceptable o admirable; es altamente inadecuado para menores.	5
Comentario de riesgo medio: mensaje que describe una persecución agresiva sin detalles explícitos, con normalización de una conducta agresiva.	3
Mensaje con conflicto menor: comentario con tono molesto pero sin amenazas, sin contenido gráfico.	1
Texto preocupante porque incluye comentario que usa intimidación para provocar miedo; no contiene instrucciones, pero sí normaliza violencia.	4
Mensaje con juego de batalla con accesorios de espuma en un relato ficticio, tratado como ficción o actividad controlada.	2
Contenido de riesgo alto: mensaje que normaliza la venganza violenta en un comentario de redes, con glorificación de daño.	4
Texto preocupante porque incluye comentario que presenta el daño físico como algo divertido; no contiene instrucciones, pero sí normaliza violencia.	4
Contenido de riesgo máximo: mensaje que trata la violencia extrema como espectáculo en un relato ficticio, claramente no apto para menores.	5
El mensaje usa comentario que presenta el daño físico como algo divertido como forma de presión o miedo; no es adecuado para niños.	4
Texto con violencia moderada: comentario que alienta una revancha física sin explicar cómo, con enfoque poco saludable.	3
El mensaje es seguro: trata de reacción tranquila a un video de mascotas y mantiene un tono respetuoso.	0
Texto no apto para niños ni adolescentes: texto que celebra una agresión extrema sin detalles explícitos, con normalización de violencia extrema.	5
Mensaje con conflicto menor: comentario con tono molesto pero sin amenazas, sin contenido gráfico.	1
El contenido presenta comentario que celebra una discusión que se vuelve física en una discusión grabada, lo cual puede ser inadecuado para menores.	3
El mensaje usa comentario que presenta el daño físico como algo divertido como forma de presión o miedo; no es adecuado para niños.	4
El contenido presenta mensaje que presenta la agresión como forma de ganar respeto en una transmisión en vivo, lo cual puede ser inadecuado para menores.	3
El mensaje contiene reacción impulsiva ante una derrota en un video de barrio, pero se mantiene en un nivel leve.	1
Contenido de riesgo máximo: comentario que celebra daño severo hacia otra persona sin describirlo gráficamente en una animación oscura, claramente no apto para menores.	5
Contenido de riesgo máximo: comentario que celebra daño severo hacia otra persona sin describirlo gráficamente en un video de barrio, claramente no apto para menores.	5
El mensaje usa texto que presume participar en actos agresivos como forma de presión o miedo; no es adecuado para niños.	4
El contenido presenta escena donde varios personajes se enfrentan físicamente en un relato ficticio, lo cual puede ser inadecuado para menores.	3
El mensaje usa texto que justifica golpear a alguien por una discusión como forma de presión o miedo; no es adecuado para niños.	4
El contenido presenta escena donde varios personajes se enfrentan físicamente en una historia corta, lo cual puede ser inadecuado para menores.	3
van arompe paque no los despedasen	5
Mensaje muy riesgoso: texto que celebra una agresión extrema sin detalles explícitos; evita detalles gráficos, pero glorifica daño grave.	5
Contenido de riesgo máximo: mensaje que presenta la crueldad como algo aceptable en un video viral, claramente no apto para menores.	5
Comentario no recomendado para menores: mensaje que glorifica una pelea fuerte y humillante, con tono de amenaza o intimidación.	4
Contenido de riesgo alto: texto que justifica golpear a alguien por una discusión en una animación oscura, con glorificación de daño.	4
Comentario no recomendado para menores: comentario que invita a responder a los problemas con violencia, con tono de amenaza o intimidación.	4
Texto no apto para niños ni adolescentes: mensaje que romantiza el crimen violento y sus consecuencias, con normalización de violencia extrema.	5
Mensaje con conflicto menor: comentario de rivalidad escolar sin daño físico, sin contenido gráfico.	1
El mensaje incluye escena de choque leve presentada como comedia en una historia corta; es acción leve y no gráfica.	2
Contenido de riesgo máximo: mensaje que romantiza el crimen violento y sus consecuencias en un video de reacción, claramente no apto para menores.	5
Mensaje muy riesgoso: texto que promueve miedo, control e intimidación como poder; evita detalles gráficos, pero glorifica daño grave.	5
El contenido presenta comentario que celebra una discusión que se vuelve física en un video viral, lo cual puede ser inadecuado para menores.	3
Contenido de riesgo máximo: comentario que normaliza hacer daño grave para ganar respeto en un fragmento de película, claramente no apto para menores.	5
Contenido de riesgo alto: comentario que amenaza con hacer daño a otra persona sin dar instrucciones en un foro de adolescentes, con glorificación de daño.	4
Contenido de riesgo alto: mensaje que se burla de una víctima después de una agresión en un clip de internet, con glorificación de daño.	4
El mensaje presenta mensaje que romantiza el crimen violento y sus consecuencias como algo aceptable o admirable; es altamente inadecuado para menores.	5
Mensaje con entrenamiento de artes marciales con protección en un video de barrio, tratado como ficción o actividad controlada.	2
El mensaje incluye caída cómica sobre colchoneta sin consecuencias en un comentario de redes; es acción leve y no gráfica.	2
Comentario sobre escena de empujones en un juego físico supervisado; puede no ser ideal para niños pequeños, pero no es extremo.	2
Comentario de riesgo medio: video donde se normaliza resolver conflictos con golpes, con normalización de una conducta agresiva.	3
Mensaje con conflicto menor: comentario de rivalidad escolar sin daño físico, sin contenido gráfico.	1
Comentario de riesgo medio: mensaje que describe una persecución agresiva sin detalles explícitos, con normalización de una conducta agresiva.	3
Mensaje muy riesgoso: mensaje que trata la violencia extrema como espectáculo; evita detalles gráficos, pero glorifica daño grave.	5
Mensaje con escena de empujones en un juego físico supervisado en un fragmento de película, tratado como ficción o actividad controlada.	2
Mensaje muy riesgoso: comentario que celebra daño severo hacia otra persona sin describirlo gráficamente; evita detalles gráficos, pero glorifica daño grave.	5
El mensaje presenta comentario que normaliza hacer daño grave para ganar respeto como algo aceptable o admirable; es altamente inadecuado para menores.	5
Texto no apto para niños ni adolescentes: mensaje que glorifica violencia grave y la presenta como admirable, con normalización de violencia extrema.	5
Texto de bajo riesgo: aparece comentario con tono molesto pero sin amenazas, sin amenazas ni daño físico.	1
El texto muestra frase competitiva con enojo leve en una historia corta, con tono molesto pero controlado.	1
Contenido de riesgo alto: mensaje que glorifica una pelea fuerte y humillante en una escena de acción, con glorificación de daño.	4
El mensaje presenta comentario que celebra daño severo hacia otra persona sin describirlo gráficamente como algo aceptable o admirable; es altamente inadecuado para menores.	5
Contenido de riesgo máximo: comentario que elogia a figuras criminales violentas en un relato ficticio, claramente no apto para menores.	5
Comentario de riesgo 5 porque incluye texto que promueve miedo, control e intimidación como poder en una discusión grabada, que puede asustar a menores.	5
Comentario de riesgo 5 porque incluye mensaje que romantiza el crimen violento y sus consecuencias en un video de barrio, presentado como algo normal.	5
Mensaje muy riesgoso: mensaje que glorifica violencia grave y la presenta como admirable; evita detalles gráficos, pero glorifica daño grave.	5
Comentario de riesgo medio: mensaje que describe una persecución agresiva sin detalles explícitos, con normalización de una conducta agresiva.	3
El mensaje usa comentario que presenta el daño físico como algo divertido como forma de presión o miedo; no es adecuado para niños.	4
El mensaje presenta texto que promueve miedo, control e intimidación como poder como algo aceptable o admirable; es altamente inadecuado para menores.	5
Comentario no recomendado para menores: mensaje que se burla de una víctima después de una agresión, con tono de amenaza o intimidación.	4
El texto menciona mensaje que trata los golpes como entretenimiento en un relato ficticio; no es apto para niños sin supervisión.	3
Comentario de riesgo 5 porque incluye comentario que elogia a figuras criminales violentas en un video de reacción, con enfoque poco saludable.	5
Comentario sobre escena de empujones en un juego físico supervisado; puede no ser ideal para niños pequeños, pero no es extremo.	2
Comentario de riesgo medio: video con intimidación y contacto violento descrito a alto nivel, con normalización de una conducta agresiva.	3
Contenido de riesgo máximo: mensaje que romantiza el crimen violento y sus consecuencias en una animación oscura, claramente no apto para menores.	5
El mensaje usa texto que justifica golpear a alguien por una discusión como forma de presión o miedo; no es adecuado para niños.	4
Comentario positivo de comentario sobre un video educativo sin lenguaje agresivo; es adecuado para un entorno infantil.	0
Mensaje de alto riesgo: comentario que presenta el daño físico como algo divertido en un montaje dramático, presentado como algo normal.	4
Comentario sobre competencia deportiva con contacto controlado; puede no ser ideal para niños pequeños, pero no es extremo.	2
El mensaje usa comentario que presenta el daño físico como algo divertido como forma de presión o miedo; no es adecuado para niños.	4
Mensaje con escena de choque leve presentada como comedia en un foro de adolescentes, tratado como ficción o actividad controlada.	2
El texto muestra reacción impulsiva ante una derrota en un comentario de redes, con tono molesto pero controlado.	1
El mensaje contiene queja exagerada sobre perder un juego en un montaje dramático, pero se mantiene en un nivel leve.	1
Mensaje con juego de batalla con accesorios de espuma en un comentario de redes, tratado como ficción o actividad controlada.	2
Comentario no recomendado para menores: mensaje que se burla de una víctima después de una agresión, con tono de amenaza o intimidación.	4
Texto preocupante porque incluye comentario que invita a responder a los problemas con violencia; no contiene instrucciones, pero sí normaliza violencia.	4
El que no arriesga, no gana. Y aquí el que no gana, se muere. Amado Carrillo Fuentes	5
Texto con violencia moderada: comentario que celebra una discusión que se vuelve física, descrito de forma general.	3
Texto preocupante porque incluye texto que celebra que alguien termine lastimado, sin detalles gráficos; no contiene instrucciones, pero sí normaliza violencia.	4
El mensaje usa comentario que amenaza con hacer daño a otra persona sin dar instrucciones como forma de presión o miedo; no es adecuado para niños.	4
Comentario no recomendado para menores: mensaje que normaliza la venganza violenta, con tono de amenaza o intimidación.	4
Comentario de riesgo medio: comentario que minimiza una pelea real entre adolescentes, con normalización de una conducta agresiva.	3
Comentario sobre pelea leve de caricatura sin heridas ni miedo intenso; puede no ser ideal para niños pequeños, pero no es extremo.	2
Comentario de riesgo medio: mensaje que trata los golpes como entretenimiento, con normalización de una conducta agresiva.	3
El texto menciona video donde se normaliza resolver conflictos con golpes en un video viral; no es apto para niños sin supervisión.	3
El texto muestra comentario de rivalidad escolar sin daño físico en un comentario de redes, con tono molesto pero controlado.	1
El mensaje contiene desafío verbal algo brusco pero sin violencia en una publicación de fans, pero se mantiene en un nivel leve.	1
El mensaje presenta comentario que celebra daño severo hacia otra persona sin describirlo gráficamente como algo aceptable o admirable; es altamente inadecuado para menores.	5
Comentario de riesgo 5 porque incluye comentario que normaliza hacer daño grave para ganar respeto en una discusión grabada, que puede asustar a menores.	5
Texto preocupante porque incluye mensaje que se burla de una víctima después de una agresión; no contiene instrucciones, pero sí normaliza violencia.	4
El mensaje usa mensaje que se burla de una víctima después de una agresión como forma de presión o miedo; no es adecuado para niños.	4
Mensaje tranquilo sobre mensaje respetuoso en un video de ciencia para niños, con lenguaje amable y familiar.	0
Comentario positivo de comentario amable sobre una canción infantil; es adecuado para un entorno infantil.	0
El texto muestra reacción impulsiva ante una derrota en una transmisión en vivo, con tono molesto pero controlado.	1
El mensaje presenta mensaje que glorifica violencia grave y la presenta como admirable como algo aceptable o admirable; es altamente inadecuado para menores.	5
El mensaje es seguro: trata de reacción tranquila a un video de mascotas y mantiene un tono respetuoso.	0
Texto de bajo riesgo: aparece broma ruda entre amigos que no pasa a mayores, sin amenazas ni daño físico.	1
Mensaje problemático por comentario que alienta una revancha física sin explicar cómo; describe violencia a alto nivel, sin detalles gráficos.	3
Contenido de riesgo máximo: mensaje que romantiza el crimen violento y sus consecuencias en un foro de adolescentes, claramente no apto para menores.	5
Comentario de riesgo medio: mensaje que presenta la agresión como forma de ganar respeto, con normalización de una conducta agresiva.	3
Texto con riesgo bajo-medio: discusión fuerte donde nadie resulta herido, presentado sin daño explícito.	2
El mensaje presenta texto que celebra una agresión extrema sin detalles explícitos como algo aceptable o admirable; es altamente inadecuado para menores.	5
Comentario de riesgo 5 porque incluye comentario que normaliza hacer daño grave para ganar respeto en un video de barrio, con tono agresivo.	5
Comentario de riesgo 5 porque incluye mensaje que presenta la crueldad como algo aceptable en un foro de adolescentes, con una idea negativa para menores.	5
Contenido de riesgo alto: mensaje que glorifica una pelea fuerte y humillante en un fragmento de película, con glorificación de daño.	4
Mensaje problemático por comentario que minimiza una pelea real entre adolescentes; describe violencia a alto nivel, sin detalles gráficos.	3
Comentario de riesgo 5 porque incluye comentario que normaliza hacer daño grave para ganar respeto en una animación oscura, con una idea negativa para menores.	5
Mensaje con conflicto menor: escena de empujón accidental tratada como humor, sin contenido gráfico.	1
Texto con violencia moderada: mensaje que trata los golpes como entretenimiento, con una situación tensa.	3
El contenido menciona escena de choque leve presentada como comedia; requiere contexto, aunque no da instrucciones ni detalles gráficos.	2
Comentario de riesgo 5 porque incluye comentario que elogia a figuras criminales violentas en un montaje dramático, descrito de forma general.	5
Texto con riesgo bajo-medio: discusión fuerte donde nadie resulta herido, presentado sin daño explícito.	2
Comentario de riesgo 5 porque incluye mensaje que presenta la crueldad como algo aceptable en un video de barrio, con una idea negativa para menores.	5
Comentario de riesgo 5 porque incluye mensaje que trata la violencia extrema como espectáculo en una historia corta, que requiere supervisión adulta.	5
Comentario no recomendado para menores: comentario que invita a responder a los problemas con violencia, con tono de amenaza o intimidación.	4
El contenido presenta comentario que celebra una discusión que se vuelve física en una discusión grabada, lo cual puede ser inadecuado para menores.	3
El texto menciona pelea callejera mencionada de forma general sin detalles gráficos en una transmisión en vivo; no es apto para niños sin supervisión.	3
Mensaje con pelea leve de caricatura sin heridas ni miedo intenso en un video de reacción, tratado como ficción o actividad controlada.	2
El mensaje presenta texto que promueve miedo, control e intimidación como poder como algo aceptable o admirable; es altamente inadecuado para menores.	5
El contenido presenta mensaje que trata los golpes como entretenimiento en una transmisión en vivo, lo cual puede ser inadecuado para menores.	3
Mensaje con pelea leve de caricatura sin heridas ni miedo intenso en un video de barrio, tratado como ficción o actividad controlada.	2
Comentario positivo de reacción alegre a un video de baile; es adecuado para un entorno infantil.	0
Comentario sin riesgo: habla de reacción tranquila a un video de mascotas, sin violencia ni amenazas.	0
Comentario sobre discusión fuerte donde nadie resulta herido; puede no ser ideal para niños pequeños, pero no es extremo.	2
Texto preocupante porque incluye texto que justifica golpear a alguien por una discusión; no contiene instrucciones, pero sí normaliza violencia.	4
El mensaje presenta comentario que celebra daño severo hacia otra persona sin describirlo gráficamente como algo aceptable o admirable; es altamente inadecuado para menores.	5
Mensaje de alto riesgo: mensaje que normaliza la venganza violenta en una publicación de fans, que puede asustar a menores.	4
Comentario positivo de comentario sobre un video educativo sin lenguaje agresivo; es adecuado para un entorno infantil.	0
se dan cuenta que no pueden entrar a Tamaulipas y es un estado no tan grande y no pueden siempre q quieren entrar los saca el CDG o CDN	5
Comentario no recomendado para menores: texto que celebra que alguien termine lastimado, sin detalles gráficos, con tono de amenaza o intimidación.	4
Contenido de riesgo alto: texto que presume participar en actos agresivos en un comentario de redes, con glorificación de daño.	4
Mensaje tranquilo sobre mensaje familiar sobre un cuento animado, con lenguaje amable y familiar.	0
Mensaje problemático por mensaje que describe una persecución agresiva sin detalles explícitos; describe violencia a alto nivel, sin detalles gráficos.	3
La cocaína es la bomba atómica de Latinoamérica. Carlos Lehder Rivas	5
El mensaje contiene desafío verbal algo brusco pero sin violencia en una transmisión en vivo, pero se mantiene en un nivel leve.	1
Texto preocupante porque incluye mensaje que normaliza la venganza violenta; no contiene instrucciones, pero sí normaliza violencia.	4
El contenido presenta video donde se normaliza resolver conflictos con golpes en un video de reacción, lo cual puede ser inadecuado para menores.	3
El mensaje presenta mensaje que glorifica violencia grave y la presenta como admirable como algo aceptable o admirable; es altamente inadecuado para menores.	5
Mensaje con conflicto menor: comentario de rivalidad escolar sin daño físico, sin contenido gráfico.	1
Mensaje muy riesgoso: mensaje que romantiza el crimen violento y sus consecuencias; evita detalles gráficos, pero glorifica daño grave.	5
Texto no apto para niños ni adolescentes: texto que celebra una agresión extrema sin detalles explícitos, con normalización de violencia extrema.	5
Mensaje con conflicto menor: frase competitiva con enojo leve, sin contenido gráfico.	1
Mensaje de alto riesgo: texto que justifica golpear a alguien por una discusión en un video de barrio, presentado como algo normal.	4
Comentario con desafío verbal algo brusco pero sin violencia; puede ser poco amable, pero no llega a violencia real.	1
El mensaje usa texto que justifica golpear a alguien por una discusión como forma de presión o miedo; no es adecuado para niños.	4
esque como el CJNG es el cartel más grande y poderoso 🤫🤫🤫	5
Mensaje problemático por video donde se normaliza resolver conflictos con golpes; describe violencia a alto nivel, sin detalles gráficos.	3
Contenido de riesgo máximo: comentario que elogia a figuras criminales violentas en un video de barrio, claramente no apto para menores.	5
El mensaje presenta texto que amenaza con consecuencias violentas graves como algo aceptable o admirable; es altamente inadecuado para menores.	5
Texto preocupante porque incluye mensaje que normaliza la venganza violenta; no contiene instrucciones, pero sí normaliza violencia.	4
Texto preocupante porque incluye comentario que invita a responder a los problemas con violencia; no contiene instrucciones, pero sí normaliza violencia.	4
El texto muestra frase competitiva con enojo leve en un video de barrio, con tono molesto pero controlado.	1
El mensaje presenta comentario que elogia a figuras criminales violentas como algo aceptable o admirable; es altamente inadecuado para menores.	5
Mensaje de alto riesgo: texto que celebra que alguien termine lastimado, sin detalles gráficos en una historia corta, que puede asustar a menores.	4
El contenido menciona video de acción con golpes simulados y tono ficticio; requiere contexto, aunque no da instrucciones ni detalles gráficos.	2
Comentario de riesgo 5 porque incluye texto que amenaza con consecuencias violentas graves en una transmisión en vivo, con tono agresivo.	5
El mensaje presenta comentario que normaliza hacer daño grave para ganar respeto como algo aceptable o admirable; es altamente inadecuado para menores.	5
Texto preocupante porque incluye comentario que presenta el daño físico como algo divertido; no contiene instrucciones, pero sí normaliza violencia.	4
Comentario positivo de comentario amable sobre una canción infantil; es adecuado para un entorno infantil.	0
Texto preocupante porque incluye texto que presume participar en actos agresivos; no contiene instrucciones, pero sí normaliza violencia.	4
si es sierto nomas pueden con los drones jajaja 😂	5
Comentario de riesgo medio: pelea callejera mencionada de forma general sin detalles gráficos, con normalización de una conducta agresiva.	3
El texto menciona comentario que minimiza una pelea real entre adolescentes en una escena de acción; no es apto para niños sin supervisión.	3
El mensaje presenta texto que promueve miedo, control e intimidación como poder como algo aceptable o admirable; es altamente inadecuado para menores.	5
Comentario sobre pelea leve de caricatura sin heridas ni miedo intenso; puede no ser ideal para niños pequeños, pero no es extremo.	2
Comentario no recomendado para menores: comentario que usa intimidación para provocar miedo, con tono de amenaza o intimidación.	4
Comentario de riesgo 5 porque incluye mensaje que glorifica violencia grave y la presenta como admirable en una escena de acción, con tono agresivo.	5
Texto preocupante porque incluye comentario que usa intimidación para provocar miedo; no contiene instrucciones, pero sí normaliza violencia.	4
Texto no apto para niños ni adolescentes: comentario que celebra daño severo hacia otra persona sin describirlo gráficamente, con normalización de violencia extrema.	5
Texto no apto para niños ni adolescentes: comentario que elogia a figuras criminales violentas, con normalización de violencia extrema.	5
Mensaje de alto riesgo: comentario que amenaza con hacer daño a otra persona sin dar instrucciones en un clip de internet, con lenguaje de conflicto.	4
Texto no apto para niños ni adolescentes: mensaje que trata la violencia extrema como espectáculo, con normalización de violencia extrema.	5
Comentario de riesgo medio: video donde se normaliza resolver conflictos con golpes, con normalización de una conducta agresiva.	3
Mensaje de alto riesgo: comentario que amenaza con hacer daño a otra persona sin dar instrucciones en una historia corta, con tono agresivo.	4
Vota temprano y vota a menudo. Al Capone	5
Comentario de riesgo medio: comentario que celebra una discusión que se vuelve física, con normalización de una conducta agresiva.	3
Contenido de riesgo alto: mensaje que glorifica una pelea fuerte y humillante en una discusión grabada, con glorificación de daño.	4
Contenido de riesgo alto: mensaje que normaliza la venganza violenta en un clip de internet, con glorificación de daño.	4
Mensaje con caída cómica sobre colchoneta sin consecuencias en una discusión grabada, tratado como ficción o actividad controlada.	2
El mensaje usa comentario que presenta el daño físico como algo divertido como forma de presión o miedo; no es adecuado para niños.	4
Contenido de riesgo máximo: comentario que elogia a figuras criminales violentas en un comentario de redes, claramente no apto para menores.	5
El mensaje contiene comentario con tono molesto pero sin amenazas en una escena de acción, pero se mantiene en un nivel leve.	1
Texto no apto para niños ni adolescentes: mensaje que romantiza el crimen violento y sus consecuencias, con normalización de violencia extrema.	5
Comentario con escena de empujón accidental tratada como humor; puede ser poco amable, pero no llega a violencia real.	1
El contenido menciona caída cómica sobre colchoneta sin consecuencias; requiere contexto, aunque no da instrucciones ni detalles gráficos.	2
Comentario de riesgo 5 porque incluye comentario que elogia a figuras criminales violentas en un video viral, que puede asustar a menores.	5
Texto preocupante porque incluye comentario que amenaza con hacer daño a otra persona sin dar instrucciones; no contiene instrucciones, pero sí normaliza violencia.	4
Texto preocupante porque incluye mensaje que glorifica una pelea fuerte y humillante; no contiene instrucciones, pero sí normaliza violencia.	4
Texto no apto para niños ni adolescentes: comentario que elogia a figuras criminales violentas, con normalización de violencia extrema.	5
Comentario no recomendado para menores: mensaje que normaliza la venganza violenta, con tono de amenaza o intimidación.	4
Mensaje de alto riesgo: mensaje que se burla de una víctima después de una agresión en una animación oscura, que puede asustar a menores.	4
Texto preocupante porque incluye comentario que presenta el daño físico como algo divertido; no contiene instrucciones, pero sí normaliza violencia.	4
Contenido de riesgo alto: comentario que usa intimidación para provocar miedo en una escena de acción, con glorificación de daño.	4
El contenido menciona caída cómica sobre colchoneta sin consecuencias; requiere contexto, aunque no da instrucciones ni detalles gráficos.	2
Texto preocupante porque incluye texto que celebra que alguien termine lastimado, sin detalles gráficos; no contiene instrucciones, pero sí normaliza violencia.	4
Solo los que andan en 3so saben que rollo los demás solo hablan por hablar cuando no conocen pistolas ni de juguete	5
Contenido de riesgo alto: texto que presume participar en actos agresivos en una transmisión en vivo, con glorificación de daño.	4
Comentario con intercambio tenso que termina en disculpa; puede ser poco amable, pero no llega a violencia real.	1
Contenido de riesgo alto: texto que celebra que alguien termine lastimado, sin detalles gráficos en una discusión grabada, con glorificación de daño.	4
Texto preocupante porque incluye comentario que usa intimidación para provocar miedo; no contiene instrucciones, pero sí normaliza violencia.	4
Mensaje con conflicto menor: reacción impulsiva ante una derrota, sin contenido gráfico.	1
El mensaje contiene discusión leve entre personajes sin insultos fuertes en una animación oscura, pero se mantiene en un nivel leve.	1
El mensaje presenta mensaje que romantiza el crimen violento y sus consecuencias como algo aceptable o admirable; es altamente inadecuado para menores.	5
Comentario no recomendado para menores: texto que justifica golpear a alguien por una discusión, con tono de amenaza o intimidación.	4
Contenido de riesgo máximo: comentario que celebra daño severo hacia otra persona sin describirlo gráficamente en un clip de internet, claramente no apto para menores.	5
Contenido de riesgo alto: comentario que presenta el daño físico como algo divertido en un video viral, con glorificación de daño.	4
Mensaje con entrenamiento de artes marciales con protección en una escena de acción, tratado como ficción o actividad controlada.	2
Texto apto para menores sobre opinión positiva sobre una manualidad familiar; no contiene agresión ni intimidación.	0
Texto con riesgo bajo-medio: juego de batalla con accesorios de espuma, presentado sin daño explícito.	2
Texto de bajo riesgo: aparece intercambio tenso que termina en disculpa, sin amenazas ni daño físico.	1
Mensaje de alto riesgo: texto que celebra que alguien termine lastimado, sin detalles gráficos en una historia corta, con una situación tensa.	4
Texto con violencia moderada: escena donde varios personajes se enfrentan físicamente, con tono intimidante.	3
Comentario sin riesgo: habla de comentario sano sobre un reto sin peligro, sin violencia ni amenazas.	0
Texto no apto para niños ni adolescentes: texto que celebra una agresión extrema sin detalles explícitos, con normalización de violencia extrema.	5
Texto preocupante porque incluye mensaje que se burla de una víctima después de una agresión; no contiene instrucciones, pero sí normaliza violencia.	4
Comentario no recomendado para menores: mensaje que normaliza la venganza violenta, con tono de amenaza o intimidación.	4
Mensaje muy riesgoso: comentario que normaliza hacer daño grave para ganar respeto; evita detalles gráficos, pero glorifica daño grave.	5
Texto preocupante porque incluye comentario que presenta el daño físico como algo divertido; no contiene instrucciones, pero sí normaliza violencia.	4
Contenido de riesgo alto: comentario que amenaza con hacer daño a otra persona sin dar instrucciones en un foro de adolescentes, con glorificación de daño.	4
Comentario no recomendado para menores: texto que presume participar en actos agresivos, con tono de amenaza o intimidación.	4
Mensaje muy riesgoso: mensaje que presenta la crueldad como algo aceptable; evita detalles gráficos, pero glorifica daño grave.	5
Contenido de riesgo alto: texto que presume participar en actos agresivos en un montaje dramático, con glorificación de daño.	4
Comentario sobre competencia deportiva con contacto controlado; puede no ser ideal para niños pequeños, pero no es extremo.	2
Texto de bajo riesgo: aparece desafío verbal algo brusco pero sin violencia, sin amenazas ni daño físico.	1
Mensaje muy riesgoso: mensaje que glorifica violencia grave y la presenta como admirable; evita detalles gráficos, pero glorifica daño grave.	5
El texto menciona pelea callejera mencionada de forma general sin detalles gráficos en un fragmento de película; no es apto para niños sin supervisión.	3
Si yo lo conociera, en este caso, es con respeto y de mi parte diría que es una persona que no anda buscando problemas, en ningún aspecto. Chapo Guzmán	5
El texto menciona comentario que minimiza una pelea real entre adolescentes en un comentario de redes; no es apto para niños sin supervisión.	3
El mensaje usa mensaje que se burla de una víctima después de una agresión como forma de presión o miedo; no es adecuado para niños.	4
Texto con violencia moderada: mensaje que presenta la agresión como forma de ganar respeto, con una situación tensa.	3
Contenido de riesgo alto: texto que celebra que alguien termine lastimado, sin detalles gráficos en un relato ficticio, con glorificación de daño.	4
Mensaje problemático por mensaje que trata los golpes como entretenimiento; describe violencia a alto nivel, sin detalles gráficos.	3
El contenido presenta mensaje que trata los golpes como entretenimiento en una discusión grabada, lo cual puede ser inadecuado para menores.	3
Texto con violencia moderada: video donde se normaliza resolver conflictos con golpes, con una situación tensa.	3
Texto preocupante porque incluye mensaje que se burla de una víctima después de una agresión; no contiene instrucciones, pero sí normaliza violencia.	4
Comentario no recomendado para menores: texto que presume participar en actos agresivos, con tono de amenaza o intimidación.	4
Comentario de riesgo medio: mensaje que presenta la agresión como forma de ganar respeto, con normalización de una conducta agresiva.	3
Mensaje muy riesgoso: comentario que celebra daño severo hacia otra persona sin describirlo gráficamente; evita detalles gráficos, pero glorifica daño grave.	5
Contenido de riesgo alto: texto que justifica golpear a alguien por una discusión en una discusión grabada, con glorificación de daño.	4
El contenido presenta pelea callejera mencionada de forma general sin detalles gráficos en una animación oscura, lo cual puede ser inadecuado para menores.	3
El contenido menciona caída cómica sobre colchoneta sin consecuencias; requiere contexto, aunque no da instrucciones ni detalles gráficos.	2
Comentario positivo de comentario amable sobre una canción infantil; es adecuado para un entorno infantil.	0
Texto no apto para niños ni adolescentes: texto que amenaza con consecuencias violentas graves, con normalización de violencia extrema.	5
La muerte es solo el final de un negocio bien hecho. Pablo Escobar	5
El mensaje incluye competencia deportiva con contacto controlado en una publicación de fans; es acción leve y no gráfica.	2
Comentario con queja exagerada sobre perder un juego; puede ser poco amable, pero no llega a violencia real.	1
Contenido de riesgo máximo: mensaje que trata la violencia extrema como espectáculo en un fragmento de película, claramente no apto para menores.	5
El mensaje usa comentario que amenaza con hacer daño a otra persona sin dar instrucciones como forma de presión o miedo; no es adecuado para niños.	4
Texto no apto para niños ni adolescentes: mensaje que trata la violencia extrema como espectáculo, con normalización de violencia extrema.	5
Comentario de riesgo 5 porque incluye mensaje que romantiza el crimen violento y sus consecuencias en un clip de internet, con lenguaje de conflicto.	5
Mensaje con entrenamiento de artes marciales con protección en un video de barrio, tratado como ficción o actividad controlada.	2
En esta vida, hay que ser o el martillo o el clavo. Yo prefiero ser el martillo. Pablo Escobar	5
Texto no apto para niños ni adolescentes: comentario que elogia a figuras criminales violentas, con normalización de violencia extrema.	5
El mensaje es seguro: trata de mensaje familiar sobre un cuento animado y mantiene un tono respetuoso.	0
Texto con riesgo bajo-medio: juego de batalla con accesorios de espuma, presentado sin daño explícito.	2
Texto no apto para niños ni adolescentes: mensaje que trata la violencia extrema como espectáculo, con normalización de violencia extrema.	5
Texto con violencia moderada: pelea callejera mencionada de forma general sin detalles gráficos, que requiere supervisión adulta.	3
Mensaje muy riesgoso: comentario que celebra daño severo hacia otra persona sin describirlo gráficamente; evita detalles gráficos, pero glorifica daño grave.	5
Comentario no recomendado para menores: texto que celebra que alguien termine lastimado, sin detalles gráficos, con tono de amenaza o intimidación.	4
Contenido de riesgo alto: mensaje que normaliza la venganza violenta en una publicación de fans, con glorificación de daño.	4
Mensaje muy riesgoso: mensaje que romantiza el crimen violento y sus consecuencias; evita detalles gráficos, pero glorifica daño grave.	5
El contenido menciona video de acción con golpes simulados y tono ficticio; requiere contexto, aunque no da instrucciones ni detalles gráficos.	2
Comentario de riesgo 5 porque incluye mensaje que glorifica violencia grave y la presenta como admirable en una historia corta, con tono intimidante.	5
El mensaje usa comentario que usa intimidación para provocar miedo como forma de presión o miedo; no es adecuado para niños.	4
El texto menciona escena donde varios personajes se enfrentan físicamente en un video de reacción; no es apto para niños sin supervisión.	3
Mensaje muy riesgoso: texto que celebra una agresión extrema sin detalles explícitos; evita detalles gráficos, pero glorifica daño grave.	5
El mensaje contiene comentario con tono molesto pero sin amenazas en una escena de acción, pero se mantiene en un nivel leve.	1
Contenido de riesgo alto: mensaje que glorifica una pelea fuerte y humillante en un clip de internet, con glorificación de daño.	4
Mensaje de alto riesgo: mensaje que normaliza la venganza violenta en una publicación de fans, con lenguaje de conflicto.	4
Texto de bajo riesgo: aparece broma ruda entre amigos que no pasa a mayores, sin amenazas ni daño físico.	1
El mensaje usa comentario que invita a responder a los problemas con violencia como forma de presión o miedo; no es adecuado para niños.	4
Texto con violencia moderada: video donde se normaliza resolver conflictos con golpes, con tono intimidante.	3
Comentario con escena de empujón accidental tratada como humor; puede ser poco amable, pero no llega a violencia real.	1
Comentario con broma ruda entre amigos que no pasa a mayores; puede ser poco amable, pero no llega a violencia real.	1
Contenido de riesgo alto: comentario que invita a responder a los problemas con violencia en un comentario de redes, con glorificación de daño.	4
Mensaje problemático por escena donde varios personajes se enfrentan físicamente; describe violencia a alto nivel, sin detalles gráficos.	3
Comentario no recomendado para menores: mensaje que normaliza la venganza violenta, con tono de amenaza o intimidación.	4
Comentario de riesgo medio: mensaje que trata los golpes como entretenimiento, con normalización de una conducta agresiva.	3
El mensaje usa comentario que invita a responder a los problemas con violencia como forma de presión o miedo; no es adecuado para niños.	4
Creo que si el gobierno mexicano me encuentra por supuesto que me va a arrestar, pero no me va a matar. Chapo Guzmán	5
Texto preocupante porque incluye comentario que usa intimidación para provocar miedo; no contiene instrucciones, pero sí normaliza violencia.	4
El mensaje incluye competencia deportiva con contacto controlado en un video de reacción; es acción leve y no gráfica.	2
Contenido de riesgo máximo: comentario que celebra daño severo hacia otra persona sin describirlo gráficamente en un video viral, claramente no apto para menores.	5
El mensaje es seguro: trata de reacción alegre a un video de baile y mantiene un tono respetuoso.	0
El mensaje es seguro: trata de comentario amable sobre una canción infantil y mantiene un tono respetuoso.	0
El texto menciona mensaje que trata los golpes como entretenimiento en un montaje dramático; no es apto para niños sin supervisión.	3
El contenido presenta mensaje que describe una persecución agresiva sin detalles explícitos en un video de barrio, lo cual puede ser inadecuado para menores.	3
Mensaje muy riesgoso: comentario que elogia a figuras criminales violentas; evita detalles gráficos, pero glorifica daño grave.	5
Contenido de riesgo máximo: mensaje que trata la violencia extrema como espectáculo en un video viral, claramente no apto para menores.	5
Texto preocupante porque incluye comentario que invita a responder a los problemas con violencia; no contiene instrucciones, pero sí normaliza violencia.	4
Contenido de riesgo alto: mensaje que glorifica una pelea fuerte y humillante en un montaje dramático, con glorificación de daño.	4
El contenido menciona video de acción con golpes simulados y tono ficticio; requiere contexto, aunque no da instrucciones ni detalles gráficos.	2
El contenido menciona persecución ficticia sin daño real; requiere contexto, aunque no da instrucciones ni detalles gráficos.	2
Texto preocupante porque incluye comentario que usa intimidación para provocar miedo; no contiene instrucciones, pero sí normaliza violencia.	4
El contenido presenta comentario que celebra una discusión que se vuelve física en un relato ficticio, lo cual puede ser inadecuado para menores.	3
Mensaje con pelea leve de caricatura sin heridas ni miedo intenso en una publicación de fans, tratado como ficción o actividad controlada.	2
El texto menciona video donde se normaliza resolver conflictos con golpes en una discusión grabada; no es apto para niños sin supervisión.	3
Texto preocupante porque incluye comentario que invita a responder a los problemas con violencia; no contiene instrucciones, pero sí normaliza violencia.	4
Comentario de riesgo medio: escena donde varios personajes se enfrentan físicamente, con normalización de una conducta agresiva.	3
El mensaje presenta mensaje que trata la violencia extrema como espectáculo como algo aceptable o admirable; es altamente inadecuado para menores.	5
El mensaje incluye juego de batalla con accesorios de espuma en un video de reacción; es acción leve y no gráfica.	2
Mensaje con conflicto menor: comentario con tono molesto pero sin amenazas, sin contenido gráfico.	1
Mensaje muy riesgoso: mensaje que presenta la crueldad como algo aceptable; evita detalles gráficos, pero glorifica daño grave.	5
Texto preocupante porque incluye texto que presume participar en actos agresivos; no contiene instrucciones, pero sí normaliza violencia.	4
El contenido presenta pelea callejera mencionada de forma general sin detalles gráficos en una transmisión en vivo, lo cual puede ser inadecuado para menores.	3
Contenido de riesgo alto: texto que celebra que alguien termine lastimado, sin detalles gráficos en un foro de adolescentes, con glorificación de daño.	4
El contenido presenta mensaje que describe una persecución agresiva sin detalles explícitos en un clip de internet, lo cual puede ser inadecuado para menores.	3
Comentario sin riesgo: habla de mensaje respetuoso en un video de ciencia para niños, sin violencia ni amenazas.	0
No pues las 4 letras no corren las personas si 🙄	5
Comentario sin riesgo: habla de comentario amable sobre una canción infantil, sin violencia ni amenazas.	0
Mensaje con caída cómica sobre colchoneta sin consecuencias en una escena de acción, tratado como ficción o actividad controlada.	2
Comentario de riesgo 5 porque incluye texto que amenaza con consecuencias violentas graves en una animación oscura, descrito de forma general.	5
Comentario no recomendado para menores: comentario que invita a responder a los problemas con violencia, con tono de amenaza o intimidación.	4
Comentario de riesgo 5 porque incluye comentario que celebra daño severo hacia otra persona sin describirlo gráficamente en una animación oscura, que requiere supervisión adulta.	5
Texto no apto para niños ni adolescentes: mensaje que glorifica violencia grave y la presenta como admirable, con normalización de violencia extrema.	5
Texto no apto para niños ni adolescentes: texto que promueve miedo, control e intimidación como poder, con normalización de violencia extrema.	5
Comentario sobre caída cómica sobre colchoneta sin consecuencias; puede no ser ideal para niños pequeños, pero no es extremo.	2
Comentario de riesgo medio: comentario que celebra una discusión que se vuelve física, con normalización de una conducta agresiva.	3
Contenido de riesgo máximo: comentario que elogia a figuras criminales violentas en un relato ficticio, claramente no apto para menores.	5
No soy un criminal, solo hago negocios. Chapo Guzmán	5
Comentario no recomendado para menores: comentario que invita a responder a los problemas con violencia, con tono de amenaza o intimidación.	4
Contenido de riesgo alto: texto que presume participar en actos agresivos en una animación oscura, con glorificación de daño.	4
Comentario de riesgo medio: escena donde varios personajes se enfrentan físicamente, con normalización de una conducta agresiva.	3
El mensaje presenta comentario que elogia a figuras criminales violentas como algo aceptable o admirable; es altamente inadecuado para menores.	5
El texto menciona comentario que alienta una revancha física sin explicar cómo en una transmisión en vivo; no es apto para niños sin supervisión.	3
El mensaje presenta texto que celebra una agresión extrema sin detalles explícitos como algo aceptable o admirable; es altamente inadecuado para menores.	5
La vida hay que vivirla irresponsablemente, pero con responsabilidad. Pablo Escobar	5
Mensaje problemático por mensaje que trata los golpes como entretenimiento; describe violencia a alto nivel, sin detalles gráficos.	3
Comentario de riesgo medio: mensaje que describe una persecución agresiva sin detalles explícitos, con normalización de una conducta agresiva.	3
Comentario de riesgo medio: escena donde varios personajes se enfrentan físicamente, con normalización de una conducta agresiva.	3
Contenido de riesgo máximo: comentario que elogia a figuras criminales violentas en una escena de acción, claramente no apto para menores.	5
Comentario de riesgo 5 porque incluye comentario que normaliza hacer daño grave para ganar respeto en un video de barrio, que puede asustar a menores.	5
El mensaje presenta comentario que normaliza hacer daño grave para ganar respeto como algo aceptable o admirable; es altamente inadecuado para menores.	5
El mensaje presenta comentario que celebra daño severo hacia otra persona sin describirlo gráficamente como algo aceptable o admirable; es altamente inadecuado para menores.	5
El mensaje usa comentario que usa intimidación para provocar miedo como forma de presión o miedo; no es adecuado para niños.	4
El mensaje presenta texto que promueve miedo, control e intimidación como poder como algo aceptable o admirable; es altamente inadecuado para menores.	5
El mensaje incluye juego de batalla con accesorios de espuma en una discusión grabada; es acción leve y no gráfica.	2
Desde que empecé en el negocio del tráfico de drogas hasta ahora se produjo una gran diferencia. Hoy en día hay un montón de drogas, pero en aquel entonces, las únicas que conocíamos eran la marihuana y la amapola. Chapo Guzmán	5
Texto apto para menores sobre opinión positiva sobre una manualidad familiar; no contiene agresión ni intimidación.	0
Mensaje problemático por comentario que alienta una revancha física sin explicar cómo; describe violencia a alto nivel, sin detalles gráficos.	3
Contenido de riesgo alto: mensaje que normaliza la venganza violenta en un fragmento de película, con glorificación de daño.	4
Mensaje muy riesgoso: mensaje que trata la violencia extrema como espectáculo; evita detalles gráficos, pero glorifica daño grave.	5
Texto preocupante porque incluye mensaje que glorifica una pelea fuerte y humillante; no contiene instrucciones, pero sí normaliza violencia.	4
Mensaje problemático por escena donde varios personajes se enfrentan físicamente; describe violencia a alto nivel, sin detalles gráficos.	3
Comentario no recomendado para menores: comentario que usa intimidación para provocar miedo, con tono de amenaza o intimidación.	4
Texto apto para menores sobre opinión positiva sobre una manualidad familiar; no contiene agresión ni intimidación.	0
Texto preocupante porque incluye comentario que amenaza con hacer daño a otra persona sin dar instrucciones; no contiene instrucciones, pero sí normaliza violencia.	4
El mensaje usa comentario que invita a responder a los problemas con violencia como forma de presión o miedo; no es adecuado para niños.	4
Contenido de riesgo máximo: texto que amenaza con consecuencias violentas graves en un fragmento de película, claramente no apto para menores.	5
El texto menciona mensaje que trata los golpes como entretenimiento en una escena de acción; no es apto para niños sin supervisión.	3
El mensaje presenta comentario que normaliza hacer daño grave para ganar respeto como algo aceptable o admirable; es altamente inadecuado para menores.	5
Mensaje problemático por pelea callejera mencionada de forma general sin detalles gráficos; describe violencia a alto nivel, sin detalles gráficos.	3
Texto con violencia moderada: video donde se normaliza resolver conflictos con golpes, con una situación tensa.	3
El mensaje presenta comentario que elogia a figuras criminales violentas como algo aceptable o admirable; es altamente inadecuado para menores.	5
Texto no apto para niños ni adolescentes: mensaje que trata la violencia extrema como espectáculo, con normalización de violencia extrema.	5
Comentario de riesgo medio: pelea callejera mencionada de forma general sin detalles gráficos, con normalización de una conducta agresiva.	3
El texto menciona comentario que alienta una revancha física sin explicar cómo en un video de barrio; no es apto para niños sin supervisión.	3
Mensaje problemático por pelea callejera mencionada de forma general sin detalles gráficos; describe violencia a alto nivel, sin detalles gráficos.	3
El mensaje presenta texto que celebra una agresión extrema sin detalles explícitos como algo aceptable o admirable; es altamente inadecuado para menores.	5
Mensaje problemático por mensaje que describe una persecución agresiva sin detalles explícitos; describe violencia a alto nivel, sin detalles gráficos.	3
Texto apto para menores sobre mensaje respetuoso en un video de ciencia para niños; no contiene agresión ni intimidación.	0
Contenido de riesgo alto: comentario que usa intimidación para provocar miedo en una transmisión en vivo, con glorificación de daño.	4
El mensaje usa comentario que presenta el daño físico como algo divertido como forma de presión o miedo; no es adecuado para niños.	4
Mensaje tranquilo sobre comentario sano sobre un reto sin peligro, con lenguaje amable y familiar.	0
Mensaje de alto riesgo: texto que presume participar en actos agresivos en un relato ficticio, con tono intimidante.	4
Mensaje problemático por pelea callejera mencionada de forma general sin detalles gráficos; describe violencia a alto nivel, sin detalles gráficos.	3
Mensaje de alto riesgo: mensaje que se burla de una víctima después de una agresión en un fragmento de película, con lenguaje de conflicto.	4
Mensaje muy riesgoso: mensaje que presenta la crueldad como algo aceptable; evita detalles gráficos, pero glorifica daño grave.	5
Mensaje tranquilo sobre mensaje familiar sobre un cuento animado, con lenguaje amable y familiar.	0
El mensaje usa comentario que invita a responder a los problemas con violencia como forma de presión o miedo; no es adecuado para niños.	4
Mensaje muy riesgoso: mensaje que presenta la crueldad como algo aceptable; evita detalles gráficos, pero glorifica daño grave.	5
Contenido de riesgo máximo: mensaje que presenta la crueldad como algo aceptable en un montaje dramático, claramente no apto para menores.	5
El mensaje presenta comentario que elogia a figuras criminales violentas como algo aceptable o admirable; es altamente inadecuado para menores.	5
Los que más hablan de moralidad son los que más tienen que esconder. Pablo Escobar	5
El contenido menciona discusión fuerte donde nadie resulta herido; requiere contexto, aunque no da instrucciones ni detalles gráficos.	2
Texto no apto para niños ni adolescentes: mensaje que trata la violencia extrema como espectáculo, con normalización de violencia extrema.	5
El texto menciona comentario que minimiza una pelea real entre adolescentes en una transmisión en vivo; no es apto para niños sin supervisión.	3
El mensaje presenta mensaje que trata la violencia extrema como espectáculo como algo aceptable o admirable; es altamente inadecuado para menores.	5
Mensaje con competencia deportiva con contacto controlado en una discusión grabada, tratado como ficción o actividad controlada.	2
El mensaje contiene escena de empujón accidental tratada como humor en un montaje dramático, pero se mantiene en un nivel leve.	1
El mensaje presenta mensaje que romantiza el crimen violento y sus consecuencias como algo aceptable o admirable; es altamente inadecuado para menores.	5
Texto preocupante porque incluye mensaje que se burla de una víctima después de una agresión; no contiene instrucciones, pero sí normaliza violencia.	4
Texto no apto para niños ni adolescentes: comentario que celebra daño severo hacia otra persona sin describirlo gráficamente, con normalización de violencia extrema.	5
El contenido presenta mensaje que trata los golpes como entretenimiento en un clip de internet, lo cual puede ser inadecuado para menores.	3
Contenido de riesgo máximo: texto que celebra una agresión extrema sin detalles explícitos en una discusión grabada, claramente no apto para menores.	5
Mensaje problemático por comentario que minimiza una pelea real entre adolescentes; describe violencia a alto nivel, sin detalles gráficos.	3
Comentario no recomendado para menores: mensaje que se burla de una víctima después de una agresión, con tono de amenaza o intimidación.	4
El contenido presenta video donde se normaliza resolver conflictos con golpes en un video de barrio, lo cual puede ser inadecuado para menores.	3
Comentario no recomendado para menores: comentario que invita a responder a los problemas con violencia, con tono de amenaza o intimidación.	4
Comentario de riesgo 5 porque incluye texto que promueve miedo, control e intimidación como poder en un relato ficticio, con lenguaje de conflicto.	5
El contenido presenta comentario que minimiza una pelea real entre adolescentes en un comentario de redes, lo cual puede ser inadecuado para menores.	3
Mensaje muy riesgoso: mensaje que glorifica violencia grave y la presenta como admirable; evita detalles gráficos, pero glorifica daño grave.	5
El texto menciona comentario que celebra una discusión que se vuelve física en un montaje dramático; no es apto para niños sin supervisión.	3
Contenido de riesgo máximo: texto que promueve miedo, control e intimidación como poder en un fragmento de película, claramente no apto para menores.	5
Comentario sobre pelea leve de caricatura sin heridas ni miedo intenso; puede no ser ideal para niños pequeños, pero no es extremo.	2
Comentario con intercambio tenso que termina en disculpa; puede ser poco amable, pero no llega a violencia real.	1
El mensaje presenta mensaje que romantiza el crimen violento y sus consecuencias como algo aceptable o admirable; es altamente inadecuado para menores.	5
El mensaje presenta comentario que elogia a figuras criminales violentas como algo aceptable o admirable; es altamente inadecuado para menores.	5
Texto apto para menores sobre mensaje respetuoso en un video de ciencia para niños; no contiene agresión ni intimidación.	0
Texto preocupante porque incluye mensaje que glorifica una pelea fuerte y humillante; no contiene instrucciones, pero sí normaliza violencia.	4
El mensaje presenta texto que amenaza con consecuencias violentas graves como algo aceptable o admirable; es altamente inadecuado para menores.	5
Mensaje problemático por mensaje que presenta la agresión como forma de ganar respeto; describe violencia a alto nivel, sin detalles gráficos.	3
Comentario de riesgo 5 porque incluye mensaje que glorifica violencia grave y la presenta como admirable en un video viral, que requiere supervisión adulta.	5
Contenido de riesgo alto: texto que presume participar en actos agresivos en una discusión grabada, con glorificación de daño.	4
Comentario de riesgo medio: video con intimidación y contacto violento descrito a alto nivel, con normalización de una conducta agresiva.	3
El contenido menciona discusión fuerte donde nadie resulta herido; requiere contexto, aunque no da instrucciones ni detalles gráficos.	2
Texto con violencia moderada: escena donde varios personajes se enfrentan físicamente, con tono intimidante.	3
Mensaje de alto riesgo: texto que presume participar en actos agresivos en un foro de adolescentes, que puede asustar a menores.	4
Contenido de riesgo máximo: mensaje que glorifica violencia grave y la presenta como admirable en un video de barrio, claramente no apto para menores.	5
Mensaje con video de acción con golpes simulados y tono ficticio en un fragmento de película, tratado como ficción o actividad controlada.	2
Texto preocupante porque incluye comentario que usa intimidación para provocar miedo; no contiene instrucciones, pero sí normaliza violencia.	4
Comentario sin riesgo: habla de comentario positivo sobre un juego de mesa, sin violencia ni amenazas.	0
Mensaje muy riesgoso: mensaje que glorifica violencia grave y la presenta como admirable; evita detalles gráficos, pero glorifica daño grave.	5
Texto con riesgo bajo-medio: caída cómica sobre colchoneta sin consecuencias, presentado sin daño explícito.	2
Mensaje muy riesgoso: mensaje que trata la violencia extrema como espectáculo; evita detalles gráficos, pero glorifica daño grave.	5
El mensaje contiene desafío verbal algo brusco pero sin violencia en una escena de acción, pero se mantiene en un nivel leve.	1
Comentario de riesgo 5 porque incluye mensaje que romantiza el crimen violento y sus consecuencias en un comentario de redes, descrito de forma general.	5
El mensaje presenta comentario que normaliza hacer daño grave para ganar respeto como algo aceptable o admirable; es altamente inadecuado para menores.	5
Mensaje de alto riesgo: mensaje que normaliza la venganza violenta en un video de barrio, no apto para niños pequeños.	4
El contenido presenta mensaje que trata los golpes como entretenimiento en una escena de acción, lo cual puede ser inadecuado para menores.	3
El mensaje presenta comentario que normaliza hacer daño grave para ganar respeto como algo aceptable o admirable; es altamente inadecuado para menores.	5
Mensaje de alto riesgo: texto que presume participar en actos agresivos en un foro de adolescentes, presentado como algo normal.	4
Texto con riesgo bajo-medio: escena de empujones en un juego físico supervisado, presentado sin daño explícito.	2
Texto de bajo riesgo: aparece broma ruda entre amigos que no pasa a mayores, sin amenazas ni daño físico.	1
El mensaje usa texto que justifica golpear a alguien por una discusión como forma de presión o miedo; no es adecuado para niños.	4
Mensaje problemático por escena donde varios personajes se enfrentan físicamente; describe violencia a alto nivel, sin detalles gráficos.	3
Comentario de riesgo 5 porque incluye comentario que celebra daño severo hacia otra persona sin describirlo gráficamente en un comentario de redes, con tono agresivo.	5
El contenido presenta mensaje que describe una persecución agresiva sin detalles explícitos en una discusión grabada, lo cual puede ser inadecuado para menores.	3
Comentario de riesgo 5 porque incluye comentario que normaliza hacer daño grave para ganar respeto en una historia corta, no apto para niños pequeños.	5
Texto preocupante porque incluye texto que presume participar en actos agresivos; no contiene instrucciones, pero sí normaliza violencia.	4
Comentario de riesgo 5 porque incluye comentario que celebra daño severo hacia otra persona sin describirlo gráficamente en una historia corta, no apto para niños pequeños.	5
El mensaje usa texto que celebra que alguien termine lastimado, sin detalles gráficos como forma de presión o miedo; no es adecuado para niños.	4
El mensaje incluye pelea leve de caricatura sin heridas ni miedo intenso en un relato ficticio; es acción leve y no gráfica.	2
El mensaje presenta texto que celebra una agresión extrema sin detalles explícitos como algo aceptable o admirable; es altamente inadecuado para menores.	5
Comentario sin riesgo: habla de comentario sobre un video educativo sin lenguaje agresivo, sin violencia ni amenazas.	0
El texto menciona mensaje que trata los golpes como entretenimiento en un video viral; no es apto para niños sin supervisión.	3
Comentario con intercambio tenso que termina en disculpa; puede ser poco amable, pero no llega a violencia real.	1
El contenido presenta escena donde varios personajes se enfrentan físicamente en un relato ficticio, lo cual puede ser inadecuado para menores.	3
Comentario no recomendado para menores: mensaje que se burla de una víctima después de una agresión, con tono de amenaza o intimidación.	4
Texto con riesgo bajo-medio: entrenamiento de artes marciales con protección, presentado sin daño explícito.	2
Mensaje con conflicto menor: queja exagerada sobre perder un juego, sin contenido gráfico.	1
Texto no apto para niños ni adolescentes: comentario que normaliza hacer daño grave para ganar respeto, con normalización de violencia extrema.	5
Texto preocupante porque incluye texto que justifica golpear a alguien por una discusión; no contiene instrucciones, pero sí normaliza violencia.	4
El mensaje presenta mensaje que presenta la crueldad como algo aceptable como algo aceptable o admirable; es altamente inadecuado para menores.	5
El contenido presenta mensaje que trata los golpes como entretenimiento en un clip de internet, lo cual puede ser inadecuado para menores.	3
Mensaje con conflicto menor: frase competitiva con enojo leve, sin contenido gráfico.	1
No, señor, para nada, porque la gente que se dedica a esta actividad, pues no dependen de mí. Chapo Guzmán	5
Texto con violencia moderada: mensaje que describe una persecución agresiva sin detalles explícitos, descrito de forma general.	3
Mensaje con conflicto menor: escena de empujón accidental tratada como humor, sin contenido gráfico.	1
Comentario de riesgo medio: escena donde varios personajes se enfrentan físicamente, con normalización de una conducta agresiva.	3
Comentario de riesgo medio: comentario que alienta una revancha física sin explicar cómo, con normalización de una conducta agresiva.	3
Texto preocupante porque incluye comentario que presenta el daño físico como algo divertido; no contiene instrucciones, pero sí normaliza violencia.	4
Comentario de riesgo medio: comentario que minimiza una pelea real entre adolescentes, con normalización de una conducta agresiva.	3
Contenido de riesgo alto: mensaje que se burla de una víctima después de una agresión en un montaje dramático, con glorificación de daño.	4
El mensaje presenta mensaje que presenta la crueldad como algo aceptable como algo aceptable o admirable; es altamente inadecuado para menores.	5
El mensaje es seguro: trata de opinión neutral sobre una receta sencilla y mantiene un tono respetuoso.	0
El mensaje usa comentario que invita a responder a los problemas con violencia como forma de presión o miedo; no es adecuado para niños.	4
El mensaje usa comentario que usa intimidación para provocar miedo como forma de presión o miedo; no es adecuado para niños.	4
Mensaje problemático por video donde se normaliza resolver conflictos con golpes; describe violencia a alto nivel, sin detalles gráficos.	3
El mensaje usa comentario que usa intimidación para provocar miedo como forma de presión o miedo; no es adecuado para niños.	4
El mensaje usa mensaje que se burla de una víctima después de una agresión como forma de presión o miedo; no es adecuado para niños.	4
Mensaje problemático por pelea callejera mencionada de forma general sin detalles gráficos; describe violencia a alto nivel, sin detalles gráficos.	3
Comentario no recomendado para menores: mensaje que normaliza la venganza violenta, con tono de amenaza o intimidación.	4
Comentario no recomendado para menores: comentario que usa intimidación para provocar miedo, con tono de amenaza o intimidación.	4
Comentario de riesgo medio: video donde se normaliza resolver conflictos con golpes, con normalización de una conducta agresiva.	3
El texto menciona comentario que celebra una discusión que se vuelve física en una animación oscura; no es apto para niños sin supervisión.	3
El contenido menciona caída cómica sobre colchoneta sin consecuencias; requiere contexto, aunque no da instrucciones ni detalles gráficos.	2
Mensaje con video de acción con golpes simulados y tono ficticio en un video viral, tratado como ficción o actividad controlada.	2
Comentario de riesgo medio: mensaje que trata los golpes como entretenimiento, con normalización de una conducta agresiva.	3
Mensaje muy riesgoso: texto que celebra una agresión extrema sin detalles explícitos; evita detalles gráficos, pero glorifica daño grave.	5
Contenido de riesgo alto: mensaje que glorifica una pelea fuerte y humillante en un comentario de redes, con glorificación de daño.	4
El mensaje incluye video de acción con golpes simulados y tono ficticio en una animación oscura; es acción leve y no gráfica.	2
Comentario sin riesgo: habla de mensaje respetuoso en un video de ciencia para niños, sin violencia ni amenazas.	0
Comentario no recomendado para menores: mensaje que glorifica una pelea fuerte y humillante, con tono de amenaza o intimidación.	4
Comentario de riesgo medio: video donde se normaliza resolver conflictos con golpes, con normalización de una conducta agresiva.	3
El mensaje presenta comentario que normaliza hacer daño grave para ganar respeto como algo aceptable o admirable; es altamente inadecuado para menores.	5
El texto muestra comentario con tono molesto pero sin amenazas en una publicación de fans, con tono molesto pero controlado.	1
Comentario de riesgo 5 porque incluye mensaje que romantiza el crimen violento y sus consecuencias en una historia corta, con tono agresivo.	5
El contenido menciona pelea leve de caricatura sin heridas ni miedo intenso; requiere contexto, aunque no da instrucciones ni detalles gráficos.	2
El contenido menciona entrenamiento de artes marciales con protección; requiere contexto, aunque no da instrucciones ni detalles gráficos.	2
El mensaje presenta mensaje que trata la violencia extrema como espectáculo como algo aceptable o admirable; es altamente inadecuado para menores.	5
Texto preocupante porque incluye mensaje que normaliza la venganza violenta; no contiene instrucciones, pero sí normaliza violencia.	4
El texto muestra broma ruda entre amigos que no pasa a mayores en un comentario de redes, con tono molesto pero controlado.	1
El mensaje es seguro: trata de opinión neutral sobre una receta sencilla y mantiene un tono respetuoso.	0
El texto menciona mensaje que trata los golpes como entretenimiento en un fragmento de película; no es apto para niños sin supervisión.	3
Comentario sobre caída cómica sobre colchoneta sin consecuencias; puede no ser ideal para niños pequeños, pero no es extremo.	2
Texto preocupante porque incluye texto que celebra que alguien termine lastimado, sin detalles gráficos; no contiene instrucciones, pero sí normaliza violencia.	4
Texto con violencia moderada: mensaje que presenta la agresión como forma de ganar respeto, descrito de forma general.	3
El mensaje usa texto que justifica golpear a alguien por una discusión como forma de presión o miedo; no es adecuado para niños.	4
Contenido de riesgo máximo: comentario que celebra daño severo hacia otra persona sin describirlo gráficamente en una discusión grabada, claramente no apto para menores.	5
Texto preocupante porque incluye mensaje que glorifica una pelea fuerte y humillante; no contiene instrucciones, pero sí normaliza violencia.	4
Contenido de riesgo alto: comentario que presenta el daño físico como algo divertido en una discusión grabada, con glorificación de daño.	4
Comentario sin riesgo: habla de reacción tranquila a un video de mascotas, sin violencia ni amenazas.	0
Comentario sobre escena de empujones en un juego físico supervisado; puede no ser ideal para niños pequeños, pero no es extremo.	2
Mensaje de alto riesgo: comentario que invita a responder a los problemas con violencia en una historia corta, con una idea negativa para menores.	4
pobres niñas se defienden con drones 😆	5
El mensaje usa mensaje que glorifica una pelea fuerte y humillante como forma de presión o miedo; no es adecuado para niños.	4
Mensaje con video de acción con golpes simulados y tono ficticio en una animación oscura, tratado como ficción o actividad controlada.	2
Mensaje de alto riesgo: texto que presume participar en actos agresivos en un video de reacción, con una idea negativa para menores.	4
El mensaje incluye escena de empujones en un juego físico supervisado en una escena de acción; es acción leve y no gráfica.	2
Texto preocupante porque incluye texto que justifica golpear a alguien por una discusión; no contiene instrucciones, pero sí normaliza violencia.	4
Texto no apto para niños ni adolescentes: texto que amenaza con consecuencias violentas graves, con normalización de violencia extrema.	5
Texto preocupante porque incluye texto que justifica golpear a alguien por una discusión; no contiene instrucciones, pero sí normaliza violencia.	4
Comentario no recomendado para menores: mensaje que normaliza la venganza violenta, con tono de amenaza o intimidación.	4
El mensaje usa texto que presume participar en actos agresivos como forma de presión o miedo; no es adecuado para niños.	4
El texto muestra intercambio tenso que termina en disculpa en una publicación de fans, con tono molesto pero controlado.	1
Mensaje de alto riesgo: comentario que amenaza con hacer daño a otra persona sin dar instrucciones en una publicación de fans, con una idea negativa para menores.	4
Contenido de riesgo alto: comentario que amenaza con hacer daño a otra persona sin dar instrucciones en una historia corta, con glorificación de daño.	4
Comentario sin riesgo: habla de opinión positiva sobre una manualidad familiar, sin violencia ni amenazas.	0
Las reglas solo existen para quienes no tienen el poder de romperlas. Al Capone	5
No se trata de tener poder, sino de que los demás crean que lo tienes. Al Capone	5
Comentario de riesgo 5 porque incluye texto que promueve miedo, control e intimidación como poder en un clip de internet, no apto para niños pequeños.	5
Texto con riesgo bajo-medio: juego de batalla con accesorios de espuma, presentado sin daño explícito.	2
Texto no apto para niños ni adolescentes: texto que amenaza con consecuencias violentas graves, con normalización de violencia extrema.	5
Contenido de riesgo alto: mensaje que se burla de una víctima después de una agresión en una historia corta, con glorificación de daño.	4
Comentario no recomendado para menores: comentario que presenta el daño físico como algo divertido, con tono de amenaza o intimidación.	4
Mensaje muy riesgoso: comentario que elogia a figuras criminales violentas; evita detalles gráficos, pero glorifica daño grave.	5
El mensaje presenta mensaje que glorifica violencia grave y la presenta como admirable como algo aceptable o admirable; es altamente inadecuado para menores.	5
Mensaje tranquilo sobre opinión neutral sobre una receta sencilla, con lenguaje amable y familiar.	0
Mensaje muy riesgoso: mensaje que romantiza el crimen violento y sus consecuencias; evita detalles gráficos, pero glorifica daño grave.	5
El texto muestra queja exagerada sobre perder un juego en un video viral, con tono molesto pero controlado.	1
Comentario sin riesgo: habla de opinión positiva sobre una manualidad familiar, sin violencia ni amenazas.	0
Comentario no recomendado para menores: texto que celebra que alguien termine lastimado, sin detalles gráficos, con tono de amenaza o intimidación.	4
Contenido de riesgo máximo: mensaje que romantiza el crimen violento y sus consecuencias en un montaje dramático, claramente no apto para menores.	5
El mensaje incluye competencia deportiva con contacto controlado en un montaje dramático; es acción leve y no gráfica.	2
Texto con violencia moderada: mensaje que presenta la agresión como forma de ganar respeto, descrito de forma general.	3
Texto preocupante porque incluye comentario que presenta el daño físico como algo divertido; no contiene instrucciones, pero sí normaliza violencia.	4
Texto preocupante porque incluye comentario que presenta el daño físico como algo divertido; no contiene instrucciones, pero sí normaliza violencia.	4
El mensaje contiene intercambio tenso que termina en disculpa en un comentario de redes, pero se mantiene en un nivel leve.	1
Mensaje problemático por video con intimidación y contacto violento descrito a alto nivel; describe violencia a alto nivel, sin detalles gráficos.	3
Mensaje con conflicto menor: comentario de rivalidad escolar sin daño físico, sin contenido gráfico.	1
El texto muestra discusión leve entre personajes sin insultos fuertes en una escena de acción, con tono molesto pero controlado.	1
Texto con violencia moderada: video donde se normaliza resolver conflictos con golpes, que puede asustar a menores.	3
Mensaje con conflicto menor: desafío verbal algo brusco pero sin violencia, sin contenido gráfico.	1
Texto no apto para niños ni adolescentes: comentario que celebra daño severo hacia otra persona sin describirlo gráficamente, con normalización de violencia extrema.	5
Contenido de riesgo máximo: texto que amenaza con consecuencias violentas graves en un comentario de redes, claramente no apto para menores.	5
Mensaje de alto riesgo: mensaje que glorifica una pelea fuerte y humillante en una escena de acción, sin detalles explícitos.	4
Texto con violencia moderada: mensaje que trata los golpes como entretenimiento, sin detalles explícitos.	3
Texto con violencia moderada: mensaje que describe una persecución agresiva sin detalles explícitos, presentado como algo normal.	3
Comentario de riesgo 5 porque incluye texto que promueve miedo, control e intimidación como poder en una discusión grabada, presentado como algo normal.	5
Mensaje problemático por comentario que alienta una revancha física sin explicar cómo; describe violencia a alto nivel, sin detalles gráficos.	3
Texto no apto para niños ni adolescentes: mensaje que romantiza el crimen violento y sus consecuencias, con normalización de violencia extrema.	5
El mensaje presenta comentario que celebra daño severo hacia otra persona sin describirlo gráficamente como algo aceptable o admirable; es altamente inadecuado para menores.	5
El mensaje usa texto que justifica golpear a alguien por una discusión como forma de presión o miedo; no es adecuado para niños.	4
El mensaje usa mensaje que normaliza la venganza violenta como forma de presión o miedo; no es adecuado para niños.	4
El mensaje incluye video de acción con golpes simulados y tono ficticio en una discusión grabada; es acción leve y no gráfica.	2
El mensaje contiene reacción impulsiva ante una derrota en una historia corta, pero se mantiene en un nivel leve.	1
Comentario de riesgo 5 porque incluye mensaje que romantiza el crimen violento y sus consecuencias en un relato ficticio, presentado como algo normal.	5
Comentario de riesgo medio: escena donde varios personajes se enfrentan físicamente, con normalización de una conducta agresiva.	3
Mensaje de alto riesgo: comentario que invita a responder a los problemas con violencia en un video de barrio, con una situación tensa.	4
El texto muestra comentario de rivalidad escolar sin daño físico en un comentario de redes, con tono molesto pero controlado.	1
Mensaje muy riesgoso: mensaje que glorifica violencia grave y la presenta como admirable; evita detalles gráficos, pero glorifica daño grave.	5
Comentario positivo de opinión positiva sobre una manualidad familiar; es adecuado para un entorno infantil.	0
Texto preocupante porque incluye mensaje que se burla de una víctima después de una agresión; no contiene instrucciones, pero sí normaliza violencia.	4
El contenido presenta comentario que alienta una revancha física sin explicar cómo en un comentario de redes, lo cual puede ser inadecuado para menores.	3
Texto no apto para niños ni adolescentes: mensaje que presenta la crueldad como algo aceptable, con normalización de violencia extrema.	5
Mensaje problemático por comentario que minimiza una pelea real entre adolescentes; describe violencia a alto nivel, sin detalles gráficos.	3
Contenido de riesgo alto: mensaje que se burla de una víctima después de una agresión en un fragmento de película, con glorificación de daño.	4
Comentario de riesgo 5 porque incluye mensaje que romantiza el crimen violento y sus consecuencias en una historia corta, con una situación tensa.	5
no sabes en el pedo que estas	5
El contenido menciona video de acción con golpes simulados y tono ficticio; requiere contexto, aunque no da instrucciones ni detalles gráficos.	2
El texto menciona comentario que celebra una discusión que se vuelve física en una transmisión en vivo; no es apto para niños sin supervisión.	3
Comentario con comentario de rivalidad escolar sin daño físico; puede ser poco amable, pero no llega a violencia real.	1
Mensaje problemático por video con intimidación y contacto violento descrito a alto nivel; describe violencia a alto nivel, sin detalles gráficos.	3
Texto preocupante porque incluye texto que presume participar en actos agresivos; no contiene instrucciones, pero sí normaliza violencia.	4
Comentario de riesgo 5 porque incluye texto que promueve miedo, control e intimidación como poder en una publicación de fans, con enfoque poco saludable.	5
Contenido de riesgo máximo: mensaje que trata la violencia extrema como espectáculo en una animación oscura, claramente no apto para menores.	5
Contenido de riesgo máximo: mensaje que trata la violencia extrema como espectáculo en un montaje dramático, claramente no apto para menores.	5
Comentario sin riesgo: habla de opinión neutral sobre una receta sencilla, sin violencia ni amenazas.	0
El texto menciona mensaje que trata los golpes como entretenimiento en un fragmento de película; no es apto para niños sin supervisión.	3
El contenido presenta mensaje que presenta la agresión como forma de ganar respeto en un video de barrio, lo cual puede ser inadecuado para menores.	3
El mensaje presenta comentario que elogia a figuras criminales violentas como algo aceptable o admirable; es altamente inadecuado para menores.	5
Mensaje muy riesgoso: mensaje que romantiza el crimen violento y sus consecuencias; evita detalles gráficos, pero glorifica daño grave.	5
Comentario de riesgo medio: pelea callejera mencionada de forma general sin detalles gráficos, con normalización de una conducta agresiva.	3
Contenido de riesgo máximo: comentario que normaliza hacer daño grave para ganar respeto en una historia corta, claramente no apto para menores.	5
Texto con riesgo bajo-medio: entrenamiento de artes marciales con protección, presentado sin daño explícito.	2
Arriba la familia Michoacána	5
Comentario sin riesgo: habla de comentario amable sobre una canción infantil, sin violencia ni amenazas.	0
Mensaje de alto riesgo: texto que presume participar en actos agresivos en un video de barrio, con una situación tensa.	4
Texto no apto para niños ni adolescentes: comentario que normaliza hacer daño grave para ganar respeto, con normalización de violencia extrema.	5
Texto preocupante porque incluye texto que presume participar en actos agresivos; no contiene instrucciones, pero sí normaliza violencia.	4
El mensaje usa comentario que usa intimidación para provocar miedo como forma de presión o miedo; no es adecuado para niños.	4
El mensaje incluye discusión fuerte donde nadie resulta herido en un relato ficticio; es acción leve y no gráfica.	2
El mensaje presenta mensaje que trata la violencia extrema como espectáculo como algo aceptable o admirable; es altamente inadecuado para menores.	5
Texto no apto para niños ni adolescentes: mensaje que presenta la crueldad como algo aceptable, con normalización de violencia extrema.	5
Mensaje con pelea leve de caricatura sin heridas ni miedo intenso en una publicación de fans, tratado como ficción o actividad controlada.	2
Comentario sobre discusión fuerte donde nadie resulta herido; puede no ser ideal para niños pequeños, pero no es extremo.	2
Yo suministro más heroína, metanfetamina, cocaína y marihuana que nadie en el mundo. Tengo una flota de submarinos, aviones, camiones y barcos. Chapo Guzmán	5
Comentario no recomendado para menores: comentario que amenaza con hacer daño a otra persona sin dar instrucciones, con tono de amenaza o intimidación.	4
El texto menciona escena donde varios personajes se enfrentan físicamente en un comentario de redes; no es apto para niños sin supervisión.	3
Mensaje muy riesgoso: comentario que normaliza hacer daño grave para ganar respeto; evita detalles gráficos, pero glorifica daño grave.	5
El mensaje presenta texto que celebra una agresión extrema sin detalles explícitos como algo aceptable o admirable; es altamente inadecuado para menores.	5
Contenido de riesgo máximo: texto que promueve miedo, control e intimidación como poder en una historia corta, claramente no apto para menores.	5
Mensaje muy riesgoso: texto que celebra una agresión extrema sin detalles explícitos; evita detalles gráficos, pero glorifica daño grave.	5
Texto con violencia moderada: pelea callejera mencionada de forma general sin detalles gráficos, descrito de forma general.	3
Mensaje problemático por mensaje que trata los golpes como entretenimiento; describe violencia a alto nivel, sin detalles gráficos.	3
Comentario positivo de mensaje respetuoso en un video de ciencia para niños; es adecuado para un entorno infantil.	0
El contenido presenta comentario que celebra una discusión que se vuelve física en una transmisión en vivo, lo cual puede ser inadecuado para menores.	3
Mensaje tranquilo sobre opinión neutral sobre una receta sencilla, con lenguaje amable y familiar.	0
El texto menciona comentario que celebra una discusión que se vuelve física en un video viral; no es apto para niños sin supervisión.	3
Mensaje de alto riesgo: texto que presume participar en actos agresivos en un video de reacción, con una situación tensa.	4
El texto menciona video donde se normaliza resolver conflictos con golpes en un montaje dramático; no es apto para niños sin supervisión.	3
El mensaje presenta mensaje que romantiza el crimen violento y sus consecuencias como algo aceptable o admirable; es altamente inadecuado para menores.	5
Texto no apto para niños ni adolescentes: comentario que normaliza hacer daño grave para ganar respeto, con normalización de violencia extrema.	5
Texto preocupante porque incluye mensaje que glorifica una pelea fuerte y humillante; no contiene instrucciones, pero sí normaliza violencia.	4
Mensaje de alto riesgo: comentario que presenta el daño físico como algo divertido en un montaje dramático, con una idea negativa para menores.	4
Comentario no recomendado para menores: mensaje que normaliza la venganza violenta, con tono de amenaza o intimidación.	4
Mensaje problemático por pelea callejera mencionada de forma general sin detalles gráficos; describe violencia a alto nivel, sin detalles gráficos.	3
Texto con riesgo bajo-medio: persecución ficticia sin daño real, presentado sin daño explícito.	2
El texto menciona pelea callejera mencionada de forma general sin detalles gráficos en un montaje dramático; no es apto para niños sin supervisión.	3
Texto no apto para niños ni adolescentes: mensaje que presenta la crueldad como algo aceptable, con normalización de violencia extrema.	5
Mensaje muy riesgoso: texto que amenaza con consecuencias violentas graves; evita detalles gráficos, pero glorifica daño grave.	5
Comentario no recomendado para menores: texto que celebra que alguien termine lastimado, sin detalles gráficos, con tono de amenaza o intimidación.	4
El mensaje incluye video de acción con golpes simulados y tono ficticio en una escena de acción; es acción leve y no gráfica.	2
Contenido de riesgo máximo: comentario que celebra daño severo hacia otra persona sin describirlo gráficamente en una discusión grabada, claramente no apto para menores.	5
Comentario de riesgo 5 porque incluye texto que celebra una agresión extrema sin detalles explícitos en un relato ficticio, sin detalles explícitos.	5
Comentario de riesgo medio: mensaje que describe una persecución agresiva sin detalles explícitos, con normalización de una conducta agresiva.	3
Texto preocupante porque incluye comentario que usa intimidación para provocar miedo; no contiene instrucciones, pero sí normaliza violencia.	4
Contenido de riesgo alto: comentario que usa intimidación para provocar miedo en una historia corta, con glorificación de daño.	4
Puedes ir muy lejos con una sonrisa. Puedes ir mucho más lejos con una sonrisa y una pistola. Al Capone	5
El mensaje incluye juego de batalla con accesorios de espuma en un foro de adolescentes; es acción leve y no gráfica.	2
Texto con riesgo bajo-medio: pelea leve de caricatura sin heridas ni miedo intenso, presentado sin daño explícito.	2
El mensaje usa comentario que amenaza con hacer daño a otra persona sin dar instrucciones como forma de presión o miedo; no es adecuado para niños.	4
Comentario sin riesgo: habla de opinión neutral sobre una receta sencilla, sin violencia ni amenazas.	0
El contenido presenta video con intimidación y contacto violento descrito a alto nivel en una discusión grabada, lo cual puede ser inadecuado para menores.	3
El contenido presenta mensaje que presenta la agresión como forma de ganar respeto en un fragmento de película, lo cual puede ser inadecuado para menores.	3
Texto con riesgo bajo-medio: persecución ficticia sin daño real, presentado sin daño explícito.	2
Comentario sobre caída cómica sobre colchoneta sin consecuencias; puede no ser ideal para niños pequeños, pero no es extremo.	2
Texto con riesgo bajo-medio: persecución ficticia sin daño real, presentado sin daño explícito.	2
El contenido menciona pelea leve de caricatura sin heridas ni miedo intenso; requiere contexto, aunque no da instrucciones ni detalles gráficos.	2
Mensaje muy riesgoso: comentario que normaliza hacer daño grave para ganar respeto; evita detalles gráficos, pero glorifica daño grave.	5
El mensaje usa comentario que usa intimidación para provocar miedo como forma de presión o miedo; no es adecuado para niños.	4
Texto con riesgo bajo-medio: caída cómica sobre colchoneta sin consecuencias, presentado sin daño explícito.	2
Mensaje con conflicto menor: discusión leve entre personajes sin insultos fuertes, sin contenido gráfico.	1
Mensaje problemático por video con intimidación y contacto violento descrito a alto nivel; describe violencia a alto nivel, sin detalles gráficos.	3
Contenido de riesgo alto: comentario que amenaza con hacer daño a otra persona sin dar instrucciones en un fragmento de película, con glorificación de daño.	4
El contenido presenta comentario que celebra una discusión que se vuelve física en un relato ficticio, lo cual puede ser inadecuado para menores.	3
Comentario de riesgo 5 porque incluye comentario que normaliza hacer daño grave para ganar respeto en un foro de adolescentes, presentado como algo normal.	5
Así quien no ,pero de frente no le topan alas 4 ,saben que rifa y seguirá rifando el SEÑOR DE LOS GALLOS 🐓	5
Texto preocupante porque incluye texto que justifica golpear a alguien por una discusión; no contiene instrucciones, pero sí normaliza violencia.	4
Texto no apto para niños ni adolescentes: mensaje que glorifica violencia grave y la presenta como admirable, con normalización de violencia extrema.	5
Comentario de riesgo 5 porque incluye texto que celebra una agresión extrema sin detalles explícitos en un foro de adolescentes, con tono intimidante.	5
Comentario sobre discusión fuerte donde nadie resulta herido; puede no ser ideal para niños pequeños, pero no es extremo.	2
Mensaje muy riesgoso: comentario que elogia a figuras criminales violentas; evita detalles gráficos, pero glorifica daño grave.	5
Mensaje con caída cómica sobre colchoneta sin consecuencias en un video de barrio, tratado como ficción o actividad controlada.	2
La droga es el producto perfecto: siempre hay demanda, nunca se acaba el mercado. Chapo Guzmán	5
El texto menciona video con intimidación y contacto violento descrito a alto nivel en un clip de internet; no es apto para niños sin supervisión.	3
Contenido de riesgo alto: mensaje que se burla de una víctima después de una agresión en un video de reacción, con glorificación de daño.	4
Comentario de riesgo 5 porque incluye mensaje que trata la violencia extrema como espectáculo en una transmisión en vivo, con tono agresivo.	5
Texto preocupante porque incluye mensaje que normaliza la venganza violenta; no contiene instrucciones, pero sí normaliza violencia.	4
Comentario de riesgo 5 porque incluye texto que promueve miedo, control e intimidación como poder en un clip de internet, con enfoque poco saludable.	5
Texto de bajo riesgo: aparece discusión leve entre personajes sin insultos fuertes, sin amenazas ni daño físico.	1
Comentario de riesgo medio: mensaje que presenta la agresión como forma de ganar respeto, con normalización de una conducta agresiva.	3
Mensaje muy riesgoso: mensaje que romantiza el crimen violento y sus consecuencias; evita detalles gráficos, pero glorifica daño grave.	5
Mensaje de alto riesgo: texto que presume participar en actos agresivos en un foro de adolescentes, con enfoque poco saludable.	4
Mensaje muy riesgoso: texto que celebra una agresión extrema sin detalles explícitos; evita detalles gráficos, pero glorifica daño grave.	5
Le pedí a Dios y salió, salió perfecto todo. Estoy aquí, gracias a Dios. Chapo Guzmán	5
Mensaje de alto riesgo: mensaje que se burla de una víctima después de una agresión en una historia corta, con una idea negativa para menores.	4
Comentario de riesgo 5 porque incluye mensaje que trata la violencia extrema como espectáculo en un clip de internet, con tono intimidante.	5
Texto no apto para niños ni adolescentes: comentario que elogia a figuras criminales violentas, con normalización de violencia extrema.	5
El contenido presenta video con intimidación y contacto violento descrito a alto nivel en una escena de acción, lo cual puede ser inadecuado para menores.	3
Espero que cuando muera no sea por un balazo en el cuello. Chapo Guzmán	5
Comentario positivo de reacción tranquila a un video de mascotas; es adecuado para un entorno infantil.	0
Contenido de riesgo alto: mensaje que glorifica una pelea fuerte y humillante en una discusión grabada, con glorificación de daño.	4
Texto no apto para niños ni adolescentes: comentario que normaliza hacer daño grave para ganar respeto, con normalización de violencia extrema.	5
Mensaje de alto riesgo: texto que celebra que alguien termine lastimado, sin detalles gráficos en una discusión grabada, que requiere supervisión adulta.	4
Contenido de riesgo alto: comentario que amenaza con hacer daño a otra persona sin dar instrucciones en un video de reacción, con glorificación de daño.	4
Comentario no recomendado para menores: mensaje que normaliza la venganza violenta, con tono de amenaza o intimidación.	4
Comentario positivo de comentario sobre un video educativo sin lenguaje agresivo; es adecuado para un entorno infantil.	0
Mensaje muy riesgoso: comentario que elogia a figuras criminales violentas; evita detalles gráficos, pero glorifica daño grave.	5
Mensaje de alto riesgo: comentario que presenta el daño físico como algo divertido en un video de reacción, que requiere supervisión adulta.	4
El mensaje incluye pelea leve de caricatura sin heridas ni miedo intenso en un relato ficticio; es acción leve y no gráfica.	2
El contenido presenta mensaje que trata los golpes como entretenimiento en una historia corta, lo cual puede ser inadecuado para menores.	3
Comentario no recomendado para menores: mensaje que normaliza la venganza violenta, con tono de amenaza o intimidación.	4
Mensaje de alto riesgo: comentario que usa intimidación para provocar miedo en un montaje dramático, no apto para niños pequeños.	4
Contenido de riesgo máximo: texto que celebra una agresión extrema sin detalles explícitos en un clip de internet, claramente no apto para menores.	5
Mensaje con juego de batalla con accesorios de espuma en un comentario de redes, tratado como ficción o actividad controlada.	2
Comentario de riesgo medio: mensaje que presenta la agresión como forma de ganar respeto, con normalización de una conducta agresiva.	3
Comentario positivo de comentario sobre un video educativo sin lenguaje agresivo; es adecuado para un entorno infantil.	0
Ucrania que voleta	5
El mensaje incluye escena de choque leve presentada como comedia en un video de reacción; es acción leve y no gráfica.	2
El texto muestra reacción impulsiva ante una derrota en un video de reacción, con tono molesto pero controlado.	1
Comentario no recomendado para menores: comentario que usa intimidación para provocar miedo, con tono de amenaza o intimidación.	4
Comentario no recomendado para menores: comentario que usa intimidación para provocar miedo, con tono de amenaza o intimidación.	4
El mensaje presenta mensaje que presenta la crueldad como algo aceptable como algo aceptable o admirable; es altamente inadecuado para menores.	5
El mensaje presenta mensaje que romantiza el crimen violento y sus consecuencias como algo aceptable o admirable; es altamente inadecuado para menores.	5
Mensaje problemático por pelea callejera mencionada de forma general sin detalles gráficos; describe violencia a alto nivel, sin detalles gráficos.	3
Comentario de riesgo 5 porque incluye comentario que normaliza hacer daño grave para ganar respeto en una transmisión en vivo, que puede asustar a menores.	5
Comentario de riesgo 5 porque incluye texto que promueve miedo, control e intimidación como poder en un clip de internet, con tono intimidante.	5
Mensaje problemático por escena donde varios personajes se enfrentan físicamente; describe violencia a alto nivel, sin detalles gráficos.	3
Contenido de riesgo máximo: texto que celebra una agresión extrema sin detalles explícitos en un video de reacción, claramente no apto para menores.	5
Texto preocupante porque incluye comentario que presenta el daño físico como algo divertido; no contiene instrucciones, pero sí normaliza violencia.	4
Trabajo	5
El contenido menciona juego de batalla con accesorios de espuma; requiere contexto, aunque no da instrucciones ni detalles gráficos.	2
Mensaje muy riesgoso: mensaje que romantiza el crimen violento y sus consecuencias; evita detalles gráficos, pero glorifica daño grave.	5
Mensaje muy riesgoso: comentario que elogia a figuras criminales violentas; evita detalles gráficos, pero glorifica daño grave.	5
El contenido presenta mensaje que presenta la agresión como forma de ganar respeto en un relato ficticio, lo cual puede ser inadecuado para menores.	3
Texto preocupante porque incluye mensaje que se burla de una víctima después de una agresión; no contiene instrucciones, pero sí normaliza violencia.	4
Contenido de riesgo máximo: texto que celebra una agresión extrema sin detalles explícitos en un montaje dramático, claramente no apto para menores.	5
Contenido de riesgo máximo: texto que celebra una agresión extrema sin detalles explícitos en un clip de internet, claramente no apto para menores.	5
El mensaje incluye discusión fuerte donde nadie resulta herido en un foro de adolescentes; es acción leve y no gráfica.	2
Texto de bajo riesgo: aparece escena de empujón accidental tratada como humor, sin amenazas ni daño físico.	1
Texto no apto para niños ni adolescentes: mensaje que trata la violencia extrema como espectáculo, con normalización de violencia extrema.	5
El mensaje usa comentario que invita a responder a los problemas con violencia como forma de presión o miedo; no es adecuado para niños.	4
Comentario no recomendado para menores: texto que presume participar en actos agresivos, con tono de amenaza o intimidación.	4
Texto con violencia moderada: comentario que celebra una discusión que se vuelve física, no apto para niños pequeños.	3
El mensaje usa mensaje que se burla de una víctima después de una agresión como forma de presión o miedo; no es adecuado para niños.	4
Comentario no recomendado para menores: texto que justifica golpear a alguien por una discusión, con tono de amenaza o intimidación.	4
El contenido presenta video con intimidación y contacto violento descrito a alto nivel en un video viral, lo cual puede ser inadecuado para menores.	3
Texto no apto para niños ni adolescentes: comentario que celebra daño severo hacia otra persona sin describirlo gráficamente, con normalización de violencia extrema.	5
Texto no apto para niños ni adolescentes: comentario que elogia a figuras criminales violentas, con normalización de violencia extrema.	5
El texto muestra discusión leve entre personajes sin insultos fuertes en una historia corta, con tono molesto pero controlado.	1
Mensaje de alto riesgo: comentario que presenta el daño físico como algo divertido en un comentario de redes, que puede asustar a menores.	4
El contenido presenta pelea callejera mencionada de forma general sin detalles gráficos en un video de reacción, lo cual puede ser inadecuado para menores.	3
Contenido de riesgo máximo: mensaje que romantiza el crimen violento y sus consecuencias en un comentario de redes, claramente no apto para menores.	5
Comentario de riesgo 5 porque incluye mensaje que presenta la crueldad como algo aceptable en un montaje dramático, con tono agresivo.	5
Texto con violencia moderada: video donde se normaliza resolver conflictos con golpes, con una idea negativa para menores.	3
El mensaje incluye pelea leve de caricatura sin heridas ni miedo intenso en una transmisión en vivo; es acción leve y no gráfica.	2
Texto preocupante porque incluye comentario que invita a responder a los problemas con violencia; no contiene instrucciones, pero sí normaliza violencia.	4
Texto con violencia moderada: comentario que alienta una revancha física sin explicar cómo, con enfoque poco saludable.	3
Texto no apto para niños ni adolescentes: comentario que elogia a figuras criminales violentas, con normalización de violencia extrema.	5
Comentario positivo de comentario sobre un video educativo sin lenguaje agresivo; es adecuado para un entorno infantil.	0
Mensaje problemático por video con intimidación y contacto violento descrito a alto nivel; describe violencia a alto nivel, sin detalles gráficos.	3
Contenido de riesgo alto: texto que presume participar en actos agresivos en un comentario de redes, con glorificación de daño.	4
El mensaje usa comentario que usa intimidación para provocar miedo como forma de presión o miedo; no es adecuado para niños.	4
Mensaje muy riesgoso: mensaje que trata la violencia extrema como espectáculo; evita detalles gráficos, pero glorifica daño grave.	5
Mensaje con juego de batalla con accesorios de espuma en un comentario de redes, tratado como ficción o actividad controlada.	2
El mensaje presenta comentario que normaliza hacer daño grave para ganar respeto como algo aceptable o admirable; es altamente inadecuado para menores.	5
Mensaje problemático por comentario que minimiza una pelea real entre adolescentes; describe violencia a alto nivel, sin detalles gráficos.	3
Comentario de riesgo 5 porque incluye mensaje que glorifica violencia grave y la presenta como admirable en un relato ficticio, con lenguaje de conflicto.	5
Mensaje problemático por video donde se normaliza resolver conflictos con golpes; describe violencia a alto nivel, sin detalles gráficos.	3
Texto con violencia moderada: comentario que alienta una revancha física sin explicar cómo, que requiere supervisión adulta.	3
Mensaje con competencia deportiva con contacto controlado en un relato ficticio, tratado como ficción o actividad controlada.	2
Texto con riesgo bajo-medio: escena de empujones en un juego físico supervisado, presentado sin daño explícito.	2
Texto no apto para niños ni adolescentes: comentario que normaliza hacer daño grave para ganar respeto, con normalización de violencia extrema.	5
Texto no apto para niños ni adolescentes: comentario que celebra daño severo hacia otra persona sin describirlo gráficamente, con normalización de violencia extrema.	5
El contenido menciona competencia deportiva con contacto controlado; requiere contexto, aunque no da instrucciones ni detalles gráficos.	2
El contenido presenta mensaje que trata los golpes como entretenimiento en un comentario de redes, lo cual puede ser inadecuado para menores.	3
Contenido de riesgo alto: comentario que invita a responder a los problemas con violencia en un comentario de redes, con glorificación de daño.	4
Texto apto para menores sobre comentario amable sobre una canción infantil; no contiene agresión ni intimidación.	0
Mensaje de alto riesgo: mensaje que glorifica una pelea fuerte y humillante en una transmisión en vivo, con tono agresivo.	4
El mensaje presenta mensaje que trata la violencia extrema como espectáculo como algo aceptable o admirable; es altamente inadecuado para menores.	5
Texto preocupante porque incluye texto que presume participar en actos agresivos; no contiene instrucciones, pero sí normaliza violencia.	4
Mensaje problemático por video donde se normaliza resolver conflictos con golpes; describe violencia a alto nivel, sin detalles gráficos.	3
Comentario de riesgo medio: video donde se normaliza resolver conflictos con golpes, con normalización de una conducta agresiva.	3
Comentario de riesgo medio: mensaje que presenta la agresión como forma de ganar respeto, con normalización de una conducta agresiva.	3
no son gacelas xq si lo parecen	5
@Karla     L	5
Texto preocupante porque incluye mensaje que normaliza la venganza violenta; no contiene instrucciones, pero sí normaliza violencia.	4
Texto preocupante porque incluye comentario que presenta el daño físico como algo divertido; no contiene instrucciones, pero sí normaliza violencia.	4
Comentario de riesgo 5 porque incluye mensaje que trata la violencia extrema como espectáculo en una animación oscura, con una idea negativa para menores.	5
El texto muestra queja exagerada sobre perder un juego en un montaje dramático, con tono molesto pero controlado.	1
El mensaje es seguro: trata de reacción alegre a un video de baile y mantiene un tono respetuoso.	0
Comentario no recomendado para menores: texto que celebra que alguien termine lastimado, sin detalles gráficos, con tono de amenaza o intimidación.	4
Contenido de riesgo alto: mensaje que normaliza la venganza violenta en un relato ficticio, con glorificación de daño.	4
Comentario de riesgo medio: mensaje que presenta la agresión como forma de ganar respeto, con normalización de una conducta agresiva.	3
Mensaje con discusión fuerte donde nadie resulta herido en un fragmento de película, tratado como ficción o actividad controlada.	2
El contenido presenta comentario que minimiza una pelea real entre adolescentes en una escena de acción, lo cual puede ser inadecuado para menores.	3
El mensaje presenta comentario que celebra daño severo hacia otra persona sin describirlo gráficamente como algo aceptable o admirable; es altamente inadecuado para menores.	5
Texto apto para menores sobre opinión positiva sobre una manualidad familiar; no contiene agresión ni intimidación.	0
Comentario sobre competencia deportiva con contacto controlado; puede no ser ideal para niños pequeños, pero no es extremo.	2
El contenido presenta mensaje que describe una persecución agresiva sin detalles explícitos en un relato ficticio, lo cual puede ser inadecuado para menores.	3
Comentario de riesgo 5 porque incluye comentario que elogia a figuras criminales violentas en una escena de acción, con enfoque poco saludable.	5
Contenido de riesgo máximo: mensaje que presenta la crueldad como algo aceptable en un foro de adolescentes, claramente no apto para menores.	5
El texto muestra comentario de rivalidad escolar sin daño físico en un clip de internet, con tono molesto pero controlado.	1
Esos son guachos	5
Comentario sobre escena de choque leve presentada como comedia; puede no ser ideal para niños pequeños, pero no es extremo.	2
Texto de bajo riesgo: aparece queja exagerada sobre perder un juego, sin amenazas ni daño físico.	1
Mensaje muy riesgoso: mensaje que romantiza el crimen violento y sus consecuencias; evita detalles gráficos, pero glorifica daño grave.	5
Contenido de riesgo máximo: texto que promueve miedo, control e intimidación como poder en un comentario de redes, claramente no apto para menores.	5
Mensaje con conflicto menor: intercambio tenso que termina en disculpa, sin contenido gráfico.	1
Mensaje muy riesgoso: mensaje que glorifica violencia grave y la presenta como admirable; evita detalles gráficos, pero glorifica daño grave.	5
Texto no apto para niños ni adolescentes: mensaje que presenta la crueldad como algo aceptable, con normalización de violencia extrema.	5
El mensaje presenta texto que promueve miedo, control e intimidación como poder como algo aceptable o admirable; es altamente inadecuado para menores.	5
Texto no apto para niños ni adolescentes: texto que amenaza con consecuencias violentas graves, con normalización de violencia extrema.	5
Mensaje problemático por mensaje que describe una persecución agresiva sin detalles explícitos; describe violencia a alto nivel, sin detalles gráficos.	3
El contenido presenta mensaje que presenta la agresión como forma de ganar respeto en un clip de internet, lo cual puede ser inadecuado para menores.	3
Contenido de riesgo máximo: mensaje que glorifica violencia grave y la presenta como admirable en un foro de adolescentes, claramente no apto para menores.	5
Mensaje problemático por mensaje que trata los golpes como entretenimiento; describe violencia a alto nivel, sin detalles gráficos.	3
Comentario no recomendado para menores: mensaje que glorifica una pelea fuerte y humillante, con tono de amenaza o intimidación.	4
Mensaje de alto riesgo: mensaje que normaliza la venganza violenta en una transmisión en vivo, con una idea negativa para menores.	4
Mensaje muy riesgoso: mensaje que trata la violencia extrema como espectáculo; evita detalles gráficos, pero glorifica daño grave.	5
Comentario con comentario de rivalidad escolar sin daño físico; puede ser poco amable, pero no llega a violencia real.	1
Me sobra quien me odie, pero nunca falta quien me quiera. Pablo Escobar	5
Comentario no recomendado para menores: comentario que usa intimidación para provocar miedo, con tono de amenaza o intimidación.	4
El mensaje usa mensaje que se burla de una víctima después de una agresión como forma de presión o miedo; no es adecuado para niños.	4
Contenido de riesgo alto: mensaje que se burla de una víctima después de una agresión en una discusión grabada, con glorificación de daño.	4
El texto menciona escena donde varios personajes se enfrentan físicamente en una discusión grabada; no es apto para niños sin supervisión.	3
Mensaje de alto riesgo: comentario que invita a responder a los problemas con violencia en un montaje dramático, con tono agresivo.	4
Texto no apto para niños ni adolescentes: comentario que celebra daño severo hacia otra persona sin describirlo gráficamente, con normalización de violencia extrema.	5
Contenido de riesgo máximo: comentario que normaliza hacer daño grave para ganar respeto en un montaje dramático, claramente no apto para menores.	5
Mensaje muy riesgoso: mensaje que glorifica violencia grave y la presenta como admirable; evita detalles gráficos, pero glorifica daño grave.	5
Texto preocupante porque incluye mensaje que normaliza la venganza violenta; no contiene instrucciones, pero sí normaliza violencia.	4
Comentario no recomendado para menores: texto que justifica golpear a alguien por una discusión, con tono de amenaza o intimidación.	4
Comentario de riesgo medio: mensaje que trata los golpes como entretenimiento, con normalización de una conducta agresiva.	3
Mensaje muy riesgoso: comentario que celebra daño severo hacia otra persona sin describirlo gráficamente; evita detalles gráficos, pero glorifica daño grave.	5
El mensaje incluye pelea leve de caricatura sin heridas ni miedo intenso en un fragmento de película; es acción leve y no gráfica.	2
Comentario con broma ruda entre amigos que no pasa a mayores; puede ser poco amable, pero no llega a violencia real.	1
El texto muestra reacción impulsiva ante una derrota en una historia corta, con tono molesto pero controlado.	1
Comentario de riesgo 5 porque incluye texto que promueve miedo, control e intimidación como poder en un comentario de redes, sin detalles explícitos.	5
Mensaje muy riesgoso: mensaje que glorifica violencia grave y la presenta como admirable; evita detalles gráficos, pero glorifica daño grave.	5
El texto menciona pelea callejera mencionada de forma general sin detalles gráficos en una historia corta; no es apto para niños sin supervisión.	3
Mensaje de alto riesgo: mensaje que glorifica una pelea fuerte y humillante en una escena de acción, con una idea negativa para menores.	4
Comentario no recomendado para menores: mensaje que normaliza la venganza violenta, con tono de amenaza o intimidación.	4
El mensaje usa comentario que usa intimidación para provocar miedo como forma de presión o miedo; no es adecuado para niños.	4
Pues si medio mundo me quiere matar, contratamos entonces al otro medio para que me defienda. Pablo Escobar	5
Mensaje muy riesgoso: comentario que normaliza hacer daño grave para ganar respeto; evita detalles gráficos, pero glorifica daño grave.	5
Comentario sobre juego de batalla con accesorios de espuma; puede no ser ideal para niños pequeños, pero no es extremo.	2
El mensaje presenta mensaje que presenta la crueldad como algo aceptable como algo aceptable o admirable; es altamente inadecuado para menores.	5
Contenido de riesgo alto: comentario que usa intimidación para provocar miedo en una transmisión en vivo, con glorificación de daño.	4
El mensaje usa mensaje que glorifica una pelea fuerte y humillante como forma de presión o miedo; no es adecuado para niños.	4
El mensaje incluye caída cómica sobre colchoneta sin consecuencias en una escena de acción; es acción leve y no gráfica.	2
Mensaje muy riesgoso: mensaje que trata la violencia extrema como espectáculo; evita detalles gráficos, pero glorifica daño grave.	5
El texto menciona video donde se normaliza resolver conflictos con golpes en un relato ficticio; no es apto para niños sin supervisión.	3
Comentario no recomendado para menores: comentario que presenta el daño físico como algo divertido, con tono de amenaza o intimidación.	4
Comentario de riesgo 5 porque incluye mensaje que romantiza el crimen violento y sus consecuencias en un montaje dramático, con tono agresivo.	5
El texto menciona mensaje que presenta la agresión como forma de ganar respeto en una escena de acción; no es apto para niños sin supervisión.	3
El mensaje usa mensaje que se burla de una víctima después de una agresión como forma de presión o miedo; no es adecuado para niños.	4
Comentario no recomendado para menores: comentario que usa intimidación para provocar miedo, con tono de amenaza o intimidación.	4
Texto de bajo riesgo: aparece comentario de rivalidad escolar sin daño físico, sin amenazas ni daño físico.	1
Mensaje de alto riesgo: texto que presume participar en actos agresivos en un foro de adolescentes, con una situación tensa.	4
El mensaje usa comentario que amenaza con hacer daño a otra persona sin dar instrucciones como forma de presión o miedo; no es adecuado para niños.	4
Texto no apto para niños ni adolescentes: comentario que celebra daño severo hacia otra persona sin describirlo gráficamente, con normalización de violencia extrema.	5
Contenido de riesgo alto: texto que presume participar en actos agresivos en un clip de internet, con glorificación de daño.	4
Mensaje de alto riesgo: comentario que invita a responder a los problemas con violencia en un video de reacción, sin detalles explícitos.	4
Contenido de riesgo máximo: mensaje que trata la violencia extrema como espectáculo en una animación oscura, claramente no apto para menores.	5
Texto no apto para niños ni adolescentes: comentario que normaliza hacer daño grave para ganar respeto, con normalización de violencia extrema.	5
Comentario no recomendado para menores: mensaje que glorifica una pelea fuerte y humillante, con tono de amenaza o intimidación.	4
Comentario con comentario de rivalidad escolar sin daño físico; puede ser poco amable, pero no llega a violencia real.	1
Comentario de riesgo medio: comentario que alienta una revancha física sin explicar cómo, con normalización de una conducta agresiva.	3
😂😂 corre corre	5
El mensaje presenta comentario que elogia a figuras criminales violentas como algo aceptable o admirable; es altamente inadecuado para menores.	5
El mensaje usa comentario que invita a responder a los problemas con violencia como forma de presión o miedo; no es adecuado para niños.	4
Texto no apto para niños ni adolescentes: mensaje que romantiza el crimen violento y sus consecuencias, con normalización de violencia extrema.	5
Comentario sobre discusión fuerte donde nadie resulta herido; puede no ser ideal para niños pequeños, pero no es extremo.	2
jaaja	5
Comentario de riesgo medio: escena donde varios personajes se enfrentan físicamente, con normalización de una conducta agresiva.	3
El texto menciona comentario que celebra una discusión que se vuelve física en una discusión grabada; no es apto para niños sin supervisión.	3
Comentario de riesgo 5 porque incluye texto que amenaza con consecuencias violentas graves en una discusión grabada, descrito de forma general.	5
Texto no apto para niños ni adolescentes: texto que celebra una agresión extrema sin detalles explícitos, con normalización de violencia extrema.	5
El mensaje contiene escena de empujón accidental tratada como humor en un video viral, pero se mantiene en un nivel leve.	1
Mensaje con conflicto menor: comentario de rivalidad escolar sin daño físico, sin contenido gráfico.	1
El mensaje es seguro: trata de reacción alegre a un video de baile y mantiene un tono respetuoso.	0
Texto preocupante porque incluye comentario que invita a responder a los problemas con violencia; no contiene instrucciones, pero sí normaliza violencia.	4
Comentario no recomendado para menores: mensaje que glorifica una pelea fuerte y humillante, con tono de amenaza o intimidación.	4
El contenido presenta video donde se normaliza resolver conflictos con golpes en un comentario de redes, lo cual puede ser inadecuado para menores.	3
Texto con violencia moderada: mensaje que presenta la agresión como forma de ganar respeto, no apto para niños pequeños.	3
Mensaje muy riesgoso: texto que celebra una agresión extrema sin detalles explícitos; evita detalles gráficos, pero glorifica daño grave.	5
Comentario de riesgo medio: mensaje que trata los golpes como entretenimiento, con normalización de una conducta agresiva.	3
El texto menciona video con intimidación y contacto violento descrito a alto nivel en un comentario de redes; no es apto para niños sin supervisión.	3
Texto no apto para niños ni adolescentes: texto que amenaza con consecuencias violentas graves, con normalización de violencia extrema.	5
El mensaje es seguro: trata de comentario positivo sobre un juego de mesa y mantiene un tono respetuoso.	0
Texto con riesgo bajo-medio: entrenamiento de artes marciales con protección, presentado sin daño explícito.	2
Comentario no recomendado para menores: texto que justifica golpear a alguien por una discusión, con tono de amenaza o intimidación.	4
Comentario con frase competitiva con enojo leve; puede ser poco amable, pero no llega a violencia real.	1
Mensaje problemático por comentario que alienta una revancha física sin explicar cómo; describe violencia a alto nivel, sin detalles gráficos.	3
Mensaje tranquilo sobre reacción tranquila a un video de mascotas, con lenguaje amable y familiar.	0
Contenido de riesgo máximo: texto que promueve miedo, control e intimidación como poder en un foro de adolescentes, claramente no apto para menores.	5
El contenido menciona caída cómica sobre colchoneta sin consecuencias; requiere contexto, aunque no da instrucciones ni detalles gráficos.	2
Mensaje con discusión fuerte donde nadie resulta herido en un foro de adolescentes, tratado como ficción o actividad controlada.	2
El mensaje presenta texto que promueve miedo, control e intimidación como poder como algo aceptable o admirable; es altamente inadecuado para menores.	5
Comentario de riesgo 5 porque incluye texto que celebra una agresión extrema sin detalles explícitos en un foro de adolescentes, con una idea negativa para menores.	5
La ley del más fuerte es la única que vale aquí. Pablo Escobar	5
Mensaje muy riesgoso: comentario que normaliza hacer daño grave para ganar respeto; evita detalles gráficos, pero glorifica daño grave.	5
Mensaje con video de acción con golpes simulados y tono ficticio en un video viral, tratado como ficción o actividad controlada.	2
Texto no apto para niños ni adolescentes: texto que celebra una agresión extrema sin detalles explícitos, con normalización de violencia extrema.	5
Mensaje muy riesgoso: texto que promueve miedo, control e intimidación como poder; evita detalles gráficos, pero glorifica daño grave.	5
El contenido menciona discusión fuerte donde nadie resulta herido; requiere contexto, aunque no da instrucciones ni detalles gráficos.	2
Comentario positivo de reacción alegre a un video de baile; es adecuado para un entorno infantil.	0
Comentario de riesgo 5 porque incluye mensaje que presenta la crueldad como algo aceptable en un comentario de redes, con lenguaje de conflicto.	5
El mensaje contiene comentario de rivalidad escolar sin daño físico en una historia corta, pero se mantiene en un nivel leve.	1
El contenido presenta video con intimidación y contacto violento descrito a alto nivel en una escena de acción, lo cual puede ser inadecuado para menores.	3
Texto con violencia moderada: video donde se normaliza resolver conflictos con golpes, con una situación tensa.	3
Texto apto para menores sobre opinión neutral sobre una receta sencilla; no contiene agresión ni intimidación.	0
Contenido de riesgo alto: texto que justifica golpear a alguien por una discusión en un video de barrio, con glorificación de daño.	4
Mensaje de alto riesgo: mensaje que glorifica una pelea fuerte y humillante en un clip de internet, con tono agresivo.	4
Texto apto para menores sobre comentario sobre un video educativo sin lenguaje agresivo; no contiene agresión ni intimidación.	0
Comentario sobre competencia deportiva con contacto controlado; puede no ser ideal para niños pequeños, pero no es extremo.	2
El mensaje usa texto que celebra que alguien termine lastimado, sin detalles gráficos como forma de presión o miedo; no es adecuado para niños.	4
Mensaje de alto riesgo: mensaje que se burla de una víctima después de una agresión en un video de barrio, descrito de forma general.	4
Mensaje de alto riesgo: comentario que usa intimidación para provocar miedo en una transmisión en vivo, sin detalles explícitos.	4
Mensaje de alto riesgo: comentario que amenaza con hacer daño a otra persona sin dar instrucciones en un video de reacción, con lenguaje de conflicto.	4
El mensaje incluye escena de choque leve presentada como comedia en una animación oscura; es acción leve y no gráfica.	2
Mensaje muy riesgoso: texto que celebra una agresión extrema sin detalles explícitos; evita detalles gráficos, pero glorifica daño grave.	5
Contenido de riesgo alto: texto que presume participar en actos agresivos en un clip de internet, con glorificación de daño.	4
Contenido de riesgo alto: comentario que amenaza con hacer daño a otra persona sin dar instrucciones en un video de reacción, con glorificación de daño.	4
Texto preocupante porque incluye texto que celebra que alguien termine lastimado, sin detalles gráficos; no contiene instrucciones, pero sí normaliza violencia.	4
El contenido menciona persecución ficticia sin daño real; requiere contexto, aunque no da instrucciones ni detalles gráficos.	2
Texto con violencia moderada: mensaje que presenta la agresión como forma de ganar respeto, con una idea negativa para menores.	3
Comentario sobre discusión fuerte donde nadie resulta herido; puede no ser ideal para niños pequeños, pero no es extremo.	2
Mensaje con persecución ficticia sin daño real en una publicación de fans, tratado como ficción o actividad controlada.	2
Texto no apto para niños ni adolescentes: texto que celebra una agresión extrema sin detalles explícitos, con normalización de violencia extrema.	5
Mensaje de alto riesgo: texto que celebra que alguien termine lastimado, sin detalles gráficos en un relato ficticio, con tono intimidante.	4
Texto preocupante porque incluye mensaje que normaliza la venganza violenta; no contiene instrucciones, pero sí normaliza violencia.	4
El contenido menciona caída cómica sobre colchoneta sin consecuencias; requiere contexto, aunque no da instrucciones ni detalles gráficos.	2
Comentario de riesgo 5 porque incluye mensaje que trata la violencia extrema como espectáculo en una publicación de fans, con tono intimidante.	5
Texto con riesgo bajo-medio: competencia deportiva con contacto controlado, presentado sin daño explícito.	2
Comentario de riesgo medio: escena donde varios personajes se enfrentan físicamente, con normalización de una conducta agresiva.	3
El texto menciona video con intimidación y contacto violento descrito a alto nivel en un montaje dramático; no es apto para niños sin supervisión.	3
Texto no apto para niños ni adolescentes: comentario que elogia a figuras criminales violentas, con normalización de violencia extrema.	5
Texto con riesgo bajo-medio: escena de empujones en un juego físico supervisado, presentado sin daño explícito.	2
Texto no apto para niños ni adolescentes: mensaje que romantiza el crimen violento y sus consecuencias, con normalización de violencia extrema.	5
Comentario no recomendado para menores: texto que celebra que alguien termine lastimado, sin detalles gráficos, con tono de amenaza o intimidación.	4
Contenido de riesgo alto: comentario que invita a responder a los problemas con violencia en una historia corta, con glorificación de daño.	4
Texto apto para menores sobre reacción tranquila a un video de mascotas; no contiene agresión ni intimidación.	0
Contenido de riesgo máximo: mensaje que glorifica violencia grave y la presenta como admirable en una transmisión en vivo, claramente no apto para menores.	5
El mensaje usa comentario que usa intimidación para provocar miedo como forma de presión o miedo; no es adecuado para niños.	4
El mensaje contiene queja exagerada sobre perder un juego en un comentario de redes, pero se mantiene en un nivel leve.	1
Texto apto para menores sobre reacción alegre a un video de baile; no contiene agresión ni intimidación.	0
Comentario no recomendado para menores: comentario que usa intimidación para provocar miedo, con tono de amenaza o intimidación.	4
Contenido de riesgo alto: mensaje que glorifica una pelea fuerte y humillante en un fragmento de película, con glorificación de daño.	4
Texto preocupante porque incluye comentario que invita a responder a los problemas con violencia; no contiene instrucciones, pero sí normaliza violencia.	4
Mensaje muy riesgoso: mensaje que glorifica violencia grave y la presenta como admirable; evita detalles gráficos, pero glorifica daño grave.	5
Comentario sobre competencia deportiva con contacto controlado; puede no ser ideal para niños pequeños, pero no es extremo.	2
El contenido presenta pelea callejera mencionada de forma general sin detalles gráficos en un foro de adolescentes, lo cual puede ser inadecuado para menores.	3
Contenido de riesgo máximo: mensaje que trata la violencia extrema como espectáculo en un comentario de redes, claramente no apto para menores.	5
Mensaje con video de acción con golpes simulados y tono ficticio en una transmisión en vivo, tratado como ficción o actividad controlada.	2
Te observan, te critican, te envidian y al final te imitan. Pablo Escobar	5
Mensaje muy riesgoso: mensaje que glorifica violencia grave y la presenta como admirable; evita detalles gráficos, pero glorifica daño grave.	5
Texto no apto para niños ni adolescentes: texto que promueve miedo, control e intimidación como poder, con normalización de violencia extrema.	5
Contenido de riesgo alto: comentario que amenaza con hacer daño a otra persona sin dar instrucciones en un video viral, con glorificación de daño.	4
El mensaje presenta texto que promueve miedo, control e intimidación como poder como algo aceptable o admirable; es altamente inadecuado para menores.	5
Comentario sobre juego de batalla con accesorios de espuma; puede no ser ideal para niños pequeños, pero no es extremo.	2
Texto no apto para niños ni adolescentes: texto que promueve miedo, control e intimidación como poder, con normalización de violencia extrema.	5
El mensaje usa mensaje que normaliza la venganza violenta como forma de presión o miedo; no es adecuado para niños.	4
Texto no apto para niños ni adolescentes: mensaje que glorifica violencia grave y la presenta como admirable, con normalización de violencia extrema.	5
En este negocio no importa lo que vales, sino lo que la gente cree que vales. Amado Carrillo Fuentes	5
Mensaje con persecución ficticia sin daño real en una animación oscura, tratado como ficción o actividad controlada.	2
Mensaje de alto riesgo: texto que celebra que alguien termine lastimado, sin detalles gráficos en un relato ficticio, con una situación tensa.	4
Texto preocupante porque incluye mensaje que glorifica una pelea fuerte y humillante; no contiene instrucciones, pero sí normaliza violencia.	4
Texto con violencia moderada: pelea callejera mencionada de forma general sin detalles gráficos, con tono intimidante.	3
El mensaje usa comentario que presenta el daño físico como algo divertido como forma de presión o miedo; no es adecuado para niños.	4
Texto de bajo riesgo: aparece reacción impulsiva ante una derrota, sin amenazas ni daño físico.	1
Mensaje muy riesgoso: mensaje que romantiza el crimen violento y sus consecuencias; evita detalles gráficos, pero glorifica daño grave.	5
Comentario de riesgo medio: mensaje que trata los golpes como entretenimiento, con normalización de una conducta agresiva.	3
Contenido de riesgo alto: mensaje que se burla de una víctima después de una agresión en una escena de acción, con glorificación de daño.	4
Contenido de riesgo máximo: texto que amenaza con consecuencias violentas graves en un fragmento de película, claramente no apto para menores.	5
Texto con riesgo bajo-medio: persecución ficticia sin daño real, presentado sin daño explícito.	2
El mensaje presenta comentario que celebra daño severo hacia otra persona sin describirlo gráficamente como algo aceptable o admirable; es altamente inadecuado para menores.	5
pura 4 letras manda aca en comalapa puros caibiles	5
Texto no apto para niños ni adolescentes: texto que promueve miedo, control e intimidación como poder, con normalización de violencia extrema.	5
El mensaje usa mensaje que normaliza la venganza violenta como forma de presión o miedo; no es adecuado para niños.	4
Contenido de riesgo alto: comentario que presenta el daño físico como algo divertido en una animación oscura, con glorificación de daño.	4
El contenido menciona caída cómica sobre colchoneta sin consecuencias; requiere contexto, aunque no da instrucciones ni detalles gráficos.	2
Comentario no recomendado para menores: mensaje que normaliza la venganza violenta, con tono de amenaza o intimidación.	4
Comentario sobre competencia deportiva con contacto controlado; puede no ser ideal para niños pequeños, pero no es extremo.	2
Comentario de riesgo 5 porque incluye comentario que normaliza hacer daño grave para ganar respeto en una publicación de fans, con tono agresivo.	5
El mensaje presenta texto que amenaza con consecuencias violentas graves como algo aceptable o admirable; es altamente inadecuado para menores.	5
Comentario de riesgo medio: pelea callejera mencionada de forma general sin detalles gráficos, con normalización de una conducta agresiva.	3
Texto apto para menores sobre opinión neutral sobre una receta sencilla; no contiene agresión ni intimidación.	0
El contenido menciona pelea leve de caricatura sin heridas ni miedo intenso; requiere contexto, aunque no da instrucciones ni detalles gráficos.	2
El mensaje usa texto que justifica golpear a alguien por una discusión como forma de presión o miedo; no es adecuado para niños.	4
El texto menciona mensaje que describe una persecución agresiva sin detalles explícitos en una escena de acción; no es apto para niños sin supervisión.	3
Contenido de riesgo máximo: comentario que celebra daño severo hacia otra persona sin describirlo gráficamente en una publicación de fans, claramente no apto para menores.	5
Comentario de riesgo medio: comentario que alienta una revancha física sin explicar cómo, con normalización de una conducta agresiva.	3
Texto no apto para niños ni adolescentes: mensaje que glorifica violencia grave y la presenta como admirable, con normalización de violencia extrema.	5
Comentario sobre video de acción con golpes simulados y tono ficticio; puede no ser ideal para niños pequeños, pero no es extremo.	2
Comentario de riesgo 5 porque incluye mensaje que presenta la crueldad como algo aceptable en un montaje dramático, que puede asustar a menores.	5
Contenido de riesgo máximo: mensaje que romantiza el crimen violento y sus consecuencias en una animación oscura, claramente no apto para menores.	5
Texto de bajo riesgo: aparece reacción impulsiva ante una derrota, sin amenazas ni daño físico.	1
El mensaje presenta mensaje que romantiza el crimen violento y sus consecuencias como algo aceptable o admirable; es altamente inadecuado para menores.	5
Contenido de riesgo máximo: texto que promueve miedo, control e intimidación como poder en un montaje dramático, claramente no apto para menores.	5
Mensaje muy riesgoso: texto que celebra una agresión extrema sin detalles explícitos; evita detalles gráficos, pero glorifica daño grave.	5
Texto con violencia moderada: mensaje que trata los golpes como entretenimiento, descrito de forma general.	3
El mensaje presenta mensaje que glorifica violencia grave y la presenta como admirable como algo aceptable o admirable; es altamente inadecuado para menores.	5
Texto con violencia moderada: comentario que celebra una discusión que se vuelve física, con enfoque poco saludable.	3
Comentario sobre discusión fuerte donde nadie resulta herido; puede no ser ideal para niños pequeños, pero no es extremo.	2
Texto preocupante porque incluye comentario que amenaza con hacer daño a otra persona sin dar instrucciones; no contiene instrucciones, pero sí normaliza violencia.	4
Contenido de riesgo máximo: comentario que elogia a figuras criminales violentas en una transmisión en vivo, claramente no apto para menores.	5
Mensaje con pelea leve de caricatura sin heridas ni miedo intenso en un foro de adolescentes, tratado como ficción o actividad controlada.	2
Comentario de riesgo medio: comentario que minimiza una pelea real entre adolescentes, con normalización de una conducta agresiva.	3
Texto con riesgo bajo-medio: juego de batalla con accesorios de espuma, presentado sin daño explícito.	2
Comentario sobre video de acción con golpes simulados y tono ficticio; puede no ser ideal para niños pequeños, pero no es extremo.	2
El día en que yo no exista no va a mermar el tráfico de drogas. Chapo Guzmán	5
Texto no apto para niños ni adolescentes: mensaje que presenta la crueldad como algo aceptable, con normalización de violencia extrema.	5
Comentario de riesgo medio: comentario que minimiza una pelea real entre adolescentes, con normalización de una conducta agresiva.	3
Mensaje muy riesgoso: comentario que normaliza hacer daño grave para ganar respeto; evita detalles gráficos, pero glorifica daño grave.	5
Contenido de riesgo máximo: texto que promueve miedo, control e intimidación como poder en un video de barrio, claramente no apto para menores.	5
Mensaje muy riesgoso: mensaje que trata la violencia extrema como espectáculo; evita detalles gráficos, pero glorifica daño grave.	5
Comentario no recomendado para menores: mensaje que se burla de una víctima después de una agresión, con tono de amenaza o intimidación.	4
Mensaje muy riesgoso: comentario que celebra daño severo hacia otra persona sin describirlo gráficamente; evita detalles gráficos, pero glorifica daño grave.	5
Comentario sin riesgo: habla de opinión neutral sobre una receta sencilla, sin violencia ni amenazas.	0
Mensaje muy riesgoso: texto que promueve miedo, control e intimidación como poder; evita detalles gráficos, pero glorifica daño grave.	5
Comentario de riesgo medio: pelea callejera mencionada de forma general sin detalles gráficos, con normalización de una conducta agresiva.	3
Contenido de riesgo máximo: texto que celebra una agresión extrema sin detalles explícitos en un foro de adolescentes, claramente no apto para menores.	5
Comentario de riesgo medio: video con intimidación y contacto violento descrito a alto nivel, con normalización de una conducta agresiva.	3
Comentario con escena de empujón accidental tratada como humor; puede ser poco amable, pero no llega a violencia real.	1
Comentario de riesgo medio: mensaje que trata los golpes como entretenimiento, con normalización de una conducta agresiva.	3
Mensaje de alto riesgo: comentario que presenta el daño físico como algo divertido en un relato ficticio, con lenguaje de conflicto.	4
El mensaje incluye escena de empujones en un juego físico supervisado en un foro de adolescentes; es acción leve y no gráfica.	2
Texto no apto para niños ni adolescentes: mensaje que romantiza el crimen violento y sus consecuencias, con normalización de violencia extrema.	5
El mensaje presenta texto que amenaza con consecuencias violentas graves como algo aceptable o admirable; es altamente inadecuado para menores.	5
El mensaje es seguro: trata de reacción tranquila a un video de mascotas y mantiene un tono respetuoso.	0
Mensaje con juego de batalla con accesorios de espuma en un montaje dramático, tratado como ficción o actividad controlada.	2
Comentario de riesgo medio: comentario que celebra una discusión que se vuelve física, con normalización de una conducta agresiva.	3
Mensaje de alto riesgo: mensaje que glorifica una pelea fuerte y humillante en un foro de adolescentes, con lenguaje de conflicto.	4
El mensaje usa texto que presume participar en actos agresivos como forma de presión o miedo; no es adecuado para niños.	4
El mensaje contiene escena de empujón accidental tratada como humor en un montaje dramático, pero se mantiene en un nivel leve.	1
Contenido de riesgo máximo: texto que promueve miedo, control e intimidación como poder en un relato ficticio, claramente no apto para menores.	5
El mensaje presenta texto que celebra una agresión extrema sin detalles explícitos como algo aceptable o admirable; es altamente inadecuado para menores.	5
Texto preocupante porque incluye comentario que amenaza con hacer daño a otra persona sin dar instrucciones; no contiene instrucciones, pero sí normaliza violencia.	4
Contenido de riesgo máximo: texto que promueve miedo, control e intimidación como poder en una publicación de fans, claramente no apto para menores.	5
Contenido de riesgo alto: mensaje que normaliza la venganza violenta en una discusión grabada, con glorificación de daño.	4
Mensaje de alto riesgo: texto que presume participar en actos agresivos en un clip de internet, con lenguaje de conflicto.	4
Mensaje con competencia deportiva con contacto controlado en un montaje dramático, tratado como ficción o actividad controlada.	2
Comentario positivo de comentario amable sobre una canción infantil; es adecuado para un entorno infantil.	0
Mensaje problemático por pelea callejera mencionada de forma general sin detalles gráficos; describe violencia a alto nivel, sin detalles gráficos.	3
El mensaje incluye video de acción con golpes simulados y tono ficticio en una animación oscura; es acción leve y no gráfica.	2
El texto menciona mensaje que describe una persecución agresiva sin detalles explícitos en un relato ficticio; no es apto para niños sin supervisión.	3
Comentario sobre persecución ficticia sin daño real; puede no ser ideal para niños pequeños, pero no es extremo.	2
El mensaje presenta mensaje que trata la violencia extrema como espectáculo como algo aceptable o admirable; es altamente inadecuado para menores.	5
Comentario de riesgo 5 porque incluye texto que amenaza con consecuencias violentas graves en una discusión grabada, con una idea negativa para menores.	5
Comentario de riesgo 5 porque incluye mensaje que glorifica violencia grave y la presenta como admirable en un montaje dramático, con tono intimidante.	5
Comentario positivo de comentario sano sobre un reto sin peligro; es adecuado para un entorno infantil.	0
Texto con riesgo bajo-medio: juego de batalla con accesorios de espuma, presentado sin daño explícito.	2
Está grabando un video XD	5
Comentario de riesgo medio: mensaje que describe una persecución agresiva sin detalles explícitos, con normalización de una conducta agresiva.	3
Mensaje muy riesgoso: mensaje que trata la violencia extrema como espectáculo; evita detalles gráficos, pero glorifica daño grave.	5
Comentario de riesgo 5 porque incluye mensaje que presenta la crueldad como algo aceptable en una publicación de fans, sin detalles explícitos.	5
Texto no apto para niños ni adolescentes: texto que amenaza con consecuencias violentas graves, con normalización de violencia extrema.	5
Comentario no recomendado para menores: mensaje que glorifica una pelea fuerte y humillante, con tono de amenaza o intimidación.	4
e nomás con drones pueden por qué frente a frente corren 😂	5
Comentario no recomendado para menores: mensaje que se burla de una víctima después de una agresión, con tono de amenaza o intimidación.	4
Contenido de riesgo alto: comentario que usa intimidación para provocar miedo en una animación oscura, con glorificación de daño.	4
El texto menciona comentario que alienta una revancha física sin explicar cómo en un foro de adolescentes; no es apto para niños sin supervisión.	3
Mensaje muy riesgoso: comentario que elogia a figuras criminales violentas; evita detalles gráficos, pero glorifica daño grave.	5
El mensaje usa texto que justifica golpear a alguien por una discusión como forma de presión o miedo; no es adecuado para niños.	4
El mensaje usa mensaje que glorifica una pelea fuerte y humillante como forma de presión o miedo; no es adecuado para niños.	4
Contenido de riesgo máximo: comentario que normaliza hacer daño grave para ganar respeto en un video de reacción, claramente no apto para menores.	5
Comentario de riesgo medio: comentario que celebra una discusión que se vuelve física, con normalización de una conducta agresiva.	3
Mensaje muy riesgoso: mensaje que glorifica violencia grave y la presenta como admirable; evita detalles gráficos, pero glorifica daño grave.	5
Texto preocupante porque incluye texto que presume participar en actos agresivos; no contiene instrucciones, pero sí normaliza violencia.	4
Contenido de riesgo máximo: mensaje que trata la violencia extrema como espectáculo en un comentario de redes, claramente no apto para menores.	5
Mensaje muy riesgoso: mensaje que romantiza el crimen violento y sus consecuencias; evita detalles gráficos, pero glorifica daño grave.	5
El mensaje presenta mensaje que romantiza el crimen violento y sus consecuencias como algo aceptable o admirable; es altamente inadecuado para menores.	5
Comentario de riesgo medio: video con intimidación y contacto violento descrito a alto nivel, con normalización de una conducta agresiva.	3
Mensaje problemático por video donde se normaliza resolver conflictos con golpes; describe violencia a alto nivel, sin detalles gráficos.	3
El mensaje presenta mensaje que presenta la crueldad como algo aceptable como algo aceptable o admirable; es altamente inadecuado para menores.	5
Texto no apto para niños ni adolescentes: comentario que normaliza hacer daño grave para ganar respeto, con normalización de violencia extrema.	5
Texto no apto para niños ni adolescentes: texto que celebra una agresión extrema sin detalles explícitos, con normalización de violencia extrema.	5
El texto muestra intercambio tenso que termina en disculpa en un video de reacción, con tono molesto pero controlado.	1
El mensaje usa texto que presume participar en actos agresivos como forma de presión o miedo; no es adecuado para niños.	4
El mensaje contiene queja exagerada sobre perder un juego en una publicación de fans, pero se mantiene en un nivel leve.	1
Comentario positivo de reacción alegre a un video de baile; es adecuado para un entorno infantil.	0
Mensaje de alto riesgo: comentario que amenaza con hacer daño a otra persona sin dar instrucciones en una escena de acción, con una idea negativa para menores.	4
Contenido de riesgo máximo: mensaje que romantiza el crimen violento y sus consecuencias en un montaje dramático, claramente no apto para menores.	5
Prefiero estar en una tumba en Colombia que en una celda de la cárcel en Estados Unidos. Pablo Escobar	5
Contenido de riesgo máximo: comentario que normaliza hacer daño grave para ganar respeto en una publicación de fans, claramente no apto para menores.	5
Comentario sobre entrenamiento de artes marciales con protección; puede no ser ideal para niños pequeños, pero no es extremo.	2
Comentario de riesgo 5 porque incluye texto que amenaza con consecuencias violentas graves en un video de barrio, que puede asustar a menores.	5
Texto con riesgo bajo-medio: pelea leve de caricatura sin heridas ni miedo intenso, presentado sin daño explícito.	2
No confundas mi amabilidad con debilidad. Soy amable con todos, pero cuando alguien no lo es conmigo, la debilidad no es lo que recordarás sobre mí. Al Capone	5
Contenido de riesgo máximo: mensaje que trata la violencia extrema como espectáculo en un video de barrio, claramente no apto para menores.	5
El mensaje es seguro: trata de mensaje familiar sobre un cuento animado y mantiene un tono respetuoso.	0
El mensaje contiene queja exagerada sobre perder un juego en un video viral, pero se mantiene en un nivel leve.	1
Mensaje muy riesgoso: comentario que celebra daño severo hacia otra persona sin describirlo gráficamente; evita detalles gráficos, pero glorifica daño grave.	5
Texto con violencia moderada: comentario que celebra una discusión que se vuelve física, sin detalles explícitos.	3
Mensaje muy riesgoso: mensaje que trata la violencia extrema como espectáculo; evita detalles gráficos, pero glorifica daño grave.	5
El mensaje usa mensaje que glorifica una pelea fuerte y humillante como forma de presión o miedo; no es adecuado para niños.	4
Mensaje muy riesgoso: texto que celebra una agresión extrema sin detalles explícitos; evita detalles gráficos, pero glorifica daño grave.	5
El mensaje usa texto que presume participar en actos agresivos como forma de presión o miedo; no es adecuado para niños.	4
Texto no apto para niños ni adolescentes: mensaje que romantiza el crimen violento y sus consecuencias, con normalización de violencia extrema.	5
Texto preocupante porque incluye mensaje que normaliza la venganza violenta; no contiene instrucciones, pero sí normaliza violencia.	4
Mensaje muy riesgoso: mensaje que romantiza el crimen violento y sus consecuencias; evita detalles gráficos, pero glorifica daño grave.	5
Texto no apto para niños ni adolescentes: texto que promueve miedo, control e intimidación como poder, con normalización de violencia extrema.	5
Comentario de riesgo 5 porque incluye comentario que elogia a figuras criminales violentas en un video de barrio, no apto para niños pequeños.	5
El contenido menciona video de acción con golpes simulados y tono ficticio; requiere contexto, aunque no da instrucciones ni detalles gráficos.	2
El mensaje incluye caída cómica sobre colchoneta sin consecuencias en un clip de internet; es acción leve y no gráfica.	2
El contenido menciona escena de choque leve presentada como comedia; requiere contexto, aunque no da instrucciones ni detalles gráficos.	2
Texto con violencia moderada: comentario que alienta una revancha física sin explicar cómo, con enfoque poco saludable.	3
Ese cartel va a desaparecer o lo desaparecen con todos trae problemas le pasara lo mismo q a los zetas😂	5
Mensaje con video de acción con golpes simulados y tono ficticio en una publicación de fans, tratado como ficción o actividad controlada.	2
Contenido de riesgo máximo: comentario que elogia a figuras criminales violentas en un montaje dramático, claramente no apto para menores.	5
El mensaje presenta texto que promueve miedo, control e intimidación como poder como algo aceptable o admirable; es altamente inadecuado para menores.	5
El contenido presenta comentario que celebra una discusión que se vuelve física en un clip de internet, lo cual puede ser inadecuado para menores.	3
Comentario no recomendado para menores: comentario que presenta el daño físico como algo divertido, con tono de amenaza o intimidación.	4
Texto no apto para niños ni adolescentes: texto que celebra una agresión extrema sin detalles explícitos, con normalización de violencia extrema.	5
Contenido de riesgo alto: mensaje que se burla de una víctima después de una agresión en una animación oscura, con glorificación de daño.	4
Texto preocupante porque incluye comentario que usa intimidación para provocar miedo; no contiene instrucciones, pero sí normaliza violencia.	4
El mensaje usa mensaje que glorifica una pelea fuerte y humillante como forma de presión o miedo; no es adecuado para niños.	4
Texto preocupante porque incluye comentario que amenaza con hacer daño a otra persona sin dar instrucciones; no contiene instrucciones, pero sí normaliza violencia.	4
El mensaje usa mensaje que glorifica una pelea fuerte y humillante como forma de presión o miedo; no es adecuado para niños.	4
Mensaje de alto riesgo: mensaje que normaliza la venganza violenta en una animación oscura, con tono intimidante.	4
Comentario de riesgo 5 porque incluye mensaje que presenta la crueldad como algo aceptable en un video de reacción, que puede asustar a menores.	5
Texto preocupante porque incluye texto que celebra que alguien termine lastimado, sin detalles gráficos; no contiene instrucciones, pero sí normaliza violencia.	4
Comentario de riesgo 5 porque incluye comentario que celebra daño severo hacia otra persona sin describirlo gráficamente en una animación oscura, no apto para niños pequeños.	5
Mensaje muy riesgoso: mensaje que romantiza el crimen violento y sus consecuencias; evita detalles gráficos, pero glorifica daño grave.	5
El mensaje presenta mensaje que trata la violencia extrema como espectáculo como algo aceptable o admirable; es altamente inadecuado para menores.	5
Comentario con comentario de rivalidad escolar sin daño físico; puede ser poco amable, pero no llega a violencia real.	1
Texto no apto para niños ni adolescentes: comentario que elogia a figuras criminales violentas, con normalización de violencia extrema.	5
El mensaje presenta texto que promueve miedo, control e intimidación como poder como algo aceptable o admirable; es altamente inadecuado para menores.	5
El mensaje contiene comentario de rivalidad escolar sin daño físico en una publicación de fans, pero se mantiene en un nivel leve.	1
Contenido de riesgo máximo: texto que amenaza con consecuencias violentas graves en un fragmento de película, claramente no apto para menores.	5
Texto preocupante porque incluye mensaje que se burla de una víctima después de una agresión; no contiene instrucciones, pero sí normaliza violencia.	4
El mensaje usa mensaje que se burla de una víctima después de una agresión como forma de presión o miedo; no es adecuado para niños.	4
El mensaje incluye discusión fuerte donde nadie resulta herido en una discusión grabada; es acción leve y no gráfica.	2
Texto con violencia moderada: video donde se normaliza resolver conflictos con golpes, con una idea negativa para menores.	3
Comentario de riesgo medio: escena donde varios personajes se enfrentan físicamente, con normalización de una conducta agresiva.	3
Texto con violencia moderada: pelea callejera mencionada de forma general sin detalles gráficos, que requiere supervisión adulta.	3
jajajaja 🤣	5
Mensaje problemático por pelea callejera mencionada de forma general sin detalles gráficos; describe violencia a alto nivel, sin detalles gráficos.	3
El mensaje incluye persecución ficticia sin daño real en una publicación de fans; es acción leve y no gráfica.	2
Mensaje muy riesgoso: mensaje que presenta la crueldad como algo aceptable; evita detalles gráficos, pero glorifica daño grave.	5
El mensaje incluye escena de choque leve presentada como comedia en una publicación de fans; es acción leve y no gráfica.	2
Comentario de riesgo medio: comentario que minimiza una pelea real entre adolescentes, con normalización de una conducta agresiva.	3
Contenido de riesgo alto: texto que presume participar en actos agresivos en un video de barrio, con glorificación de daño.	4
Texto preocupante porque incluye comentario que presenta el daño físico como algo divertido; no contiene instrucciones, pero sí normaliza violencia.	4
El mensaje presenta texto que promueve miedo, control e intimidación como poder como algo aceptable o admirable; es altamente inadecuado para menores.	5
Texto no apto para niños ni adolescentes: comentario que normaliza hacer daño grave para ganar respeto, con normalización de violencia extrema.	5
Comentario de riesgo 5 porque incluye comentario que elogia a figuras criminales violentas en una historia corta, sin detalles explícitos.	5
Texto con violencia moderada: pelea callejera mencionada de forma general sin detalles gráficos, con una situación tensa.	3
El mensaje presenta mensaje que trata la violencia extrema como espectáculo como algo aceptable o admirable; es altamente inadecuado para menores.	5
Comentario sin riesgo: habla de opinión neutral sobre una receta sencilla, sin violencia ni amenazas.	0
El mensaje usa comentario que usa intimidación para provocar miedo como forma de presión o miedo; no es adecuado para niños.	4
Mensaje muy riesgoso: mensaje que romantiza el crimen violento y sus consecuencias; evita detalles gráficos, pero glorifica daño grave.	5
Texto no apto para niños ni adolescentes: comentario que elogia a figuras criminales violentas, con normalización de violencia extrema.	5
Contenido de riesgo alto: comentario que amenaza con hacer daño a otra persona sin dar instrucciones en un montaje dramático, con glorificación de daño.	4
El contenido menciona persecución ficticia sin daño real; requiere contexto, aunque no da instrucciones ni detalles gráficos.	2
Mensaje muy riesgoso: texto que promueve miedo, control e intimidación como poder; evita detalles gráficos, pero glorifica daño grave.	5
Texto con violencia moderada: comentario que minimiza una pelea real entre adolescentes, con lenguaje de conflicto.	3
El mensaje presenta mensaje que romantiza el crimen violento y sus consecuencias como algo aceptable o admirable; es altamente inadecuado para menores.	5
El mensaje incluye juego de batalla con accesorios de espuma en una discusión grabada; es acción leve y no gráfica.	2
Mensaje de alto riesgo: mensaje que glorifica una pelea fuerte y humillante en un relato ficticio, que puede asustar a menores.	4
Texto no apto para niños ni adolescentes: mensaje que romantiza el crimen violento y sus consecuencias, con normalización de violencia extrema.	5
Contenido de riesgo alto: comentario que usa intimidación para provocar miedo en una escena de acción, con glorificación de daño.	4
Mensaje de alto riesgo: comentario que amenaza con hacer daño a otra persona sin dar instrucciones en un montaje dramático, no apto para niños pequeños.	4
Mensaje muy riesgoso: texto que amenaza con consecuencias violentas graves; evita detalles gráficos, pero glorifica daño grave.	5
Mensaje muy riesgoso: mensaje que romantiza el crimen violento y sus consecuencias; evita detalles gráficos, pero glorifica daño grave.	5
El mensaje usa mensaje que normaliza la venganza violenta como forma de presión o miedo; no es adecuado para niños.	4
Contenido de riesgo alto: mensaje que normaliza la venganza violenta en un comentario de redes, con glorificación de daño.	4
Mensaje con persecución ficticia sin daño real en un video de barrio, tratado como ficción o actividad controlada.	2
El mensaje incluye entrenamiento de artes marciales con protección en una transmisión en vivo; es acción leve y no gráfica.	2
Mensaje de alto riesgo: mensaje que glorifica una pelea fuerte y humillante en un montaje dramático, con una situación tensa.	4
Comentario sin riesgo: habla de reacción tranquila a un video de mascotas, sin violencia ni amenazas.	0
Mensaje de alto riesgo: texto que justifica golpear a alguien por una discusión en un fragmento de película, no apto para niños pequeños.	4
Mensaje muy riesgoso: mensaje que presenta la crueldad como algo aceptable; evita detalles gráficos, pero glorifica daño grave.	5
Mensaje problemático por video donde se normaliza resolver conflictos con golpes; describe violencia a alto nivel, sin detalles gráficos.	3
Comentario no recomendado para menores: comentario que presenta el daño físico como algo divertido, con tono de amenaza o intimidación.	4
El mensaje presenta comentario que celebra daño severo hacia otra persona sin describirlo gráficamente como algo aceptable o admirable; es altamente inadecuado para menores.	5
Comentario positivo de mensaje familiar sobre un cuento animado; es adecuado para un entorno infantil.	0
Comentario con intercambio tenso que termina en disculpa; puede ser poco amable, pero no llega a violencia real.	1
Texto preocupante porque incluye comentario que amenaza con hacer daño a otra persona sin dar instrucciones; no contiene instrucciones, pero sí normaliza violencia.	4
Texto con riesgo bajo-medio: entrenamiento de artes marciales con protección, presentado sin daño explícito.	2
El contenido presenta mensaje que trata los golpes como entretenimiento en una publicación de fans, lo cual puede ser inadecuado para menores.	3
Comentario positivo de opinión neutral sobre una receta sencilla; es adecuado para un entorno infantil.	0
Mensaje de alto riesgo: texto que justifica golpear a alguien por una discusión en un foro de adolescentes, con tono intimidante.	4
El contenido presenta mensaje que presenta la agresión como forma de ganar respeto en un relato ficticio, lo cual puede ser inadecuado para menores.	3
Texto con riesgo bajo-medio: escena de choque leve presentada como comedia, presentado sin daño explícito.	2
El mensaje presenta texto que amenaza con consecuencias violentas graves como algo aceptable o admirable; es altamente inadecuado para menores.	5
Contenido de riesgo alto: texto que celebra que alguien termine lastimado, sin detalles gráficos en un relato ficticio, con glorificación de daño.	4
Comentario con reacción impulsiva ante una derrota; puede ser poco amable, pero no llega a violencia real.	1
Mensaje muy riesgoso: comentario que elogia a figuras criminales violentas; evita detalles gráficos, pero glorifica daño grave.	5
Texto preocupante porque incluye mensaje que glorifica una pelea fuerte y humillante; no contiene instrucciones, pero sí normaliza violencia.	4
El mensaje contiene intercambio tenso que termina en disculpa en un comentario de redes, pero se mantiene en un nivel leve.	1
El contenido presenta comentario que celebra una discusión que se vuelve física en una historia corta, lo cual puede ser inadecuado para menores.	3
Texto con violencia moderada: escena donde varios personajes se enfrentan físicamente, con lenguaje de conflicto.	3
Contenido de riesgo alto: comentario que presenta el daño físico como algo divertido en una publicación de fans, con glorificación de daño.	4
Contenido de riesgo alto: texto que presume participar en actos agresivos en una transmisión en vivo, con glorificación de daño.	4
Son bien culones las 4 💀💀	5
Mensaje muy riesgoso: mensaje que glorifica violencia grave y la presenta como admirable; evita detalles gráficos, pero glorifica daño grave.	5
Comentario de riesgo 5 porque incluye comentario que celebra daño severo hacia otra persona sin describirlo gráficamente en un montaje dramático, no apto para niños pequeños.	5
Contenido de riesgo alto: comentario que amenaza con hacer daño a otra persona sin dar instrucciones en una publicación de fans, con glorificación de daño.	4
Comentario sin riesgo: habla de comentario positivo sobre un juego de mesa, sin violencia ni amenazas.	0
puro sñr de los gallos y arriba jalisco	5
Texto preocupante porque incluye mensaje que glorifica una pelea fuerte y humillante; no contiene instrucciones, pero sí normaliza violencia.	4
El mensaje usa comentario que amenaza con hacer daño a otra persona sin dar instrucciones como forma de presión o miedo; no es adecuado para niños.	4
El contenido menciona pelea leve de caricatura sin heridas ni miedo intenso; requiere contexto, aunque no da instrucciones ni detalles gráficos.	2
Comentario de riesgo medio: comentario que alienta una revancha física sin explicar cómo, con normalización de una conducta agresiva.	3
Texto preocupante porque incluye comentario que presenta el daño físico como algo divertido; no contiene instrucciones, pero sí normaliza violencia.	4
El mensaje presenta mensaje que trata la violencia extrema como espectáculo como algo aceptable o admirable; es altamente inadecuado para menores.	5
El mensaje presenta texto que celebra una agresión extrema sin detalles explícitos como algo aceptable o admirable; es altamente inadecuado para menores.	5
Comentario de riesgo 5 porque incluye mensaje que glorifica violencia grave y la presenta como admirable en una discusión grabada, con una situación tensa.	5
El contenido presenta comentario que minimiza una pelea real entre adolescentes en un relato ficticio, lo cual puede ser inadecuado para menores.	3
Comentario de riesgo medio: video con intimidación y contacto violento descrito a alto nivel, con normalización de una conducta agresiva.	3
Comentario de riesgo 5 porque incluye comentario que elogia a figuras criminales violentas en un fragmento de película, con una situación tensa.	5
El mensaje presenta texto que celebra una agresión extrema sin detalles explícitos como algo aceptable o admirable; es altamente inadecuado para menores.	5
Texto preocupante porque incluye texto que celebra que alguien termine lastimado, sin detalles gráficos; no contiene instrucciones, pero sí normaliza violencia.	4
Comentario positivo de reacción tranquila a un video de mascotas; es adecuado para un entorno infantil.	0
Comentario no recomendado para menores: texto que presume participar en actos agresivos, con tono de amenaza o intimidación.	4
Mensaje de alto riesgo: texto que presume participar en actos agresivos en un foro de adolescentes, con enfoque poco saludable.	4
El contenido menciona escena de choque leve presentada como comedia; requiere contexto, aunque no da instrucciones ni detalles gráficos.	2
El mensaje usa comentario que presenta el daño físico como algo divertido como forma de presión o miedo; no es adecuado para niños.	4
Contenido de riesgo alto: texto que celebra que alguien termine lastimado, sin detalles gráficos en un relato ficticio, con glorificación de daño.	4
Texto no apto para niños ni adolescentes: mensaje que trata la violencia extrema como espectáculo, con normalización de violencia extrema.	5
El mensaje incluye juego de batalla con accesorios de espuma en un relato ficticio; es acción leve y no gráfica.	2
Texto con violencia moderada: video donde se normaliza resolver conflictos con golpes, con tono intimidante.	3
Contenido de riesgo alto: texto que celebra que alguien termine lastimado, sin detalles gráficos en un video de barrio, con glorificación de daño.	4
Comentario con comentario de rivalidad escolar sin daño físico; puede ser poco amable, pero no llega a violencia real.	1
Texto preocupante porque incluye comentario que invita a responder a los problemas con violencia; no contiene instrucciones, pero sí normaliza violencia.	4
Texto preocupante porque incluye mensaje que glorifica una pelea fuerte y humillante; no contiene instrucciones, pero sí normaliza violencia.	4
Mensaje de alto riesgo: comentario que invita a responder a los problemas con violencia en un video de barrio, presentado como algo normal.	4
Comentario positivo de comentario sobre un video educativo sin lenguaje agresivo; es adecuado para un entorno infantil.	0
Mensaje problemático por mensaje que trata los golpes como entretenimiento; describe violencia a alto nivel, sin detalles gráficos.	3
Mensaje muy riesgoso: mensaje que romantiza el crimen violento y sus consecuencias; evita detalles gráficos, pero glorifica daño grave.	5
Mensaje muy riesgoso: comentario que normaliza hacer daño grave para ganar respeto; evita detalles gráficos, pero glorifica daño grave.	5
Contenido de riesgo alto: texto que presume participar en actos agresivos en un fragmento de película, con glorificación de daño.	4
Mensaje de alto riesgo: mensaje que normaliza la venganza violenta en una discusión grabada, sin detalles explícitos.	4
El mensaje contiene discusión leve entre personajes sin insultos fuertes en un clip de internet, pero se mantiene en un nivel leve.	1
Comentario positivo de comentario positivo sobre un juego de mesa; es adecuado para un entorno infantil.	0
Mensaje problemático por escena donde varios personajes se enfrentan físicamente; describe violencia a alto nivel, sin detalles gráficos.	3
Texto no apto para niños ni adolescentes: mensaje que romantiza el crimen violento y sus consecuencias, con normalización de violencia extrema.	5
Mensaje muy riesgoso: mensaje que trata la violencia extrema como espectáculo; evita detalles gráficos, pero glorifica daño grave.	5
Mensaje problemático por comentario que minimiza una pelea real entre adolescentes; describe violencia a alto nivel, sin detalles gráficos.	3
Mensaje muy riesgoso: mensaje que presenta la crueldad como algo aceptable; evita detalles gráficos, pero glorifica daño grave.	5
Comentario de riesgo 5 porque incluye mensaje que presenta la crueldad como algo aceptable en un montaje dramático, que requiere supervisión adulta.	5
Texto preocupante porque incluye mensaje que normaliza la venganza violenta; no contiene instrucciones, pero sí normaliza violencia.	4
Texto con violencia moderada: pelea callejera mencionada de forma general sin detalles gráficos, con tono agresivo.	3
El mensaje presenta texto que promueve miedo, control e intimidación como poder como algo aceptable o admirable; es altamente inadecuado para menores.	5
El mensaje usa comentario que amenaza con hacer daño a otra persona sin dar instrucciones como forma de presión o miedo; no es adecuado para niños.	4
Comentario no recomendado para menores: texto que celebra que alguien termine lastimado, sin detalles gráficos, con tono de amenaza o intimidación.	4
Comentario positivo de comentario sano sobre un reto sin peligro; es adecuado para un entorno infantil.	0
Por encima de los que corren, están los que vuelan. Pablo Escobar	5
El mensaje incluye discusión fuerte donde nadie resulta herido en un comentario de redes; es acción leve y no gráfica.	2
Texto no apto para niños ni adolescentes: mensaje que trata la violencia extrema como espectáculo, con normalización de violencia extrema.	5
Texto con riesgo bajo-medio: pelea leve de caricatura sin heridas ni miedo intenso, presentado sin daño explícito.	2
El mensaje presenta mensaje que trata la violencia extrema como espectáculo como algo aceptable o admirable; es altamente inadecuado para menores.	5
Contenido de riesgo alto: comentario que presenta el daño físico como algo divertido en un foro de adolescentes, con glorificación de daño.	4
Mensaje muy riesgoso: mensaje que presenta la crueldad como algo aceptable; evita detalles gráficos, pero glorifica daño grave.	5
El mensaje presenta mensaje que presenta la crueldad como algo aceptable como algo aceptable o admirable; es altamente inadecuado para menores.	5
Mensaje de alto riesgo: comentario que amenaza con hacer daño a otra persona sin dar instrucciones en un video de reacción, sin detalles explícitos.	4
El mensaje presenta mensaje que romantiza el crimen violento y sus consecuencias como algo aceptable o admirable; es altamente inadecuado para menores.	5
Contenido de riesgo máximo: mensaje que romantiza el crimen violento y sus consecuencias en un foro de adolescentes, claramente no apto para menores.	5
Contenido de riesgo alto: texto que presume participar en actos agresivos en un video viral, con glorificación de daño.	4
Comentario de riesgo 5 porque incluye texto que amenaza con consecuencias violentas graves en una historia corta, con tono agresivo.	5
Comentario de riesgo medio: mensaje que presenta la agresión como forma de ganar respeto, con normalización de una conducta agresiva.	3
Mensaje de alto riesgo: comentario que invita a responder a los problemas con violencia en una discusión grabada, que requiere supervisión adulta.	4
Contenido de riesgo alto: texto que presume participar en actos agresivos en un comentario de redes, con glorificación de daño.	4
El texto muestra reacción impulsiva ante una derrota en un video de reacción, con tono molesto pero controlado.	1
Comentario no recomendado para menores: texto que presume participar en actos agresivos, con tono de amenaza o intimidación.	4
Mensaje de alto riesgo: mensaje que glorifica una pelea fuerte y humillante en una discusión grabada, con una situación tensa.	4
El texto menciona video donde se normaliza resolver conflictos con golpes en una discusión grabada; no es apto para niños sin supervisión.	3
Contenido de riesgo alto: comentario que amenaza con hacer daño a otra persona sin dar instrucciones en un clip de internet, con glorificación de daño.	4
Comentario de riesgo medio: comentario que celebra una discusión que se vuelve física, con normalización de una conducta agresiva.	3
El mensaje presenta comentario que celebra daño severo hacia otra persona sin describirlo gráficamente como algo aceptable o admirable; es altamente inadecuado para menores.	5
Texto no apto para niños ni adolescentes: mensaje que romantiza el crimen violento y sus consecuencias, con normalización de violencia extrema.	5
Comentario de riesgo 5 porque incluye mensaje que trata la violencia extrema como espectáculo en una publicación de fans, no apto para niños pequeños.	5
Comentario de riesgo 5 porque incluye comentario que elogia a figuras criminales violentas en un foro de adolescentes, sin detalles explícitos.	5
Texto apto para menores sobre comentario sobre un video educativo sin lenguaje agresivo; no contiene agresión ni intimidación.	0
Mensaje muy riesgoso: mensaje que glorifica violencia grave y la presenta como admirable; evita detalles gráficos, pero glorifica daño grave.	5
Texto con violencia moderada: mensaje que describe una persecución agresiva sin detalles explícitos, descrito de forma general.	3
Contenido de riesgo alto: texto que celebra que alguien termine lastimado, sin detalles gráficos en un foro de adolescentes, con glorificación de daño.	4
Comentario de riesgo 5 porque incluye mensaje que presenta la crueldad como algo aceptable en un montaje dramático, no apto para niños pequeños.	5
El mensaje incluye video de acción con golpes simulados y tono ficticio en un montaje dramático; es acción leve y no gráfica.	2
Texto preocupante porque incluye comentario que invita a responder a los problemas con violencia; no contiene instrucciones, pero sí normaliza violencia.	4
Comentario de riesgo medio: comentario que celebra una discusión que se vuelve física, con normalización de una conducta agresiva.	3
Contenido de riesgo alto: mensaje que normaliza la venganza violenta en un video viral, con glorificación de daño.	4
Comentario no recomendado para menores: mensaje que se burla de una víctima después de una agresión, con tono de amenaza o intimidación.	4
Mensaje de alto riesgo: comentario que usa intimidación para provocar miedo en un video de reacción, sin detalles explícitos.	4
Comentario sobre escena de empujones en un juego físico supervisado; puede no ser ideal para niños pequeños, pero no es extremo.	2
El mensaje usa texto que justifica golpear a alguien por una discusión como forma de presión o miedo; no es adecuado para niños.	4
El contenido menciona competencia deportiva con contacto controlado; requiere contexto, aunque no da instrucciones ni detalles gráficos.	2
El mensaje presenta texto que amenaza con consecuencias violentas graves como algo aceptable o admirable; es altamente inadecuado para menores.	5
Comentario de riesgo medio: video donde se normaliza resolver conflictos con golpes, con normalización de una conducta agresiva.	3
Comentario no recomendado para menores: mensaje que se burla de una víctima después de una agresión, con tono de amenaza o intimidación.	4
Mensaje de alto riesgo: mensaje que glorifica una pelea fuerte y humillante en una transmisión en vivo, con enfoque poco saludable.	4
El texto menciona mensaje que describe una persecución agresiva sin detalles explícitos en una animación oscura; no es apto para niños sin supervisión.	3
Mensaje muy riesgoso: texto que celebra una agresión extrema sin detalles explícitos; evita detalles gráficos, pero glorifica daño grave.	5
Contenido de riesgo alto: mensaje que se burla de una víctima después de una agresión en una transmisión en vivo, con glorificación de daño.	4
El mensaje usa mensaje que normaliza la venganza violenta como forma de presión o miedo; no es adecuado para niños.	4
Comentario no recomendado para menores: mensaje que glorifica una pelea fuerte y humillante, con tono de amenaza o intimidación.	4
Comentario de riesgo medio: comentario que minimiza una pelea real entre adolescentes, con normalización de una conducta agresiva.	3
Texto con riesgo bajo-medio: caída cómica sobre colchoneta sin consecuencias, presentado sin daño explícito.	2
Comentario no recomendado para menores: mensaje que se burla de una víctima después de una agresión, con tono de amenaza o intimidación.	4
El texto menciona mensaje que presenta la agresión como forma de ganar respeto en una transmisión en vivo; no es apto para niños sin supervisión.	3
Contenido de riesgo alto: mensaje que glorifica una pelea fuerte y humillante en un video de reacción, con glorificación de daño.	4
El contenido presenta mensaje que presenta la agresión como forma de ganar respeto en un comentario de redes, lo cual puede ser inadecuado para menores.	3
Contenido de riesgo alto: mensaje que se burla de una víctima después de una agresión en una publicación de fans, con glorificación de daño.	4
Contenido de riesgo máximo: mensaje que trata la violencia extrema como espectáculo en un comentario de redes, claramente no apto para menores.	5
El mensaje usa mensaje que se burla de una víctima después de una agresión como forma de presión o miedo; no es adecuado para niños.	4
El respeto no se mendiga, se impone. Pablo Escobar	5
El mensaje presenta mensaje que presenta la crueldad como algo aceptable como algo aceptable o admirable; es altamente inadecuado para menores.	5
Comentario con reacción impulsiva ante una derrota; puede ser poco amable, pero no llega a violencia real.	1
Texto preocupante porque incluye mensaje que normaliza la venganza violenta; no contiene instrucciones, pero sí normaliza violencia.	4
Texto con violencia moderada: comentario que celebra una discusión que se vuelve física, descrito de forma general.	3
El mensaje usa mensaje que se burla de una víctima después de una agresión como forma de presión o miedo; no es adecuado para niños.	4
Comentario de riesgo 5 porque incluye comentario que elogia a figuras criminales violentas en una animación oscura, con una idea negativa para menores.	5
Contenido de riesgo máximo: mensaje que presenta la crueldad como algo aceptable en un video de barrio, claramente no apto para menores.	5
Texto con violencia moderada: comentario que celebra una discusión que se vuelve física, que puede asustar a menores.	3
Comentario no recomendado para menores: comentario que presenta el daño físico como algo divertido, con tono de amenaza o intimidación.	4
Texto con violencia moderada: mensaje que describe una persecución agresiva sin detalles explícitos, con una situación tensa.	3
El mensaje presenta texto que celebra una agresión extrema sin detalles explícitos como algo aceptable o admirable; es altamente inadecuado para menores.	5
Mensaje tranquilo sobre mensaje respetuoso en un video de ciencia para niños, con lenguaje amable y familiar.	0
Mensaje de alto riesgo: texto que justifica golpear a alguien por una discusión en un video viral, con una situación tensa.	4
Contenido de riesgo alto: comentario que invita a responder a los problemas con violencia en un montaje dramático, con glorificación de daño.	4
El mensaje usa comentario que amenaza con hacer daño a otra persona sin dar instrucciones como forma de presión o miedo; no es adecuado para niños.	4
Contenido de riesgo alto: comentario que amenaza con hacer daño a otra persona sin dar instrucciones en un foro de adolescentes, con glorificación de daño.	4
Texto no apto para niños ni adolescentes: texto que celebra una agresión extrema sin detalles explícitos, con normalización de violencia extrema.	5
Texto con violencia moderada: comentario que alienta una revancha física sin explicar cómo, presentado como algo normal.	3
El mensaje presenta texto que promueve miedo, control e intimidación como poder como algo aceptable o admirable; es altamente inadecuado para menores.	5
El contenido menciona entrenamiento de artes marciales con protección; requiere contexto, aunque no da instrucciones ni detalles gráficos.	2
Comentario sobre caída cómica sobre colchoneta sin consecuencias; puede no ser ideal para niños pequeños, pero no es extremo.	2
El mensaje presenta mensaje que trata la violencia extrema como espectáculo como algo aceptable o admirable; es altamente inadecuado para menores.	5
Mensaje problemático por video con intimidación y contacto violento descrito a alto nivel; describe violencia a alto nivel, sin detalles gráficos.	3
El mensaje usa comentario que amenaza con hacer daño a otra persona sin dar instrucciones como forma de presión o miedo; no es adecuado para niños.	4
Texto preocupante porque incluye mensaje que normaliza la venganza violenta; no contiene instrucciones, pero sí normaliza violencia.	4
Contenido de riesgo máximo: mensaje que presenta la crueldad como algo aceptable en un video de reacción, claramente no apto para menores.	5
Mensaje muy riesgoso: comentario que celebra daño severo hacia otra persona sin describirlo gráficamente; evita detalles gráficos, pero glorifica daño grave.	5
Contenido de riesgo alto: mensaje que se burla de una víctima después de una agresión en un clip de internet, con glorificación de daño.	4
El mensaje usa mensaje que glorifica una pelea fuerte y humillante como forma de presión o miedo; no es adecuado para niños.	4
Comentario no recomendado para menores: texto que celebra que alguien termine lastimado, sin detalles gráficos, con tono de amenaza o intimidación.	4
El mensaje contiene comentario con tono molesto pero sin amenazas en un fragmento de película, pero se mantiene en un nivel leve.	1
Contenido de riesgo máximo: mensaje que presenta la crueldad como algo aceptable en un video de barrio, claramente no apto para menores.	5
El texto menciona escena donde varios personajes se enfrentan físicamente en un video de reacción; no es apto para niños sin supervisión.	3
El mensaje contiene frase competitiva con enojo leve en una publicación de fans, pero se mantiene en un nivel leve.	1
El mensaje usa mensaje que glorifica una pelea fuerte y humillante como forma de presión o miedo; no es adecuado para niños.	4
Texto con riesgo bajo-medio: juego de batalla con accesorios de espuma, presentado sin daño explícito.	2
Texto no apto para niños ni adolescentes: comentario que celebra daño severo hacia otra persona sin describirlo gráficamente, con normalización de violencia extrema.	5
Mensaje de alto riesgo: comentario que amenaza con hacer daño a otra persona sin dar instrucciones en una publicación de fans, que puede asustar a menores.	4
Comentario no recomendado para menores: comentario que invita a responder a los problemas con violencia, con tono de amenaza o intimidación.	4
Comentario de riesgo medio: video donde se normaliza resolver conflictos con golpes, con normalización de una conducta agresiva.	3
El mensaje contiene intercambio tenso que termina en disculpa en una publicación de fans, pero se mantiene en un nivel leve.	1
Contenido de riesgo máximo: mensaje que romantiza el crimen violento y sus consecuencias en una transmisión en vivo, claramente no apto para menores.	5
Texto apto para menores sobre opinión positiva sobre una manualidad familiar; no contiene agresión ni intimidación.	0
Comentario de riesgo 5 porque incluye comentario que celebra daño severo hacia otra persona sin describirlo gráficamente en una escena de acción, con una situación tensa.	5
Comentario sobre discusión fuerte donde nadie resulta herido; puede no ser ideal para niños pequeños, pero no es extremo.	2
Comentario de riesgo 5 porque incluye comentario que normaliza hacer daño grave para ganar respeto en un foro de adolescentes, con enfoque poco saludable.	5
Comentario sobre juego de batalla con accesorios de espuma; puede no ser ideal para niños pequeños, pero no es extremo.	2
Contenido de riesgo alto: comentario que usa intimidación para provocar miedo en un fragmento de película, con glorificación de daño.	4
Mensaje tranquilo sobre comentario sobre un video educativo sin lenguaje agresivo, con lenguaje amable y familiar.	0
Texto no apto para niños ni adolescentes: texto que promueve miedo, control e intimidación como poder, con normalización de violencia extrema.	5
Contenido de riesgo alto: comentario que presenta el daño físico como algo divertido en una escena de acción, con glorificación de daño.	4
Contenido de riesgo máximo: texto que celebra una agresión extrema sin detalles explícitos en una transmisión en vivo, claramente no apto para menores.	5
Texto con riesgo bajo-medio: competencia deportiva con contacto controlado, presentado sin daño explícito.	2
Mensaje problemático por escena donde varios personajes se enfrentan físicamente; describe violencia a alto nivel, sin detalles gráficos.	3
Contenido de riesgo alto: texto que justifica golpear a alguien por una discusión en un fragmento de película, con glorificación de daño.	4
El mensaje usa mensaje que glorifica una pelea fuerte y humillante como forma de presión o miedo; no es adecuado para niños.	4
Comentario de riesgo medio: video donde se normaliza resolver conflictos con golpes, con normalización de una conducta agresiva.	3
El mensaje presenta texto que amenaza con consecuencias violentas graves como algo aceptable o admirable; es altamente inadecuado para menores.	5
Contenido de riesgo alto: comentario que usa intimidación para provocar miedo en un video viral, con glorificación de daño.	4
El contenido presenta comentario que celebra una discusión que se vuelve física en una escena de acción, lo cual puede ser inadecuado para menores.	3
Comentario de riesgo 5 porque incluye mensaje que presenta la crueldad como algo aceptable en un video de barrio, que requiere supervisión adulta.	5
El mensaje contiene queja exagerada sobre perder un juego en un clip de internet, pero se mantiene en un nivel leve.	1
Comentario de riesgo 5 porque incluye mensaje que romantiza el crimen violento y sus consecuencias en un comentario de redes, sin detalles explícitos.	5
Comentario de riesgo 5 porque incluye mensaje que trata la violencia extrema como espectáculo en una publicación de fans, con tono agresivo.	5
Comentario de riesgo 5 porque incluye mensaje que presenta la crueldad como algo aceptable en un foro de adolescentes, sin detalles explícitos.	5
Comentario de riesgo 5 porque incluye mensaje que trata la violencia extrema como espectáculo en un montaje dramático, con tono agresivo.	5
El mensaje usa texto que presume participar en actos agresivos como forma de presión o miedo; no es adecuado para niños.	4
Contenido de riesgo alto: texto que justifica golpear a alguien por una discusión en un foro de adolescentes, con glorificación de daño.	4
Mensaje muy riesgoso: comentario que normaliza hacer daño grave para ganar respeto; evita detalles gráficos, pero glorifica daño grave.	5
El mensaje presenta texto que amenaza con consecuencias violentas graves como algo aceptable o admirable; es altamente inadecuado para menores.	5
El texto menciona mensaje que describe una persecución agresiva sin detalles explícitos en un video de barrio; no es apto para niños sin supervisión.	3
Comentario no recomendado para menores: comentario que usa intimidación para provocar miedo, con tono de amenaza o intimidación.	4
El mensaje presenta mensaje que romantiza el crimen violento y sus consecuencias como algo aceptable o admirable; es altamente inadecuado para menores.	5
Comentario sin riesgo: habla de reacción tranquila a un video de mascotas, sin violencia ni amenazas.	0
Texto no apto para niños ni adolescentes: comentario que normaliza hacer daño grave para ganar respeto, con normalización de violencia extrema.	5
Texto preocupante porque incluye comentario que amenaza con hacer daño a otra persona sin dar instrucciones; no contiene instrucciones, pero sí normaliza violencia.	4
Texto preocupante porque incluye texto que presume participar en actos agresivos; no contiene instrucciones, pero sí normaliza violencia.	4
El contenido menciona juego de batalla con accesorios de espuma; requiere contexto, aunque no da instrucciones ni detalles gráficos.	2
Comentario de riesgo 5 porque incluye texto que celebra una agresión extrema sin detalles explícitos en una discusión grabada, descrito de forma general.	5
Comentario no recomendado para menores: mensaje que se burla de una víctima después de una agresión, con tono de amenaza o intimidación.	4
Contenido de riesgo máximo: mensaje que romantiza el crimen violento y sus consecuencias en una escena de acción, claramente no apto para menores.	5
Hace muchos años probé la droga. La he probado, pero llegar a adicto, no. Chapo Guzmán	5
El mensaje presenta texto que promueve miedo, control e intimidación como poder como algo aceptable o admirable; es altamente inadecuado para menores.	5
Mensaje de alto riesgo: texto que celebra que alguien termine lastimado, sin detalles gráficos en un montaje dramático, no apto para niños pequeños.	4
Mensaje de alto riesgo: mensaje que se burla de una víctima después de una agresión en un montaje dramático, sin detalles explícitos.	4
Comentario no recomendado para menores: comentario que invita a responder a los problemas con violencia, con tono de amenaza o intimidación.	4
El contenido presenta video con intimidación y contacto violento descrito a alto nivel en un video de barrio, lo cual puede ser inadecuado para menores.	3
El mensaje es seguro: trata de comentario positivo sobre un juego de mesa y mantiene un tono respetuoso.	0
Comentario no recomendado para menores: texto que presume participar en actos agresivos, con tono de amenaza o intimidación.	4
Comentario no recomendado para menores: texto que celebra que alguien termine lastimado, sin detalles gráficos, con tono de amenaza o intimidación.	4
El texto menciona mensaje que trata los golpes como entretenimiento en un video de barrio; no es apto para niños sin supervisión.	3
Contenido de riesgo máximo: mensaje que romantiza el crimen violento y sus consecuencias en un foro de adolescentes, claramente no apto para menores.	5
Contenido de riesgo alto: texto que presume participar en actos agresivos en un fragmento de película, con glorificación de daño.	4
Mensaje muy riesgoso: mensaje que romantiza el crimen violento y sus consecuencias; evita detalles gráficos, pero glorifica daño grave.	5
El mensaje incluye competencia deportiva con contacto controlado en una animación oscura; es acción leve y no gráfica.	2
Mensaje muy riesgoso: mensaje que romantiza el crimen violento y sus consecuencias; evita detalles gráficos, pero glorifica daño grave.	5
Comentario de riesgo 5 porque incluye comentario que celebra daño severo hacia otra persona sin describirlo gráficamente en una transmisión en vivo, con una situación tensa.	5
Comentario de riesgo 5 porque incluye mensaje que presenta la crueldad como algo aceptable en una escena de acción, presentado como algo normal.	5
Contenido de riesgo máximo: mensaje que romantiza el crimen violento y sus consecuencias en un clip de internet, claramente no apto para menores.	5
Contenido de riesgo máximo: texto que celebra una agresión extrema sin detalles explícitos en un video de reacción, claramente no apto para menores.	5
El contenido presenta comentario que celebra una discusión que se vuelve física en una publicación de fans, lo cual puede ser inadecuado para menores.	3
Mensaje tranquilo sobre mensaje familiar sobre un cuento animado, con lenguaje amable y familiar.	0
Mensaje con persecución ficticia sin daño real en una transmisión en vivo, tratado como ficción o actividad controlada.	2
Comentario sobre persecución ficticia sin daño real; puede no ser ideal para niños pequeños, pero no es extremo.	2
Mensaje con conflicto menor: queja exagerada sobre perder un juego, sin contenido gráfico.	1
Comentario de riesgo 5 porque incluye comentario que elogia a figuras criminales violentas en una escena de acción, que puede asustar a menores.	5
Comentario con reacción impulsiva ante una derrota; puede ser poco amable, pero no llega a violencia real.	1
El contenido presenta mensaje que describe una persecución agresiva sin detalles explícitos en una discusión grabada, lo cual puede ser inadecuado para menores.	3
Comentario no recomendado para menores: mensaje que normaliza la venganza violenta, con tono de amenaza o intimidación.	4
El capitalismo es la raqueta legítima de la clase dominante. Al Capone	5
El mensaje es seguro: trata de comentario amable sobre una canción infantil y mantiene un tono respetuoso.	0
Texto preocupante porque incluye mensaje que normaliza la venganza violenta; no contiene instrucciones, pero sí normaliza violencia.	4
Mensaje tranquilo sobre opinión positiva sobre una manualidad familiar, con lenguaje amable y familiar.	0
Comentario de riesgo 5 porque incluye texto que amenaza con consecuencias violentas graves en un relato ficticio, con una situación tensa.	5
Texto preocupante porque incluye comentario que usa intimidación para provocar miedo; no contiene instrucciones, pero sí normaliza violencia.	4
Contenido de riesgo máximo: mensaje que romantiza el crimen violento y sus consecuencias en un comentario de redes, claramente no apto para menores.	5
Texto no apto para niños ni adolescentes: comentario que celebra daño severo hacia otra persona sin describirlo gráficamente, con normalización de violencia extrema.	5
El mensaje incluye pelea leve de caricatura sin heridas ni miedo intenso en un comentario de redes; es acción leve y no gráfica.	2
Comentario no recomendado para menores: mensaje que normaliza la venganza violenta, con tono de amenaza o intimidación.	4
Texto preocupante porque incluye texto que presume participar en actos agresivos; no contiene instrucciones, pero sí normaliza violencia.	4
Texto preocupante porque incluye mensaje que normaliza la venganza violenta; no contiene instrucciones, pero sí normaliza violencia.	4
El mensaje presenta texto que promueve miedo, control e intimidación como poder como algo aceptable o admirable; es altamente inadecuado para menores.	5
Mensaje de alto riesgo: comentario que invita a responder a los problemas con violencia en un video viral, descrito de forma general.	4
El texto menciona comentario que minimiza una pelea real entre adolescentes en un montaje dramático; no es apto para niños sin supervisión.	3
Contenido de riesgo alto: mensaje que se burla de una víctima después de una agresión en una transmisión en vivo, con glorificación de daño.	4
Comentario sin riesgo: habla de opinión positiva sobre una manualidad familiar, sin violencia ni amenazas.	0
El mensaje usa mensaje que se burla de una víctima después de una agresión como forma de presión o miedo; no es adecuado para niños.	4
Mensaje muy riesgoso: comentario que normaliza hacer daño grave para ganar respeto; evita detalles gráficos, pero glorifica daño grave.	5
Comentario de riesgo 5 porque incluye mensaje que trata la violencia extrema como espectáculo en un fragmento de película, con lenguaje de conflicto.	5
Comentario de riesgo 5 porque incluye mensaje que presenta la crueldad como algo aceptable en una publicación de fans, descrito de forma general.	5
Mensaje problemático por comentario que alienta una revancha física sin explicar cómo; describe violencia a alto nivel, sin detalles gráficos.	3
Texto apto para menores sobre mensaje respetuoso en un video de ciencia para niños; no contiene agresión ni intimidación.	0
Texto no apto para niños ni adolescentes: mensaje que glorifica violencia grave y la presenta como admirable, con normalización de violencia extrema.	5
El contenido presenta mensaje que presenta la agresión como forma de ganar respeto en un fragmento de película, lo cual puede ser inadecuado para menores.	3
Mensaje de alto riesgo: comentario que amenaza con hacer daño a otra persona sin dar instrucciones en un comentario de redes, descrito de forma general.	4
Texto con violencia moderada: escena donde varios personajes se enfrentan físicamente, con una idea negativa para menores.	3
Texto preocupante porque incluye texto que justifica golpear a alguien por una discusión; no contiene instrucciones, pero sí normaliza violencia.	4
Mensaje con video de acción con golpes simulados y tono ficticio en un montaje dramático, tratado como ficción o actividad controlada.	2
Contenido de riesgo máximo: texto que amenaza con consecuencias violentas graves en un fragmento de película, claramente no apto para menores.	5
Comentario sobre persecución ficticia sin daño real; puede no ser ideal para niños pequeños, pero no es extremo.	2
Texto con violencia moderada: comentario que celebra una discusión que se vuelve física, sin detalles explícitos.	3
Comentario no recomendado para menores: texto que presume participar en actos agresivos, con tono de amenaza o intimidación.	4
Texto no apto para niños ni adolescentes: mensaje que presenta la crueldad como algo aceptable, con normalización de violencia extrema.	5
Mensaje muy riesgoso: comentario que normaliza hacer daño grave para ganar respeto; evita detalles gráficos, pero glorifica daño grave.	5
El mensaje presenta mensaje que glorifica violencia grave y la presenta como admirable como algo aceptable o admirable; es altamente inadecuado para menores.	5
Mensaje de alto riesgo: comentario que usa intimidación para provocar miedo en un montaje dramático, con tono agresivo.	4
El contenido presenta pelea callejera mencionada de forma general sin detalles gráficos en un relato ficticio, lo cual puede ser inadecuado para menores.	3
Texto con violencia moderada: mensaje que trata los golpes como entretenimiento, presentado como algo normal.	3
Nadie se hace rico trabajando honradamente. Pablo Escobar	5
El mensaje presenta texto que amenaza con consecuencias violentas graves como algo aceptable o admirable; es altamente inadecuado para menores.	5
El contenido presenta video donde se normaliza resolver conflictos con golpes en un video de reacción, lo cual puede ser inadecuado para menores.	3
Mensaje muy riesgoso: mensaje que presenta la crueldad como algo aceptable; evita detalles gráficos, pero glorifica daño grave.	5
Mensaje muy riesgoso: texto que amenaza con consecuencias violentas graves; evita detalles gráficos, pero glorifica daño grave.	5
Texto no apto para niños ni adolescentes: comentario que celebra daño severo hacia otra persona sin describirlo gráficamente, con normalización de violencia extrema.	5
El mensaje usa texto que presume participar en actos agresivos como forma de presión o miedo; no es adecuado para niños.	4
Mensaje muy riesgoso: comentario que elogia a figuras criminales violentas; evita detalles gráficos, pero glorifica daño grave.	5
Contenido de riesgo alto: mensaje que normaliza la venganza violenta en un comentario de redes, con glorificación de daño.	4
Contenido de riesgo máximo: texto que amenaza con consecuencias violentas graves en un video viral, claramente no apto para menores.	5
Mensaje con escena de empujones en un juego físico supervisado en un montaje dramático, tratado como ficción o actividad controlada.	2
Mensaje problemático por mensaje que describe una persecución agresiva sin detalles explícitos; describe violencia a alto nivel, sin detalles gráficos.	3
El mensaje presenta comentario que normaliza hacer daño grave para ganar respeto como algo aceptable o admirable; es altamente inadecuado para menores.	5
El texto menciona video con intimidación y contacto violento descrito a alto nivel en un fragmento de película; no es apto para niños sin supervisión.	3
Mensaje muy riesgoso: mensaje que presenta la crueldad como algo aceptable; evita detalles gráficos, pero glorifica daño grave.	5
El contenido presenta video con intimidación y contacto violento descrito a alto nivel en una escena de acción, lo cual puede ser inadecuado para menores.	3
El texto menciona mensaje que presenta la agresión como forma de ganar respeto en un foro de adolescentes; no es apto para niños sin supervisión.	3
Texto preocupante porque incluye comentario que amenaza con hacer daño a otra persona sin dar instrucciones; no contiene instrucciones, pero sí normaliza violencia.	4
Comentario de riesgo medio: comentario que celebra una discusión que se vuelve física, con normalización de una conducta agresiva.	3
Comentario no recomendado para menores: mensaje que se burla de una víctima después de una agresión, con tono de amenaza o intimidación.	4
El mensaje presenta comentario que celebra daño severo hacia otra persona sin describirlo gráficamente como algo aceptable o admirable; es altamente inadecuado para menores.	5
Cuando tienes dinero, hasta Dios te habla al oído. Chapo Guzmán	5
como que solo le tiran a las 4 solo la de ellos les cabe 😁	5
El mensaje presenta mensaje que romantiza el crimen violento y sus consecuencias como algo aceptable o admirable; es altamente inadecuado para menores.	5
El contenido presenta comentario que alienta una revancha física sin explicar cómo en un video de reacción, lo cual puede ser inadecuado para menores.	3
El contenido menciona competencia deportiva con contacto controlado; requiere contexto, aunque no da instrucciones ni detalles gráficos.	2
corren con los militares	5
El texto muestra escena de empujón accidental tratada como humor en una escena de acción, con tono molesto pero controlado.	1
Comentario de riesgo 5 porque incluye mensaje que romantiza el crimen violento y sus consecuencias en un relato ficticio, con una situación tensa.	5
Texto con riesgo bajo-medio: juego de batalla con accesorios de espuma, presentado sin daño explícito.	2
Comentario con escena de empujón accidental tratada como humor; puede ser poco amable, pero no llega a violencia real.	1
El texto menciona comentario que minimiza una pelea real entre adolescentes en un fragmento de película; no es apto para niños sin supervisión.	3
Mensaje problemático por comentario que minimiza una pelea real entre adolescentes; describe violencia a alto nivel, sin detalles gráficos.	3
Texto con riesgo bajo-medio: competencia deportiva con contacto controlado, presentado sin daño explícito.	2
Mensaje muy riesgoso: mensaje que trata la violencia extrema como espectáculo; evita detalles gráficos, pero glorifica daño grave.	5
Mensaje muy riesgoso: mensaje que presenta la crueldad como algo aceptable; evita detalles gráficos, pero glorifica daño grave.	5
Texto no apto para niños ni adolescentes: mensaje que glorifica violencia grave y la presenta como admirable, con normalización de violencia extrema.	5
El contenido presenta pelea callejera mencionada de forma general sin detalles gráficos en un relato ficticio, lo cual puede ser inadecuado para menores.	3
Texto no apto para niños ni adolescentes: comentario que celebra daño severo hacia otra persona sin describirlo gráficamente, con normalización de violencia extrema.	5
Contenido de riesgo máximo: comentario que normaliza hacer daño grave para ganar respeto en una publicación de fans, claramente no apto para menores.	5
Comentario no recomendado para menores: texto que celebra que alguien termine lastimado, sin detalles gráficos, con tono de amenaza o intimidación.	4
Comentario positivo de comentario amable sobre una canción infantil; es adecuado para un entorno infantil.	0
Comentario sobre escena de empujones en un juego físico supervisado; puede no ser ideal para niños pequeños, pero no es extremo.	2
Texto de bajo riesgo: aparece comentario con tono molesto pero sin amenazas, sin amenazas ni daño físico.	1
Texto no apto para niños ni adolescentes: comentario que normaliza hacer daño grave para ganar respeto, con normalización de violencia extrema.	5
El texto muestra comentario con tono molesto pero sin amenazas en un video viral, con tono molesto pero controlado.	1
jaja	5
Mensaje con video de acción con golpes simulados y tono ficticio en un fragmento de película, tratado como ficción o actividad controlada.	2
Contenido de riesgo máximo: mensaje que romantiza el crimen violento y sus consecuencias en un foro de adolescentes, claramente no apto para menores.	5
Mensaje muy riesgoso: texto que celebra una agresión extrema sin detalles explícitos; evita detalles gráficos, pero glorifica daño grave.	5
Es una realidad que las drogas destruyen. Donde crecí no había otro camino, y todavía no hay una manera de sobrevivir. Chapo Guzmán	5
Contenido de riesgo máximo: mensaje que romantiza el crimen violento y sus consecuencias en un fragmento de película, claramente no apto para menores.	5
Mensaje con persecución ficticia sin daño real en un video de barrio, tratado como ficción o actividad controlada.	2
Mensaje de alto riesgo: comentario que presenta el daño físico como algo divertido en un video de reacción, que puede asustar a menores.	4
Uno lee todos los días la prensa y uno ve mucho peculado, a eso lo llamo yo un dinero caliente. Gonzalo Rodríguez Gacha	5
Mensaje de alto riesgo: texto que justifica golpear a alguien por una discusión en un video de barrio, con tono agresivo.	4
Mensaje muy riesgoso: mensaje que glorifica violencia grave y la presenta como admirable; evita detalles gráficos, pero glorifica daño grave.	5
El mensaje usa comentario que invita a responder a los problemas con violencia como forma de presión o miedo; no es adecuado para niños.	4
Comentario sobre competencia deportiva con contacto controlado; puede no ser ideal para niños pequeños, pero no es extremo.	2
Comentario no recomendado para menores: texto que celebra que alguien termine lastimado, sin detalles gráficos, con tono de amenaza o intimidación.	4
Mensaje de alto riesgo: comentario que invita a responder a los problemas con violencia en un comentario de redes, sin detalles explícitos.	4
En mi mundo, no hay amigos, solo negocios. Al Capone	5
Comentario de riesgo 5 porque incluye mensaje que presenta la crueldad como algo aceptable en un comentario de redes, no apto para niños pequeños.	5
Texto no apto para niños ni adolescentes: comentario que normaliza hacer daño grave para ganar respeto, con normalización de violencia extrema.	5
El dinero te compra aliados, pero nunca lealtad. Miguel Ángel Félix Gallardo	5
Texto con riesgo bajo-medio: caída cómica sobre colchoneta sin consecuencias, presentado sin daño explícito.	2
Comentario de riesgo 5 porque incluye texto que promueve miedo, control e intimidación como poder en una historia corta, con enfoque poco saludable.	5
Comentario sobre discusión fuerte donde nadie resulta herido; puede no ser ideal para niños pequeños, pero no es extremo.	2
Mensaje problemático por comentario que alienta una revancha física sin explicar cómo; describe violencia a alto nivel, sin detalles gráficos.	3
Texto preocupante porque incluye mensaje que se burla de una víctima después de una agresión; no contiene instrucciones, pero sí normaliza violencia.	4
Contenido de riesgo alto: mensaje que se burla de una víctima después de una agresión en un comentario de redes, con glorificación de daño.	4
Comentario no recomendado para menores: comentario que usa intimidación para provocar miedo, con tono de amenaza o intimidación.	4
El mensaje incluye escena de choque leve presentada como comedia en un montaje dramático; es acción leve y no gráfica.	2
Mensaje con escena de choque leve presentada como comedia en una escena de acción, tratado como ficción o actividad controlada.	2
El mensaje usa mensaje que normaliza la venganza violenta como forma de presión o miedo; no es adecuado para niños.	4
La cocaína no es el problema, el problema es quién se mete en mi camino. Pablo Escobar	5
Texto con violencia moderada: comentario que alienta una revancha física sin explicar cómo, descrito de forma general.	3
Contenido de riesgo alto: comentario que invita a responder a los problemas con violencia en un foro de adolescentes, con glorificación de daño.	4
Texto preocupante porque incluye texto que presume participar en actos agresivos; no contiene instrucciones, pero sí normaliza violencia.	4
El mensaje usa texto que celebra que alguien termine lastimado, sin detalles gráficos como forma de presión o miedo; no es adecuado para niños.	4
Comentario sobre juego de batalla con accesorios de espuma; puede no ser ideal para niños pequeños, pero no es extremo.	2
Texto con violencia moderada: mensaje que describe una persecución agresiva sin detalles explícitos, con enfoque poco saludable.	3
El mensaje presenta mensaje que trata la violencia extrema como espectáculo como algo aceptable o admirable; es altamente inadecuado para menores.	5
El mensaje usa mensaje que se burla de una víctima después de una agresión como forma de presión o miedo; no es adecuado para niños.	4
El contenido menciona caída cómica sobre colchoneta sin consecuencias; requiere contexto, aunque no da instrucciones ni detalles gráficos.	2
Comentario positivo de reacción tranquila a un video de mascotas; es adecuado para un entorno infantil.	0
El contenido menciona caída cómica sobre colchoneta sin consecuencias; requiere contexto, aunque no da instrucciones ni detalles gráficos.	2
Contenido de riesgo alto: comentario que presenta el daño físico como algo divertido en un relato ficticio, con glorificación de daño.	4
Comentario de riesgo 5 porque incluye comentario que elogia a figuras criminales violentas en un video de reacción, presentado como algo normal.	5
Mensaje con discusión fuerte donde nadie resulta herido en una discusión grabada, tratado como ficción o actividad controlada.	2
Contenido de riesgo máximo: texto que celebra una agresión extrema sin detalles explícitos en un video de reacción, claramente no apto para menores.	5
Comentario de riesgo 5 porque incluye mensaje que presenta la crueldad como algo aceptable en una discusión grabada, que puede asustar a menores.	5
El texto menciona escena donde varios personajes se enfrentan físicamente en una animación oscura; no es apto para niños sin supervisión.	3
El mensaje usa mensaje que se burla de una víctima después de una agresión como forma de presión o miedo; no es adecuado para niños.	4
El mensaje usa comentario que usa intimidación para provocar miedo como forma de presión o miedo; no es adecuado para niños.	4
Mensaje de alto riesgo: texto que celebra que alguien termine lastimado, sin detalles gráficos en un clip de internet, con tono intimidante.	4
Mensaje muy riesgoso: comentario que elogia a figuras criminales violentas; evita detalles gráficos, pero glorifica daño grave.	5
corre en el maníaco no 😻😻	5
Texto de bajo riesgo: aparece queja exagerada sobre perder un juego, sin amenazas ni daño físico.	1
Texto apto para menores sobre reacción alegre a un video de baile; no contiene agresión ni intimidación.	0
Contenido de riesgo máximo: comentario que celebra daño severo hacia otra persona sin describirlo gráficamente en un clip de internet, claramente no apto para menores.	5
Comentario sin riesgo: habla de reacción alegre a un video de baile, sin violencia ni amenazas.	0
Contenido de riesgo máximo: comentario que normaliza hacer daño grave para ganar respeto en un clip de internet, claramente no apto para menores.	5
El mensaje presenta texto que promueve miedo, control e intimidación como poder como algo aceptable o admirable; es altamente inadecuado para menores.	5
es maratón o que pedo ? 😂	5
El texto muestra desafío verbal algo brusco pero sin violencia en una escena de acción, con tono molesto pero controlado.	1
Mensaje con conflicto menor: discusión leve entre personajes sin insultos fuertes, sin contenido gráfico.	1
Mensaje de alto riesgo: mensaje que normaliza la venganza violenta en un comentario de redes, que puede asustar a menores.	4
Texto con violencia moderada: pelea callejera mencionada de forma general sin detalles gráficos, descrito de forma general.	3
Texto preocupante porque incluye comentario que invita a responder a los problemas con violencia; no contiene instrucciones, pero sí normaliza violencia.	4
Texto no apto para niños ni adolescentes: comentario que normaliza hacer daño grave para ganar respeto, con normalización de violencia extrema.	5
Texto con riesgo bajo-medio: caída cómica sobre colchoneta sin consecuencias, presentado sin daño explícito.	2
El contenido presenta mensaje que describe una persecución agresiva sin detalles explícitos en una transmisión en vivo, lo cual puede ser inadecuado para menores.	3
Comentario de riesgo medio: video donde se normaliza resolver conflictos con golpes, con normalización de una conducta agresiva.	3
El contenido menciona juego de batalla con accesorios de espuma; requiere contexto, aunque no da instrucciones ni detalles gráficos.	2
El mensaje incluye juego de batalla con accesorios de espuma en un fragmento de película; es acción leve y no gráfica.	2
Comentario de riesgo 5 porque incluye mensaje que glorifica violencia grave y la presenta como admirable en un foro de adolescentes, con una situación tensa.	5
El contenido presenta comentario que alienta una revancha física sin explicar cómo en un video viral, lo cual puede ser inadecuado para menores.	3
Mensaje muy riesgoso: texto que promueve miedo, control e intimidación como poder; evita detalles gráficos, pero glorifica daño grave.	5
Mensaje muy riesgoso: mensaje que presenta la crueldad como algo aceptable; evita detalles gráficos, pero glorifica daño grave.	5
Mensaje problemático por comentario que minimiza una pelea real entre adolescentes; describe violencia a alto nivel, sin detalles gráficos.	3
Comentario no recomendado para menores: comentario que amenaza con hacer daño a otra persona sin dar instrucciones, con tono de amenaza o intimidación.	4
Contenido de riesgo alto: mensaje que se burla de una víctima después de una agresión en un foro de adolescentes, con glorificación de daño.	4
Mensaje muy riesgoso: mensaje que presenta la crueldad como algo aceptable; evita detalles gráficos, pero glorifica daño grave.	5
Comentario de riesgo medio: video donde se normaliza resolver conflictos con golpes, con normalización de una conducta agresiva.	3
Mensaje de alto riesgo: mensaje que glorifica una pelea fuerte y humillante en un clip de internet, con lenguaje de conflicto.	4
El mensaje usa comentario que invita a responder a los problemas con violencia como forma de presión o miedo; no es adecuado para niños.	4
Mensaje con caída cómica sobre colchoneta sin consecuencias en una historia corta, tratado como ficción o actividad controlada.	2
El mensaje contiene queja exagerada sobre perder un juego en una publicación de fans, pero se mantiene en un nivel leve.	1
El contenido presenta video con intimidación y contacto violento descrito a alto nivel en una discusión grabada, lo cual puede ser inadecuado para menores.	3
Mensaje con conflicto menor: discusión leve entre personajes sin insultos fuertes, sin contenido gráfico.	1
Texto no apto para niños ni adolescentes: comentario que celebra daño severo hacia otra persona sin describirlo gráficamente, con normalización de violencia extrema.	5
Mensaje muy riesgoso: mensaje que presenta la crueldad como algo aceptable; evita detalles gráficos, pero glorifica daño grave.	5
Texto con violencia moderada: mensaje que describe una persecución agresiva sin detalles explícitos, que puede asustar a menores.	3
En la cárcel aprendí que el poder se respeta más que el miedo. Chapo Guzmán	5
Comentario no recomendado para menores: comentario que invita a responder a los problemas con violencia, con tono de amenaza o intimidación.	4
Texto no apto para niños ni adolescentes: comentario que celebra daño severo hacia otra persona sin describirlo gráficamente, con normalización de violencia extrema.	5
Texto con violencia moderada: mensaje que trata los golpes como entretenimiento, con enfoque poco saludable.	3
El texto menciona comentario que minimiza una pelea real entre adolescentes en una animación oscura; no es apto para niños sin supervisión.	3
El mensaje contiene frase competitiva con enojo leve en una animación oscura, pero se mantiene en un nivel leve.	1
Comentario de riesgo medio: mensaje que presenta la agresión como forma de ganar respeto, con normalización de una conducta agresiva.	3
Mensaje con discusión fuerte donde nadie resulta herido en una historia corta, tratado como ficción o actividad controlada.	2
El texto menciona pelea callejera mencionada de forma general sin detalles gráficos en una animación oscura; no es apto para niños sin supervisión.	3
Texto con riesgo bajo-medio: persecución ficticia sin daño real, presentado sin daño explícito.	2
Mensaje de alto riesgo: texto que celebra que alguien termine lastimado, sin detalles gráficos en un video de reacción, no apto para niños pequeños.	4
Comentario de riesgo 5 porque incluye mensaje que trata la violencia extrema como espectáculo en un video viral, sin detalles explícitos.	5
Texto con violencia moderada: mensaje que presenta la agresión como forma de ganar respeto, con lenguaje de conflicto.	3
El mensaje incluye persecución ficticia sin daño real en un video de barrio; es acción leve y no gráfica.	2
Mensaje muy riesgoso: comentario que elogia a figuras criminales violentas; evita detalles gráficos, pero glorifica daño grave.	5
Si el gobierno quiere pelear, que pelee. Aquí estamos listos. Pablo Escobar	5
Texto no apto para niños ni adolescentes: comentario que elogia a figuras criminales violentas, con normalización de violencia extrema.	5
Contenido de riesgo alto: texto que celebra que alguien termine lastimado, sin detalles gráficos en una escena de acción, con glorificación de daño.	4
Mensaje problemático por comentario que celebra una discusión que se vuelve física; describe violencia a alto nivel, sin detalles gráficos.	3
El mensaje usa texto que presume participar en actos agresivos como forma de presión o miedo; no es adecuado para niños.	4
Mensaje de alto riesgo: comentario que usa intimidación para provocar miedo en un video de barrio, no apto para niños pequeños.	4
El texto menciona video donde se normaliza resolver conflictos con golpes en un fragmento de película; no es apto para niños sin supervisión.	3
Contenido de riesgo alto: comentario que amenaza con hacer daño a otra persona sin dar instrucciones en una transmisión en vivo, con glorificación de daño.	4
Contenido de riesgo máximo: mensaje que presenta la crueldad como algo aceptable en una animación oscura, claramente no apto para menores.	5
Mensaje de alto riesgo: comentario que presenta el daño físico como algo divertido en un fragmento de película, con una idea negativa para menores.	4
El mensaje incluye escena de empujones en un juego físico supervisado en un video de reacción; es acción leve y no gráfica.	2
Comentario no recomendado para menores: comentario que invita a responder a los problemas con violencia, con tono de amenaza o intimidación.	4
Mensaje de alto riesgo: texto que presume participar en actos agresivos en un montaje dramático, sin detalles explícitos.	4
Comentario de riesgo medio: comentario que alienta una revancha física sin explicar cómo, con normalización de una conducta agresiva.	3
El contenido presenta mensaje que trata los golpes como entretenimiento en una discusión grabada, lo cual puede ser inadecuado para menores.	3
El mensaje es seguro: trata de comentario sobre un video educativo sin lenguaje agresivo y mantiene un tono respetuoso.	0
Texto preocupante porque incluye texto que presume participar en actos agresivos; no contiene instrucciones, pero sí normaliza violencia.	4
Contenido de riesgo alto: texto que justifica golpear a alguien por una discusión en un video de reacción, con glorificación de daño.	4
Mensaje de alto riesgo: comentario que usa intimidación para provocar miedo en un video de reacción, con lenguaje de conflicto.	4
El mensaje usa texto que justifica golpear a alguien por una discusión como forma de presión o miedo; no es adecuado para niños.	4
Comentario de riesgo 5 porque incluye texto que amenaza con consecuencias violentas graves en una transmisión en vivo, con una idea negativa para menores.	5
Texto preocupante porque incluye comentario que presenta el daño físico como algo divertido; no contiene instrucciones, pero sí normaliza violencia.	4
Mensaje problemático por mensaje que trata los golpes como entretenimiento; describe violencia a alto nivel, sin detalles gráficos.	3
Comentario de riesgo medio: video con intimidación y contacto violento descrito a alto nivel, con normalización de una conducta agresiva.	3
Comentario de riesgo 5 porque incluye mensaje que trata la violencia extrema como espectáculo en un foro de adolescentes, con lenguaje de conflicto.	5
El contenido menciona entrenamiento de artes marciales con protección; requiere contexto, aunque no da instrucciones ni detalles gráficos.	2
Texto con violencia moderada: comentario que celebra una discusión que se vuelve física, con enfoque poco saludable.	3
El mensaje presenta texto que amenaza con consecuencias violentas graves como algo aceptable o admirable; es altamente inadecuado para menores.	5
El mensaje usa comentario que usa intimidación para provocar miedo como forma de presión o miedo; no es adecuado para niños.	4
Comentario de riesgo 5 porque incluye mensaje que glorifica violencia grave y la presenta como admirable en un comentario de redes, con una situación tensa.	5
Contenido de riesgo alto: mensaje que se burla de una víctima después de una agresión en un montaje dramático, con glorificación de daño.	4
Texto no apto para niños ni adolescentes: comentario que celebra daño severo hacia otra persona sin describirlo gráficamente, con normalización de violencia extrema.	5
Mensaje con conflicto menor: escena de empujón accidental tratada como humor, sin contenido gráfico.	1
El mensaje presenta texto que amenaza con consecuencias violentas graves como algo aceptable o admirable; es altamente inadecuado para menores.	5
Texto con riesgo bajo-medio: discusión fuerte donde nadie resulta herido, presentado sin daño explícito.	2
Mensaje de alto riesgo: comentario que presenta el daño físico como algo divertido en una transmisión en vivo, con una situación tensa.	4
Contenido de riesgo alto: comentario que presenta el daño físico como algo divertido en un clip de internet, con glorificación de daño.	4
Texto preocupante porque incluye texto que celebra que alguien termine lastimado, sin detalles gráficos; no contiene instrucciones, pero sí normaliza violencia.	4
Comentario de riesgo 5 porque incluye mensaje que presenta la crueldad como algo aceptable en una transmisión en vivo, con tono agresivo.	5
Mensaje problemático por mensaje que trata los golpes como entretenimiento; describe violencia a alto nivel, sin detalles gráficos.	3
Texto con violencia moderada: escena donde varios personajes se enfrentan físicamente, descrito de forma general.	3
Contenido de riesgo máximo: mensaje que romantiza el crimen violento y sus consecuencias en un montaje dramático, claramente no apto para menores.	5
Contenido de riesgo máximo: comentario que normaliza hacer daño grave para ganar respeto en un comentario de redes, claramente no apto para menores.	5
El contenido presenta escena donde varios personajes se enfrentan físicamente en un fragmento de película, lo cual puede ser inadecuado para menores.	3
El contenido presenta comentario que alienta una revancha física sin explicar cómo en un video de barrio, lo cual puede ser inadecuado para menores.	3
El mensaje usa texto que justifica golpear a alguien por una discusión como forma de presión o miedo; no es adecuado para niños.	4
El mensaje usa comentario que invita a responder a los problemas con violencia como forma de presión o miedo; no es adecuado para niños.	4
Mensaje de alto riesgo: texto que justifica golpear a alguien por una discusión en un comentario de redes, con enfoque poco saludable.	4
Contenido de riesgo máximo: comentario que elogia a figuras criminales violentas en un video viral, claramente no apto para menores.	5
El mensaje presenta comentario que normaliza hacer daño grave para ganar respeto como algo aceptable o admirable; es altamente inadecuado para menores.	5
Texto con violencia moderada: video con intimidación y contacto violento descrito a alto nivel, presentado como algo normal.	3
Texto preocupante porque incluye texto que celebra que alguien termine lastimado, sin detalles gráficos; no contiene instrucciones, pero sí normaliza violencia.	4
Comentario de riesgo medio: escena donde varios personajes se enfrentan físicamente, con normalización de una conducta agresiva.	3
Comentario sobre juego de batalla con accesorios de espuma; puede no ser ideal para niños pequeños, pero no es extremo.	2
El mensaje usa texto que celebra que alguien termine lastimado, sin detalles gráficos como forma de presión o miedo; no es adecuado para niños.	4
Mensaje muy riesgoso: mensaje que glorifica violencia grave y la presenta como admirable; evita detalles gráficos, pero glorifica daño grave.	5
El texto menciona comentario que minimiza una pelea real entre adolescentes en un clip de internet; no es apto para niños sin supervisión.	3
Comentario no recomendado para menores: comentario que invita a responder a los problemas con violencia, con tono de amenaza o intimidación.	4
El contenido presenta pelea callejera mencionada de forma general sin detalles gráficos en un montaje dramático, lo cual puede ser inadecuado para menores.	3
Texto con violencia moderada: pelea callejera mencionada de forma general sin detalles gráficos, con tono intimidante.	3
Contenido de riesgo alto: comentario que invita a responder a los problemas con violencia en un video viral, con glorificación de daño.	4
Comentario con escena de empujón accidental tratada como humor; puede ser poco amable, pero no llega a violencia real.	1
Comentario con reacción impulsiva ante una derrota; puede ser poco amable, pero no llega a violencia real.	1
Texto preocupante porque incluye mensaje que glorifica una pelea fuerte y humillante; no contiene instrucciones, pero sí normaliza violencia.	4
Comentario de riesgo medio: mensaje que trata los golpes como entretenimiento, con normalización de una conducta agresiva.	3
El texto menciona comentario que minimiza una pelea real entre adolescentes en un fragmento de película; no es apto para niños sin supervisión.	3
El mensaje contiene comentario de rivalidad escolar sin daño físico en un video viral, pero se mantiene en un nivel leve.	1
El contenido presenta comentario que minimiza una pelea real entre adolescentes en un clip de internet, lo cual puede ser inadecuado para menores.	3
Comentario positivo de comentario positivo sobre un juego de mesa; es adecuado para un entorno infantil.	0
Texto no apto para niños ni adolescentes: comentario que celebra daño severo hacia otra persona sin describirlo gráficamente, con normalización de violencia extrema.	5
Mensaje muy riesgoso: texto que celebra una agresión extrema sin detalles explícitos; evita detalles gráficos, pero glorifica daño grave.	5
Mensaje de alto riesgo: comentario que usa intimidación para provocar miedo en una historia corta, con una situación tensa.	4
Mensaje muy riesgoso: comentario que celebra daño severo hacia otra persona sin describirlo gráficamente; evita detalles gráficos, pero glorifica daño grave.	5
Comentario no recomendado para menores: mensaje que normaliza la venganza violenta, con tono de amenaza o intimidación.	4
El contenido presenta video con intimidación y contacto violento descrito a alto nivel en un relato ficticio, lo cual puede ser inadecuado para menores.	3
El mensaje presenta mensaje que presenta la crueldad como algo aceptable como algo aceptable o admirable; es altamente inadecuado para menores.	5
El contenido presenta mensaje que describe una persecución agresiva sin detalles explícitos en una transmisión en vivo, lo cual puede ser inadecuado para menores.	3
Contenido de riesgo alto: mensaje que normaliza la venganza violenta en un video de barrio, con glorificación de daño.	4
Texto preocupante porque incluye mensaje que se burla de una víctima después de una agresión; no contiene instrucciones, pero sí normaliza violencia.	4
Comentario de riesgo 5 porque incluye comentario que celebra daño severo hacia otra persona sin describirlo gráficamente en una transmisión en vivo, presentado como algo normal.	5
Texto no apto para niños ni adolescentes: comentario que normaliza hacer daño grave para ganar respeto, con normalización de violencia extrema.	5
Texto preocupante porque incluye comentario que invita a responder a los problemas con violencia; no contiene instrucciones, pero sí normaliza violencia.	4
El contenido menciona video de acción con golpes simulados y tono ficticio; requiere contexto, aunque no da instrucciones ni detalles gráficos.	2
El mensaje usa mensaje que glorifica una pelea fuerte y humillante como forma de presión o miedo; no es adecuado para niños.	4
Mensaje de alto riesgo: comentario que presenta el daño físico como algo divertido en una discusión grabada, presentado como algo normal.	4
Contenido de riesgo alto: texto que justifica golpear a alguien por una discusión en un video viral, con glorificación de daño.	4
El texto muestra queja exagerada sobre perder un juego en un video viral, con tono molesto pero controlado.	1
Comentario con comentario con tono molesto pero sin amenazas; puede ser poco amable, pero no llega a violencia real.	1
El contenido presenta escena donde varios personajes se enfrentan físicamente en una escena de acción, lo cual puede ser inadecuado para menores.	3
El mensaje presenta texto que celebra una agresión extrema sin detalles explícitos como algo aceptable o admirable; es altamente inadecuado para menores.	5
Mensaje muy riesgoso: comentario que normaliza hacer daño grave para ganar respeto; evita detalles gráficos, pero glorifica daño grave.	5
Mensaje tranquilo sobre reacción tranquila a un video de mascotas, con lenguaje amable y familiar.	0
Texto de bajo riesgo: aparece escena de empujón accidental tratada como humor, sin amenazas ni daño físico.	1
Mensaje problemático por mensaje que trata los golpes como entretenimiento; describe violencia a alto nivel, sin detalles gráficos.	3
Texto preocupante porque incluye mensaje que normaliza la venganza violenta; no contiene instrucciones, pero sí normaliza violencia.	4
Texto con violencia moderada: mensaje que trata los golpes como entretenimiento, que puede asustar a menores.	3
Mensaje con discusión fuerte donde nadie resulta herido en un fragmento de película, tratado como ficción o actividad controlada.	2
Texto con violencia moderada: pelea callejera mencionada de forma general sin detalles gráficos, con enfoque poco saludable.	3
Comentario sobre competencia deportiva con contacto controlado; puede no ser ideal para niños pequeños, pero no es extremo.	2
Comentario sin riesgo: habla de comentario amable sobre una canción infantil, sin violencia ni amenazas.	0
Comentario de riesgo 5 porque incluye texto que amenaza con consecuencias violentas graves en un video viral, que puede asustar a menores.	5
El mensaje incluye discusión fuerte donde nadie resulta herido en un video de barrio; es acción leve y no gráfica.	2
Comentario no recomendado para menores: mensaje que glorifica una pelea fuerte y humillante, con tono de amenaza o intimidación.	4
El contenido presenta comentario que alienta una revancha física sin explicar cómo en una discusión grabada, lo cual puede ser inadecuado para menores.	3
Mensaje muy riesgoso: texto que promueve miedo, control e intimidación como poder; evita detalles gráficos, pero glorifica daño grave.	5
Comentario sobre video de acción con golpes simulados y tono ficticio; puede no ser ideal para niños pequeños, pero no es extremo.	2
Texto preocupante porque incluye texto que celebra que alguien termine lastimado, sin detalles gráficos; no contiene instrucciones, pero sí normaliza violencia.	4
Mensaje con competencia deportiva con contacto controlado en una transmisión en vivo, tratado como ficción o actividad controlada.	2
Asi corren las Jaliscas en Zacatecas cuando les cae la Mayiza 😂👍🏻🤠〽️F🐎🏹	5
Mensaje problemático por mensaje que presenta la agresión como forma de ganar respeto; describe violencia a alto nivel, sin detalles gráficos.	3
Texto preocupante porque incluye mensaje que glorifica una pelea fuerte y humillante; no contiene instrucciones, pero sí normaliza violencia.	4
Comentario no recomendado para menores: texto que celebra que alguien termine lastimado, sin detalles gráficos, con tono de amenaza o intimidación.	4
Comentario de riesgo 5 porque incluye mensaje que trata la violencia extrema como espectáculo en una discusión grabada, con lenguaje de conflicto.	5
El contenido menciona video de acción con golpes simulados y tono ficticio; requiere contexto, aunque no da instrucciones ni detalles gráficos.	2
Contenido de riesgo máximo: mensaje que glorifica violencia grave y la presenta como admirable en una escena de acción, claramente no apto para menores.	5
Comentario sobre video de acción con golpes simulados y tono ficticio; puede no ser ideal para niños pequeños, pero no es extremo.	2
Mensaje tranquilo sobre mensaje familiar sobre un cuento animado, con lenguaje amable y familiar.	0
El mensaje contiene desafío verbal algo brusco pero sin violencia en una discusión grabada, pero se mantiene en un nivel leve.	1
Texto no apto para niños ni adolescentes: comentario que celebra daño severo hacia otra persona sin describirlo gráficamente, con normalización de violencia extrema.	5
El mensaje usa comentario que invita a responder a los problemas con violencia como forma de presión o miedo; no es adecuado para niños.	4
Comentario de riesgo 5 porque incluye mensaje que trata la violencia extrema como espectáculo en un montaje dramático, con lenguaje de conflicto.	5
No te lleves la idea de que soy uno de esos radicales. No te lleves la idea de que estoy golpeando al sistema americano. Al Capone	5
El mensaje incluye persecución ficticia sin daño real en un clip de internet; es acción leve y no gráfica.	2
Mensaje muy riesgoso: texto que promueve miedo, control e intimidación como poder; evita detalles gráficos, pero glorifica daño grave.	5
Texto con violencia moderada: video donde se normaliza resolver conflictos con golpes, presentado como algo normal.	3
Comentario de riesgo 5 porque incluye comentario que celebra daño severo hacia otra persona sin describirlo gráficamente en una discusión grabada, con lenguaje de conflicto.	5
Comentario de riesgo medio: video con intimidación y contacto violento descrito a alto nivel, con normalización de una conducta agresiva.	3
Texto no apto para niños ni adolescentes: mensaje que glorifica violencia grave y la presenta como admirable, con normalización de violencia extrema.	5
Texto con violencia moderada: mensaje que describe una persecución agresiva sin detalles explícitos, con enfoque poco saludable.	3
El mensaje contiene intercambio tenso que termina en disculpa en un fragmento de película, pero se mantiene en un nivel leve.	1
El mensaje presenta mensaje que romantiza el crimen violento y sus consecuencias como algo aceptable o admirable; es altamente inadecuado para menores.	5
El texto menciona video con intimidación y contacto violento descrito a alto nivel en una transmisión en vivo; no es apto para niños sin supervisión.	3
Mensaje de alto riesgo: comentario que invita a responder a los problemas con violencia en una animación oscura, con una idea negativa para menores.	4
Comentario de riesgo 5 porque incluye texto que celebra una agresión extrema sin detalles explícitos en una animación oscura, que puede asustar a menores.	5
Mensaje con conflicto menor: escena de empujón accidental tratada como humor, sin contenido gráfico.	1
Mensaje muy riesgoso: mensaje que romantiza el crimen violento y sus consecuencias; evita detalles gráficos, pero glorifica daño grave.	5
Contenido de riesgo máximo: mensaje que glorifica violencia grave y la presenta como admirable en un comentario de redes, claramente no apto para menores.	5
El mensaje contiene broma ruda entre amigos que no pasa a mayores en una escena de acción, pero se mantiene en un nivel leve.	1
Contenido de riesgo alto: comentario que amenaza con hacer daño a otra persona sin dar instrucciones en una escena de acción, con glorificación de daño.	4
Texto preocupante porque incluye texto que presume participar en actos agresivos; no contiene instrucciones, pero sí normaliza violencia.	4
Mensaje muy riesgoso: mensaje que romantiza el crimen violento y sus consecuencias; evita detalles gráficos, pero glorifica daño grave.	5
Mensaje con conflicto menor: discusión leve entre personajes sin insultos fuertes, sin contenido gráfico.	1
Mensaje con conflicto menor: broma ruda entre amigos que no pasa a mayores, sin contenido gráfico.	1
Mensaje muy riesgoso: mensaje que glorifica violencia grave y la presenta como admirable; evita detalles gráficos, pero glorifica daño grave.	5
Mensaje de alto riesgo: comentario que invita a responder a los problemas con violencia en una animación oscura, con tono intimidante.	4
Comentario no recomendado para menores: texto que celebra que alguien termine lastimado, sin detalles gráficos, con tono de amenaza o intimidación.	4
El mensaje contiene desafío verbal algo brusco pero sin violencia en un clip de internet, pero se mantiene en un nivel leve.	1
Contenido de riesgo máximo: texto que amenaza con consecuencias violentas graves en un relato ficticio, claramente no apto para menores.	5
Texto de bajo riesgo: aparece escena de empujón accidental tratada como humor, sin amenazas ni daño físico.	1
Mensaje con discusión fuerte donde nadie resulta herido en una publicación de fans, tratado como ficción o actividad controlada.	2
Mensaje tranquilo sobre opinión positiva sobre una manualidad familiar, con lenguaje amable y familiar.	0
Texto no apto para niños ni adolescentes: texto que promueve miedo, control e intimidación como poder, con normalización de violencia extrema.	5
Comentario de riesgo medio: comentario que alienta una revancha física sin explicar cómo, con normalización de una conducta agresiva.	3
Comentario de riesgo medio: mensaje que presenta la agresión como forma de ganar respeto, con normalización de una conducta agresiva.	3
Texto con violencia moderada: mensaje que presenta la agresión como forma de ganar respeto, con tono agresivo.	3
Mensaje muy riesgoso: mensaje que romantiza el crimen violento y sus consecuencias; evita detalles gráficos, pero glorifica daño grave.	5
Contenido de riesgo máximo: comentario que normaliza hacer daño grave para ganar respeto en un video de reacción, claramente no apto para menores.	5
Comentario positivo de comentario sano sobre un reto sin peligro; es adecuado para un entorno infantil.	0
Contenido de riesgo máximo: comentario que normaliza hacer daño grave para ganar respeto en un clip de internet, claramente no apto para menores.	5
Contenido de riesgo máximo: comentario que normaliza hacer daño grave para ganar respeto en un relato ficticio, claramente no apto para menores.	5
Texto con violencia moderada: mensaje que describe una persecución agresiva sin detalles explícitos, presentado como algo normal.	3
Mensaje de alto riesgo: comentario que usa intimidación para provocar miedo en una publicación de fans, descrito de forma general.	4
Comentario de riesgo medio: video con intimidación y contacto violento descrito a alto nivel, con normalización de una conducta agresiva.	3
El mensaje usa comentario que invita a responder a los problemas con violencia como forma de presión o miedo; no es adecuado para niños.	4
El texto menciona video donde se normaliza resolver conflictos con golpes en una animación oscura; no es apto para niños sin supervisión.	3
Comentario sobre juego de batalla con accesorios de espuma; puede no ser ideal para niños pequeños, pero no es extremo.	2
La mayisa va ganando subiendo videos 🤣🤣🤣	5
El contenido presenta comentario que celebra una discusión que se vuelve física en un comentario de redes, lo cual puede ser inadecuado para menores.	3
Mensaje de alto riesgo: mensaje que normaliza la venganza violenta en una discusión grabada, con una situación tensa.	4
El mensaje presenta texto que promueve miedo, control e intimidación como poder como algo aceptable o admirable; es altamente inadecuado para menores.	5
El mensaje contiene frase competitiva con enojo leve en un montaje dramático, pero se mantiene en un nivel leve.	1
Comentario no recomendado para menores: texto que presume participar en actos agresivos, con tono de amenaza o intimidación.	4
Comentario de riesgo 5 porque incluye texto que celebra una agresión extrema sin detalles explícitos en una discusión grabada, con tono agresivo.	5
Mensaje de alto riesgo: comentario que usa intimidación para provocar miedo en una discusión grabada, que requiere supervisión adulta.	4
Mensaje de alto riesgo: texto que celebra que alguien termine lastimado, sin detalles gráficos en un clip de internet, con lenguaje de conflicto.	4
El contenido menciona video de acción con golpes simulados y tono ficticio; requiere contexto, aunque no da instrucciones ni detalles gráficos.	2
Texto no apto para niños ni adolescentes: comentario que elogia a figuras criminales violentas, con normalización de violencia extrema.	5
El mensaje presenta comentario que normaliza hacer daño grave para ganar respeto como algo aceptable o admirable; es altamente inadecuado para menores.	5
El contenido menciona persecución ficticia sin daño real; requiere contexto, aunque no da instrucciones ni detalles gráficos.	2
Mensaje con entrenamiento de artes marciales con protección en una transmisión en vivo, tratado como ficción o actividad controlada.	2
El texto muestra comentario de rivalidad escolar sin daño físico en un video de reacción, con tono molesto pero controlado.	1
El mensaje usa comentario que presenta el daño físico como algo divertido como forma de presión o miedo; no es adecuado para niños.	4
El mensaje usa mensaje que glorifica una pelea fuerte y humillante como forma de presión o miedo; no es adecuado para niños.	4
El texto menciona comentario que alienta una revancha física sin explicar cómo en una discusión grabada; no es apto para niños sin supervisión.	3
Contenido de riesgo alto: mensaje que se burla de una víctima después de una agresión en una historia corta, con glorificación de daño.	4
Texto no apto para niños ni adolescentes: texto que amenaza con consecuencias violentas graves, con normalización de violencia extrema.	5
Mensaje de alto riesgo: comentario que amenaza con hacer daño a otra persona sin dar instrucciones en un comentario de redes, con tono intimidante.	4
Mensaje de alto riesgo: comentario que amenaza con hacer daño a otra persona sin dar instrucciones en un fragmento de película, con tono intimidante.	4
El texto menciona mensaje que presenta la agresión como forma de ganar respeto en un fragmento de película; no es apto para niños sin supervisión.	3
Texto preocupante porque incluye mensaje que se burla de una víctima después de una agresión; no contiene instrucciones, pero sí normaliza violencia.	4
Comentario no recomendado para menores: comentario que presenta el daño físico como algo divertido, con tono de amenaza o intimidación.	4
Comentario de riesgo medio: mensaje que presenta la agresión como forma de ganar respeto, con normalización de una conducta agresiva.	3
Texto no apto para niños ni adolescentes: comentario que celebra daño severo hacia otra persona sin describirlo gráficamente, con normalización de violencia extrema.	5
El mensaje usa texto que celebra que alguien termine lastimado, sin detalles gráficos como forma de presión o miedo; no es adecuado para niños.	4
Comentario sobre caída cómica sobre colchoneta sin consecuencias; puede no ser ideal para niños pequeños, pero no es extremo.	2
El mensaje presenta comentario que celebra daño severo hacia otra persona sin describirlo gráficamente como algo aceptable o admirable; es altamente inadecuado para menores.	5
Texto con violencia moderada: video con intimidación y contacto violento descrito a alto nivel, no apto para niños pequeños.	3
Texto preocupante porque incluye comentario que amenaza con hacer daño a otra persona sin dar instrucciones; no contiene instrucciones, pero sí normaliza violencia.	4
Contenido de riesgo alto: mensaje que normaliza la venganza violenta en una publicación de fans, con glorificación de daño.	4
Texto con violencia moderada: comentario que celebra una discusión que se vuelve física, no apto para niños pequeños.	3
Contenido de riesgo alto: mensaje que glorifica una pelea fuerte y humillante en una publicación de fans, con glorificación de daño.	4
Mensaje muy riesgoso: comentario que celebra daño severo hacia otra persona sin describirlo gráficamente; evita detalles gráficos, pero glorifica daño grave.	5
Comentario sin riesgo: habla de reacción tranquila a un video de mascotas, sin violencia ni amenazas.	0
Comentario no recomendado para menores: comentario que usa intimidación para provocar miedo, con tono de amenaza o intimidación.	4
Texto con violencia moderada: video donde se normaliza resolver conflictos con golpes, con una idea negativa para menores.	3
Mensaje muy riesgoso: comentario que celebra daño severo hacia otra persona sin describirlo gráficamente; evita detalles gráficos, pero glorifica daño grave.	5
Mensaje muy riesgoso: mensaje que presenta la crueldad como algo aceptable; evita detalles gráficos, pero glorifica daño grave.	5
Contenido de riesgo alto: mensaje que glorifica una pelea fuerte y humillante en un comentario de redes, con glorificación de daño.	4
El mensaje presenta mensaje que romantiza el crimen violento y sus consecuencias como algo aceptable o admirable; es altamente inadecuado para menores.	5
Contenido de riesgo máximo: comentario que normaliza hacer daño grave para ganar respeto en una discusión grabada, claramente no apto para menores.	5
El contenido menciona persecución ficticia sin daño real; requiere contexto, aunque no da instrucciones ni detalles gráficos.	2
Texto no apto para niños ni adolescentes: texto que amenaza con consecuencias violentas graves, con normalización de violencia extrema.	5
Comentario no recomendado para menores: mensaje que normaliza la venganza violenta, con tono de amenaza o intimidación.	4
Mensaje de alto riesgo: comentario que presenta el daño físico como algo divertido en un comentario de redes, que requiere supervisión adulta.	4
Texto no apto para niños ni adolescentes: comentario que elogia a figuras criminales violentas, con normalización de violencia extrema.	5
Comentario no recomendado para menores: comentario que invita a responder a los problemas con violencia, con tono de amenaza o intimidación.	4
El texto muestra comentario de rivalidad escolar sin daño físico en un foro de adolescentes, con tono molesto pero controlado.	1
El mensaje presenta mensaje que trata la violencia extrema como espectáculo como algo aceptable o admirable; es altamente inadecuado para menores.	5
El mensaje usa comentario que amenaza con hacer daño a otra persona sin dar instrucciones como forma de presión o miedo; no es adecuado para niños.	4
Comentario sobre pelea leve de caricatura sin heridas ni miedo intenso; puede no ser ideal para niños pequeños, pero no es extremo.	2
El mensaje es seguro: trata de opinión neutral sobre una receta sencilla y mantiene un tono respetuoso.	0
Comentario de riesgo 5 porque incluye comentario que elogia a figuras criminales violentas en un clip de internet, no apto para niños pequeños.	5
Comentario de riesgo 5 porque incluye texto que promueve miedo, control e intimidación como poder en un relato ficticio, con lenguaje de conflicto.	5
Comentario de riesgo 5 porque incluye comentario que celebra daño severo hacia otra persona sin describirlo gráficamente en un comentario de redes, con lenguaje de conflicto.	5
Texto con riesgo bajo-medio: persecución ficticia sin daño real, presentado sin daño explícito.	2
Texto preocupante porque incluye mensaje que glorifica una pelea fuerte y humillante; no contiene instrucciones, pero sí normaliza violencia.	4
El mensaje presenta comentario que normaliza hacer daño grave para ganar respeto como algo aceptable o admirable; es altamente inadecuado para menores.	5
Contenido de riesgo alto: mensaje que normaliza la venganza violenta en una escena de acción, con glorificación de daño.	4
Contenido de riesgo máximo: texto que promueve miedo, control e intimidación como poder en una publicación de fans, claramente no apto para menores.	5
El mensaje usa texto que justifica golpear a alguien por una discusión como forma de presión o miedo; no es adecuado para niños.	4
Comentario no recomendado para menores: comentario que presenta el daño físico como algo divertido, con tono de amenaza o intimidación.	4
Texto preocupante porque incluye texto que celebra que alguien termine lastimado, sin detalles gráficos; no contiene instrucciones, pero sí normaliza violencia.	4
El texto muestra comentario con tono molesto pero sin amenazas en un fragmento de película, con tono molesto pero controlado.	1
Texto preocupante porque incluye comentario que presenta el daño físico como algo divertido; no contiene instrucciones, pero sí normaliza violencia.	4
Comentario positivo de reacción tranquila a un video de mascotas; es adecuado para un entorno infantil.	0
El mensaje presenta comentario que normaliza hacer daño grave para ganar respeto como algo aceptable o admirable; es altamente inadecuado para menores.	5
El mensaje es seguro: trata de opinión neutral sobre una receta sencilla y mantiene un tono respetuoso.	0
El contenido menciona competencia deportiva con contacto controlado; requiere contexto, aunque no da instrucciones ni detalles gráficos.	2
Comentario de riesgo medio: mensaje que describe una persecución agresiva sin detalles explícitos, con normalización de una conducta agresiva.	3
Mensaje tranquilo sobre reacción alegre a un video de baile, con lenguaje amable y familiar.	0
Comentario de riesgo medio: mensaje que presenta la agresión como forma de ganar respeto, con normalización de una conducta agresiva.	3
Texto de bajo riesgo: aparece reacción impulsiva ante una derrota, sin amenazas ni daño físico.	1
Texto no apto para niños ni adolescentes: mensaje que trata la violencia extrema como espectáculo, con normalización de violencia extrema.	5
Comentario de riesgo 5 porque incluye texto que promueve miedo, control e intimidación como poder en un montaje dramático, con enfoque poco saludable.	5
El mensaje usa mensaje que normaliza la venganza violenta como forma de presión o miedo; no es adecuado para niños.	4
Comentario de riesgo medio: comentario que minimiza una pelea real entre adolescentes, con normalización de una conducta agresiva.	3
Texto preocupante porque incluye comentario que invita a responder a los problemas con violencia; no contiene instrucciones, pero sí normaliza violencia.	4
Comentario no recomendado para menores: texto que justifica golpear a alguien por una discusión, con tono de amenaza o intimidación.	4
El mensaje incluye juego de batalla con accesorios de espuma en un video de reacción; es acción leve y no gráfica.	2
Texto no apto para niños ni adolescentes: mensaje que presenta la crueldad como algo aceptable, con normalización de violencia extrema.	5
El texto menciona mensaje que trata los golpes como entretenimiento en un video de reacción; no es apto para niños sin supervisión.	3
Contenido de riesgo máximo: mensaje que romantiza el crimen violento y sus consecuencias en un video viral, claramente no apto para menores.	5
El contenido presenta mensaje que describe una persecución agresiva sin detalles explícitos en un video de reacción, lo cual puede ser inadecuado para menores.	3
Mensaje tranquilo sobre comentario sano sobre un reto sin peligro, con lenguaje amable y familiar.	0
Mensaje con conflicto menor: queja exagerada sobre perder un juego, sin contenido gráfico.	1
Mensaje de alto riesgo: comentario que usa intimidación para provocar miedo en un clip de internet, con tono intimidante.	4
El mensaje presenta comentario que celebra daño severo hacia otra persona sin describirlo gráficamente como algo aceptable o admirable; es altamente inadecuado para menores.	5
Contenido de riesgo alto: comentario que usa intimidación para provocar miedo en una discusión grabada, con glorificación de daño.	4
Comentario de riesgo medio: comentario que minimiza una pelea real entre adolescentes, con normalización de una conducta agresiva.	3
La violencia es necesaria cuando el diálogo no sirve. Chapo Guzmán	5
El mensaje usa texto que presume participar en actos agresivos como forma de presión o miedo; no es adecuado para niños.	4
El mensaje es seguro: trata de comentario amable sobre una canción infantil y mantiene un tono respetuoso.	0
Contenido de riesgo máximo: comentario que elogia a figuras criminales violentas en un foro de adolescentes, claramente no apto para menores.	5
Comentario de riesgo 5 porque incluye comentario que elogia a figuras criminales violentas en un fragmento de película, presentado como algo normal.	5
Texto con riesgo bajo-medio: discusión fuerte donde nadie resulta herido, presentado sin daño explícito.	2
Contenido de riesgo máximo: mensaje que glorifica violencia grave y la presenta como admirable en un fragmento de película, claramente no apto para menores.	5
El contenido menciona juego de batalla con accesorios de espuma; requiere contexto, aunque no da instrucciones ni detalles gráficos.	2
El mensaje presenta texto que promueve miedo, control e intimidación como poder como algo aceptable o admirable; es altamente inadecuado para menores.	5
Texto no apto para niños ni adolescentes: texto que promueve miedo, control e intimidación como poder, con normalización de violencia extrema.	5
Mensaje de alto riesgo: mensaje que normaliza la venganza violenta en un montaje dramático, descrito de forma general.	4
Contenido de riesgo máximo: mensaje que trata la violencia extrema como espectáculo en una historia corta, claramente no apto para menores.	5
Texto con violencia moderada: comentario que celebra una discusión que se vuelve física, con tono intimidante.	3
El texto menciona comentario que minimiza una pelea real entre adolescentes en una animación oscura; no es apto para niños sin supervisión.	3
El mensaje incluye caída cómica sobre colchoneta sin consecuencias en una escena de acción; es acción leve y no gráfica.	2
El mensaje presenta texto que promueve miedo, control e intimidación como poder como algo aceptable o admirable; es altamente inadecuado para menores.	5
El contenido presenta comentario que minimiza una pelea real entre adolescentes en un comentario de redes, lo cual puede ser inadecuado para menores.	3
El mensaje usa comentario que usa intimidación para provocar miedo como forma de presión o miedo; no es adecuado para niños.	4
El mensaje presenta comentario que elogia a figuras criminales violentas como algo aceptable o admirable; es altamente inadecuado para menores.	5
Comentario sobre video de acción con golpes simulados y tono ficticio; puede no ser ideal para niños pequeños, pero no es extremo.	2
Texto no apto para niños ni adolescentes: mensaje que romantiza el crimen violento y sus consecuencias, con normalización de violencia extrema.	5
El mensaje es seguro: trata de comentario sobre un video educativo sin lenguaje agresivo y mantiene un tono respetuoso.	0
El contenido presenta mensaje que trata los golpes como entretenimiento en una escena de acción, lo cual puede ser inadecuado para menores.	3
Contenido de riesgo alto: comentario que usa intimidación para provocar miedo en una publicación de fans, con glorificación de daño.	4
El mensaje es seguro: trata de reacción alegre a un video de baile y mantiene un tono respetuoso.	0
Mensaje muy riesgoso: mensaje que trata la violencia extrema como espectáculo; evita detalles gráficos, pero glorifica daño grave.	5
El mensaje usa comentario que usa intimidación para provocar miedo como forma de presión o miedo; no es adecuado para niños.	4
Comentario de riesgo medio: mensaje que describe una persecución agresiva sin detalles explícitos, con normalización de una conducta agresiva.	3
El mensaje incluye entrenamiento de artes marciales con protección en un foro de adolescentes; es acción leve y no gráfica.	2
El mensaje presenta comentario que elogia a figuras criminales violentas como algo aceptable o admirable; es altamente inadecuado para menores.	5
Comentario de riesgo 5 porque incluye texto que promueve miedo, control e intimidación como poder en un clip de internet, con una situación tensa.	5
Mensaje muy riesgoso: mensaje que trata la violencia extrema como espectáculo; evita detalles gráficos, pero glorifica daño grave.	5
Comentario de riesgo 5 porque incluye comentario que celebra daño severo hacia otra persona sin describirlo gráficamente en un comentario de redes, descrito de forma general.	5
Comentario no recomendado para menores: comentario que invita a responder a los problemas con violencia, con tono de amenaza o intimidación.	4
Texto no apto para niños ni adolescentes: comentario que celebra daño severo hacia otra persona sin describirlo gráficamente, con normalización de violencia extrema.	5
Contenido de riesgo alto: comentario que usa intimidación para provocar miedo en un video de barrio, con glorificación de daño.	4
Comentario de riesgo medio: comentario que alienta una revancha física sin explicar cómo, con normalización de una conducta agresiva.	3
Contenido de riesgo alto: mensaje que se burla de una víctima después de una agresión en un video viral, con glorificación de daño.	4
Comentario no recomendado para menores: comentario que presenta el daño físico como algo divertido, con tono de amenaza o intimidación.	4
Comentario de riesgo 5 porque incluye comentario que celebra daño severo hacia otra persona sin describirlo gráficamente en un video de barrio, con una situación tensa.	5
He sido acusado de toda muerte excepto de la lista de bajas de la guerra mundial. Al Capone	5
Texto preocupante porque incluye texto que justifica golpear a alguien por una discusión; no contiene instrucciones, pero sí normaliza violencia.	4
Mensaje con juego de batalla con accesorios de espuma en una publicación de fans, tratado como ficción o actividad controlada.	2
El texto menciona video donde se normaliza resolver conflictos con golpes en un montaje dramático; no es apto para niños sin supervisión.	3
El mensaje es seguro: trata de opinión positiva sobre una manualidad familiar y mantiene un tono respetuoso.	0
Texto apto para menores sobre opinión positiva sobre una manualidad familiar; no contiene agresión ni intimidación.	0
Texto no apto para niños ni adolescentes: mensaje que presenta la crueldad como algo aceptable, con normalización de violencia extrema.	5
Comentario no recomendado para menores: texto que justifica golpear a alguien por una discusión, con tono de amenaza o intimidación.	4
Contenido de riesgo máximo: mensaje que trata la violencia extrema como espectáculo en una publicación de fans, claramente no apto para menores.	5
Texto preocupante porque incluye texto que presume participar en actos agresivos; no contiene instrucciones, pero sí normaliza violencia.	4
Texto preocupante porque incluye comentario que amenaza con hacer daño a otra persona sin dar instrucciones; no contiene instrucciones, pero sí normaliza violencia.	4
El mensaje presenta mensaje que presenta la crueldad como algo aceptable como algo aceptable o admirable; es altamente inadecuado para menores.	5
Comentario con intercambio tenso que termina en disculpa; puede ser poco amable, pero no llega a violencia real.	1
El texto menciona mensaje que trata los golpes como entretenimiento en una publicación de fans; no es apto para niños sin supervisión.	3
El pensar como pobre, te deja siendo pobre. Pablo Escobar	5
Mensaje de alto riesgo: comentario que invita a responder a los problemas con violencia en un comentario de redes, que requiere supervisión adulta.	4
Comentario de riesgo 5 porque incluye mensaje que presenta la crueldad como algo aceptable en una discusión grabada, no apto para niños pequeños.	5
Comentario de riesgo medio: mensaje que trata los golpes como entretenimiento, con normalización de una conducta agresiva.	3
Comentario de riesgo medio: mensaje que trata los golpes como entretenimiento, con normalización de una conducta agresiva.	3
Por estar libre, pues feliz, porque la libertad es muy bonita. Chapo Guzmán	5
Mensaje muy riesgoso: comentario que elogia a figuras criminales violentas; evita detalles gráficos, pero glorifica daño grave.	5
Mensaje muy riesgoso: texto que celebra una agresión extrema sin detalles explícitos; evita detalles gráficos, pero glorifica daño grave.	5
Mensaje problemático por mensaje que presenta la agresión como forma de ganar respeto; describe violencia a alto nivel, sin detalles gráficos.	3
Comentario de riesgo 5 porque incluye comentario que elogia a figuras criminales violentas en un comentario de redes, con tono agresivo.	5
El texto menciona escena donde varios personajes se enfrentan físicamente en un video viral; no es apto para niños sin supervisión.	3
Texto con riesgo bajo-medio: competencia deportiva con contacto controlado, presentado sin daño explícito.	2
Contenido de riesgo máximo: comentario que celebra daño severo hacia otra persona sin describirlo gráficamente en un fragmento de película, claramente no apto para menores.	5
Comentario no recomendado para menores: texto que presume participar en actos agresivos, con tono de amenaza o intimidación.	4
Mensaje de alto riesgo: comentario que amenaza con hacer daño a otra persona sin dar instrucciones en un clip de internet, sin detalles explícitos.	4
Texto preocupante porque incluye texto que presume participar en actos agresivos; no contiene instrucciones, pero sí normaliza violencia.	4
Texto con violencia moderada: pelea callejera mencionada de forma general sin detalles gráficos, que puede asustar a menores.	3
El texto menciona escena donde varios personajes se enfrentan físicamente en una historia corta; no es apto para niños sin supervisión.	3
Mensaje de alto riesgo: texto que celebra que alguien termine lastimado, sin detalles gráficos en un montaje dramático, no apto para niños pequeños.	4
Texto preocupante porque incluye comentario que usa intimidación para provocar miedo; no contiene instrucciones, pero sí normaliza violencia.	4
Contenido de riesgo máximo: mensaje que presenta la crueldad como algo aceptable en un video viral, claramente no apto para menores.	5
Mensaje con conflicto menor: desafío verbal algo brusco pero sin violencia, sin contenido gráfico.	1
Comentario de riesgo 5 porque incluye comentario que normaliza hacer daño grave para ganar respeto en una publicación de fans, descrito de forma general.	5
Mensaje de alto riesgo: texto que presume participar en actos agresivos en una historia corta, con una idea negativa para menores.	4
Mensaje de alto riesgo: comentario que amenaza con hacer daño a otra persona sin dar instrucciones en una historia corta, que puede asustar a menores.	4
Texto preocupante porque incluye mensaje que se burla de una víctima después de una agresión; no contiene instrucciones, pero sí normaliza violencia.	4
Contenido de riesgo alto: texto que presume participar en actos agresivos en una transmisión en vivo, con glorificación de daño.	4
Mensaje de alto riesgo: texto que presume participar en actos agresivos en un video de barrio, no apto para niños pequeños.	4
Mensaje problemático por escena donde varios personajes se enfrentan físicamente; describe violencia a alto nivel, sin detalles gráficos.	3
El mensaje contiene broma ruda entre amigos que no pasa a mayores en una transmisión en vivo, pero se mantiene en un nivel leve.	1
El mensaje contiene desafío verbal algo brusco pero sin violencia en un comentario de redes, pero se mantiene en un nivel leve.	1
Comentario no recomendado para menores: mensaje que glorifica una pelea fuerte y humillante, con tono de amenaza o intimidación.	4
Contenido de riesgo máximo: texto que promueve miedo, control e intimidación como poder en una escena de acción, claramente no apto para menores.	5
Mensaje de alto riesgo: comentario que presenta el daño físico como algo divertido en un clip de internet, con tono intimidante.	4
El mensaje usa texto que justifica golpear a alguien por una discusión como forma de presión o miedo; no es adecuado para niños.	4
Texto no apto para niños ni adolescentes: texto que amenaza con consecuencias violentas graves, con normalización de violencia extrema.	5
Comentario de riesgo 5 porque incluye texto que amenaza con consecuencias violentas graves en un clip de internet, presentado como algo normal.	5
Texto de bajo riesgo: aparece reacción impulsiva ante una derrota, sin amenazas ni daño físico.	1
Mensaje con conflicto menor: discusión leve entre personajes sin insultos fuertes, sin contenido gráfico.	1
El mensaje presenta mensaje que trata la violencia extrema como espectáculo como algo aceptable o admirable; es altamente inadecuado para menores.	5
Texto no apto para niños ni adolescentes: texto que promueve miedo, control e intimidación como poder, con normalización de violencia extrema.	5
Texto con riesgo bajo-medio: persecución ficticia sin daño real, presentado sin daño explícito.	2
Texto con violencia moderada: video donde se normaliza resolver conflictos con golpes, con enfoque poco saludable.	3
El texto muestra reacción impulsiva ante una derrota en una escena de acción, con tono molesto pero controlado.	1
Texto preocupante porque incluye comentario que usa intimidación para provocar miedo; no contiene instrucciones, pero sí normaliza violencia.	4
El mensaje presenta mensaje que romantiza el crimen violento y sus consecuencias como algo aceptable o admirable; es altamente inadecuado para menores.	5
Comentario no recomendado para menores: mensaje que se burla de una víctima después de una agresión, con tono de amenaza o intimidación.	4
El mensaje usa comentario que amenaza con hacer daño a otra persona sin dar instrucciones como forma de presión o miedo; no es adecuado para niños.	4
Contenido de riesgo alto: mensaje que glorifica una pelea fuerte y humillante en un relato ficticio, con glorificación de daño.	4
el vato de enfrente caminando jajaja	5
Contenido de riesgo alto: mensaje que normaliza la venganza violenta en un montaje dramático, con glorificación de daño.	4
Texto con riesgo bajo-medio: caída cómica sobre colchoneta sin consecuencias, presentado sin daño explícito.	2
Texto apto para menores sobre comentario positivo sobre un juego de mesa; no contiene agresión ni intimidación.	0
El mensaje usa mensaje que normaliza la venganza violenta como forma de presión o miedo; no es adecuado para niños.	4
El mensaje usa mensaje que glorifica una pelea fuerte y humillante como forma de presión o miedo; no es adecuado para niños.	4
El mensaje usa comentario que amenaza con hacer daño a otra persona sin dar instrucciones como forma de presión o miedo; no es adecuado para niños.	4
El mensaje incluye persecución ficticia sin daño real en una historia corta; es acción leve y no gráfica.	2
Contenido de riesgo máximo: comentario que elogia a figuras criminales violentas en un fragmento de película, claramente no apto para menores.	5
El texto menciona pelea callejera mencionada de forma general sin detalles gráficos en una animación oscura; no es apto para niños sin supervisión.	3
Texto preocupante porque incluye comentario que amenaza con hacer daño a otra persona sin dar instrucciones; no contiene instrucciones, pero sí normaliza violencia.	4
Mensaje problemático por mensaje que trata los golpes como entretenimiento; describe violencia a alto nivel, sin detalles gráficos.	3
El mensaje usa mensaje que normaliza la venganza violenta como forma de presión o miedo; no es adecuado para niños.	4
El mensaje incluye persecución ficticia sin daño real en un video viral; es acción leve y no gráfica.	2
El mensaje incluye persecución ficticia sin daño real en una escena de acción; es acción leve y no gráfica.	2
Comentario de riesgo medio: pelea callejera mencionada de forma general sin detalles gráficos, con normalización de una conducta agresiva.	3
El mensaje usa mensaje que se burla de una víctima después de una agresión como forma de presión o miedo; no es adecuado para niños.	4
Texto con violencia moderada: video con intimidación y contacto violento descrito a alto nivel, que requiere supervisión adulta.	3
Contenido de riesgo máximo: mensaje que glorifica violencia grave y la presenta como admirable en un fragmento de película, claramente no apto para menores.	5
Mensaje de alto riesgo: mensaje que se burla de una víctima después de una agresión en un fragmento de película, con tono agresivo.	4
Comentario no recomendado para menores: comentario que amenaza con hacer daño a otra persona sin dar instrucciones, con tono de amenaza o intimidación.	4
Contenido de riesgo alto: comentario que invita a responder a los problemas con violencia en una discusión grabada, con glorificación de daño.	4
Mensaje de alto riesgo: mensaje que glorifica una pelea fuerte y humillante en una transmisión en vivo, no apto para niños pequeños.	4
Texto con violencia moderada: comentario que alienta una revancha física sin explicar cómo, que requiere supervisión adulta.	3
El contenido menciona video de acción con golpes simulados y tono ficticio; requiere contexto, aunque no da instrucciones ni detalles gráficos.	2
Texto con riesgo bajo-medio: juego de batalla con accesorios de espuma, presentado sin daño explícito.	2
Puro MF 🤠🤠	5
El contenido menciona escena de choque leve presentada como comedia; requiere contexto, aunque no da instrucciones ni detalles gráficos.	2
Texto con violencia moderada: comentario que minimiza una pelea real entre adolescentes, con tono agresivo.	3
Mensaje de alto riesgo: comentario que invita a responder a los problemas con violencia en un foro de adolescentes, presentado como algo normal.	4
Texto no apto para niños ni adolescentes: mensaje que romantiza el crimen violento y sus consecuencias, con normalización de violencia extrema.	5
El mensaje contiene desafío verbal algo brusco pero sin violencia en una publicación de fans, pero se mantiene en un nivel leve.	1
Texto con violencia moderada: comentario que celebra una discusión que se vuelve física, sin detalles explícitos.	3
El mensaje usa mensaje que se burla de una víctima después de una agresión como forma de presión o miedo; no es adecuado para niños.	4
El contenido menciona persecución ficticia sin daño real; requiere contexto, aunque no da instrucciones ni detalles gráficos.	2
El mensaje presenta mensaje que presenta la crueldad como algo aceptable como algo aceptable o admirable; es altamente inadecuado para menores.	5
Mensaje de alto riesgo: texto que justifica golpear a alguien por una discusión en un video viral, con tono intimidante.	4
El contenido menciona video de acción con golpes simulados y tono ficticio; requiere contexto, aunque no da instrucciones ni detalles gráficos.	2
Mensaje tranquilo sobre reacción tranquila a un video de mascotas, con lenguaje amable y familiar.	0
Contenido de riesgo máximo: texto que celebra una agresión extrema sin detalles explícitos en una animación oscura, claramente no apto para menores.	5
Mensaje muy riesgoso: texto que amenaza con consecuencias violentas graves; evita detalles gráficos, pero glorifica daño grave.	5
Mensaje con competencia deportiva con contacto controlado en un clip de internet, tratado como ficción o actividad controlada.	2
Comentario de riesgo 5 porque incluye mensaje que glorifica violencia grave y la presenta como admirable en una discusión grabada, con enfoque poco saludable.	5
El mensaje usa mensaje que normaliza la venganza violenta como forma de presión o miedo; no es adecuado para niños.	4
"todos los carteles corren Pero el 4 letras esta en el top número ""1"", en correr Mas veloz 🏃‍♂️"	5
Comentario no recomendado para menores: comentario que usa intimidación para provocar miedo, con tono de amenaza o intimidación.	4
Comentario sobre pelea leve de caricatura sin heridas ni miedo intenso; puede no ser ideal para niños pequeños, pero no es extremo.	2
El mensaje presenta comentario que celebra daño severo hacia otra persona sin describirlo gráficamente como algo aceptable o admirable; es altamente inadecuado para menores.	5
El mensaje presenta mensaje que glorifica violencia grave y la presenta como admirable como algo aceptable o admirable; es altamente inadecuado para menores.	5
Comentario de riesgo 5 porque incluye texto que amenaza con consecuencias violentas graves en una publicación de fans, con una idea negativa para menores.	5
Contenido de riesgo alto: mensaje que normaliza la venganza violenta en un montaje dramático, con glorificación de daño.	4
Comentario de riesgo medio: comentario que alienta una revancha física sin explicar cómo, con normalización de una conducta agresiva.	3
ariva las 4 😝	5
Mensaje muy riesgoso: mensaje que trata la violencia extrema como espectáculo; evita detalles gráficos, pero glorifica daño grave.	5
Los hombres se miden por el miedo que generan. Pablo Escobar	5
El mensaje usa comentario que presenta el daño físico como algo divertido como forma de presión o miedo; no es adecuado para niños.	4
Mensaje con escena de choque leve presentada como comedia en un foro de adolescentes, tratado como ficción o actividad controlada.	2
El texto muestra comentario con tono molesto pero sin amenazas en un clip de internet, con tono molesto pero controlado.	1
Mensaje de alto riesgo: mensaje que glorifica una pelea fuerte y humillante en un video de barrio, con tono intimidante.	4
El contenido menciona caída cómica sobre colchoneta sin consecuencias; requiere contexto, aunque no da instrucciones ni detalles gráficos.	2
Comentario de riesgo medio: video con intimidación y contacto violento descrito a alto nivel, con normalización de una conducta agresiva.	3
El mensaje presenta texto que promueve miedo, control e intimidación como poder como algo aceptable o admirable; es altamente inadecuado para menores.	5
Mensaje con conflicto menor: discusión leve entre personajes sin insultos fuertes, sin contenido gráfico.	1
Comentario no recomendado para menores: comentario que presenta el daño físico como algo divertido, con tono de amenaza o intimidación.	4
Plata o plomo. Pablo Escobar	5
Comentario de riesgo medio: pelea callejera mencionada de forma general sin detalles gráficos, con normalización de una conducta agresiva.	3
El contenido presenta escena donde varios personajes se enfrentan físicamente en un fragmento de película, lo cual puede ser inadecuado para menores.	3
Comentario con broma ruda entre amigos que no pasa a mayores; puede ser poco amable, pero no llega a violencia real.	1
Contenido de riesgo máximo: texto que amenaza con consecuencias violentas graves en una animación oscura, claramente no apto para menores.	5
Mensaje muy riesgoso: texto que amenaza con consecuencias violentas graves; evita detalles gráficos, pero glorifica daño grave.	5
El contenido presenta video con intimidación y contacto violento descrito a alto nivel en un fragmento de película, lo cual puede ser inadecuado para menores.	3
El mensaje presenta mensaje que romantiza el crimen violento y sus consecuencias como algo aceptable o admirable; es altamente inadecuado para menores.	5
Texto preocupante porque incluye texto que justifica golpear a alguien por una discusión; no contiene instrucciones, pero sí normaliza violencia.	4
Texto con violencia moderada: mensaje que describe una persecución agresiva sin detalles explícitos, con una idea negativa para menores.	3
Contenido de riesgo alto: mensaje que se burla de una víctima después de una agresión en un foro de adolescentes, con glorificación de daño.	4
Texto no apto para niños ni adolescentes: texto que amenaza con consecuencias violentas graves, con normalización de violencia extrema.	5
Cómo se solucionan todos los problemas en la vida? Con plata mijo. Pablo Escobar	5
El contenido menciona caída cómica sobre colchoneta sin consecuencias; requiere contexto, aunque no da instrucciones ni detalles gráficos.	2
Texto preocupante porque incluye texto que presume participar en actos agresivos; no contiene instrucciones, pero sí normaliza violencia.	4
Contenido de riesgo alto: texto que justifica golpear a alguien por una discusión en una discusión grabada, con glorificación de daño.	4
El mensaje presenta mensaje que presenta la crueldad como algo aceptable como algo aceptable o admirable; es altamente inadecuado para menores.	5
Comentario no recomendado para menores: texto que presume participar en actos agresivos, con tono de amenaza o intimidación.	4
Texto no apto para niños ni adolescentes: texto que promueve miedo, control e intimidación como poder, con normalización de violencia extrema.	5
todabia existen los mayos😂😂 y su líder declarandose culpable para que no lo maten cobarde	5
El mensaje presenta mensaje que presenta la crueldad como algo aceptable como algo aceptable o admirable; es altamente inadecuado para menores.	5
Mensaje con escena de choque leve presentada como comedia en un foro de adolescentes, tratado como ficción o actividad controlada.	2
El contenido presenta pelea callejera mencionada de forma general sin detalles gráficos en una historia corta, lo cual puede ser inadecuado para menores.	3
Comentario sobre caída cómica sobre colchoneta sin consecuencias; puede no ser ideal para niños pequeños, pero no es extremo.	2
El contenido presenta comentario que alienta una revancha física sin explicar cómo en una discusión grabada, lo cual puede ser inadecuado para menores.	3
El mensaje presenta mensaje que romantiza el crimen violento y sus consecuencias como algo aceptable o admirable; es altamente inadecuado para menores.	5
Mensaje muy riesgoso: comentario que celebra daño severo hacia otra persona sin describirlo gráficamente; evita detalles gráficos, pero glorifica daño grave.	5
Mi familia no tuvo unos recursos económicos importantes y vivimos dificultades como las que vive la mayoría del pueblo colombiano; entonces no somos ajenos a esos problemas, los conocemos profundamente y los entendemos. Pablo Escobar	5
Contenido de riesgo alto: texto que presume participar en actos agresivos en un foro de adolescentes, con glorificación de daño.	4
Contenido de riesgo máximo: mensaje que glorifica violencia grave y la presenta como admirable en un video de reacción, claramente no apto para menores.	5
Comentario positivo de mensaje respetuoso en un video de ciencia para niños; es adecuado para un entorno infantil.	0
Comentario de riesgo medio: comentario que alienta una revancha física sin explicar cómo, con normalización de una conducta agresiva.	3
Comentario no recomendado para menores: comentario que presenta el daño físico como algo divertido, con tono de amenaza o intimidación.	4
Contenido de riesgo máximo: comentario que celebra daño severo hacia otra persona sin describirlo gráficamente en un comentario de redes, claramente no apto para menores.	5
Texto con violencia moderada: mensaje que presenta la agresión como forma de ganar respeto, sin detalles explícitos.	3
Mensaje muy riesgoso: mensaje que trata la violencia extrema como espectáculo; evita detalles gráficos, pero glorifica daño grave.	5
Mensaje muy riesgoso: mensaje que trata la violencia extrema como espectáculo; evita detalles gráficos, pero glorifica daño grave.	5
El contenido presenta mensaje que describe una persecución agresiva sin detalles explícitos en un foro de adolescentes, lo cual puede ser inadecuado para menores.	3
Texto preocupante porque incluye comentario que presenta el daño físico como algo divertido; no contiene instrucciones, pero sí normaliza violencia.	4
Mensaje de alto riesgo: texto que justifica golpear a alguien por una discusión en una escena de acción, con tono intimidante.	4
Texto preocupante porque incluye comentario que presenta el daño físico como algo divertido; no contiene instrucciones, pero sí normaliza violencia.	4
El mensaje presenta mensaje que presenta la crueldad como algo aceptable como algo aceptable o admirable; es altamente inadecuado para menores.	5
Comentario de riesgo 5 porque incluye texto que celebra una agresión extrema sin detalles explícitos en una discusión grabada, con tono intimidante.	5
Mensaje de alto riesgo: texto que justifica golpear a alguien por una discusión en un video viral, con tono agresivo.	4
Mensaje problemático por escena donde varios personajes se enfrentan físicamente; describe violencia a alto nivel, sin detalles gráficos.	3
Mensaje muy riesgoso: mensaje que presenta la crueldad como algo aceptable; evita detalles gráficos, pero glorifica daño grave.	5
Comentario de riesgo 5 porque incluye mensaje que glorifica violencia grave y la presenta como admirable en un montaje dramático, con enfoque poco saludable.	5
Comentario no recomendado para menores: comentario que usa intimidación para provocar miedo, con tono de amenaza o intimidación.	4
Texto preocupante porque incluye comentario que invita a responder a los problemas con violencia; no contiene instrucciones, pero sí normaliza violencia.	4
Mensaje con competencia deportiva con contacto controlado en un relato ficticio, tratado como ficción o actividad controlada.	2
Mensaje tranquilo sobre comentario sobre un video educativo sin lenguaje agresivo, con lenguaje amable y familiar.	0
Mensaje muy riesgoso: texto que celebra una agresión extrema sin detalles explícitos; evita detalles gráficos, pero glorifica daño grave.	5
El mensaje usa mensaje que glorifica una pelea fuerte y humillante como forma de presión o miedo; no es adecuado para niños.	4
El texto menciona comentario que celebra una discusión que se vuelve física en un video de barrio; no es apto para niños sin supervisión.	3
Texto preocupante porque incluye texto que justifica golpear a alguien por una discusión; no contiene instrucciones, pero sí normaliza violencia.	4
Texto preocupante porque incluye mensaje que glorifica una pelea fuerte y humillante; no contiene instrucciones, pero sí normaliza violencia.	4
las mayizas son tiktokeras😂🤣	5
Comentario con frase competitiva con enojo leve; puede ser poco amable, pero no llega a violencia real.	1
Comentario de riesgo 5 porque incluye texto que amenaza con consecuencias violentas graves en un montaje dramático, no apto para niños pequeños.	5
Contenido de riesgo máximo: mensaje que glorifica violencia grave y la presenta como admirable en una discusión grabada, claramente no apto para menores.	5
Mensaje muy riesgoso: comentario que elogia a figuras criminales violentas; evita detalles gráficos, pero glorifica daño grave.	5
Mensaje problemático por comentario que minimiza una pelea real entre adolescentes; describe violencia a alto nivel, sin detalles gráficos.	3
Contenido de riesgo máximo: comentario que normaliza hacer daño grave para ganar respeto en un foro de adolescentes, claramente no apto para menores.	5
Mensaje con escena de empujones en un juego físico supervisado en un montaje dramático, tratado como ficción o actividad controlada.	2
El texto menciona mensaje que describe una persecución agresiva sin detalles explícitos en una animación oscura; no es apto para niños sin supervisión.	3
Mensaje de alto riesgo: comentario que amenaza con hacer daño a otra persona sin dar instrucciones en un video viral, con enfoque poco saludable.	4
Mensaje muy riesgoso: mensaje que glorifica violencia grave y la presenta como admirable; evita detalles gráficos, pero glorifica daño grave.	5
El contenido presenta mensaje que presenta la agresión como forma de ganar respeto en una publicación de fans, lo cual puede ser inadecuado para menores.	3
El mensaje presenta mensaje que glorifica violencia grave y la presenta como admirable como algo aceptable o admirable; es altamente inadecuado para menores.	5
El dinero no compra la felicidad, pero calma los nervios. Pablo Escobar	5
El mensaje incluye escena de choque leve presentada como comedia en un montaje dramático; es acción leve y no gráfica.	2
Mensaje de alto riesgo: mensaje que normaliza la venganza violenta en un video de barrio, con una situación tensa.	4
Mensaje de alto riesgo: mensaje que se burla de una víctima después de una agresión en una escena de acción, con una situación tensa.	4
Texto no apto para niños ni adolescentes: texto que celebra una agresión extrema sin detalles explícitos, con normalización de violencia extrema.	5
El texto menciona comentario que celebra una discusión que se vuelve física en una discusión grabada; no es apto para niños sin supervisión.	3
Texto de bajo riesgo: aparece queja exagerada sobre perder un juego, sin amenazas ni daño físico.	1
El texto menciona comentario que minimiza una pelea real entre adolescentes en una discusión grabada; no es apto para niños sin supervisión.	3
Comentario de riesgo 5 porque incluye mensaje que presenta la crueldad como algo aceptable en un video de barrio, presentado como algo normal.	5
Comentario de riesgo medio: comentario que celebra una discusión que se vuelve física, con normalización de una conducta agresiva.	3
Comentario no recomendado para menores: comentario que amenaza con hacer daño a otra persona sin dar instrucciones, con tono de amenaza o intimidación.	4
El mensaje usa texto que justifica golpear a alguien por una discusión como forma de presión o miedo; no es adecuado para niños.	4
Texto no apto para niños ni adolescentes: texto que promueve miedo, control e intimidación como poder, con normalización de violencia extrema.	5
Comentario con comentario con tono molesto pero sin amenazas; puede ser poco amable, pero no llega a violencia real.	1
Mensaje con conflicto menor: frase competitiva con enojo leve, sin contenido gráfico.	1
Texto no apto para niños ni adolescentes: mensaje que glorifica violencia grave y la presenta como admirable, con normalización de violencia extrema.	5
Mensaje tranquilo sobre mensaje respetuoso en un video de ciencia para niños, con lenguaje amable y familiar.	0
Mensaje muy riesgoso: mensaje que glorifica violencia grave y la presenta como admirable; evita detalles gráficos, pero glorifica daño grave.	5
Comentario de riesgo medio: comentario que minimiza una pelea real entre adolescentes, con normalización de una conducta agresiva.	3
Mensaje de alto riesgo: texto que presume participar en actos agresivos en un foro de adolescentes, con tono intimidante.	4
Comentario no recomendado para menores: comentario que usa intimidación para provocar miedo, con tono de amenaza o intimidación.	4
El mensaje usa comentario que amenaza con hacer daño a otra persona sin dar instrucciones como forma de presión o miedo; no es adecuado para niños.	4
Texto con violencia moderada: video donde se normaliza resolver conflictos con golpes, con tono intimidante.	3
Mensaje con conflicto menor: desafío verbal algo brusco pero sin violencia, sin contenido gráfico.	1
El mensaje incluye competencia deportiva con contacto controlado en un montaje dramático; es acción leve y no gráfica.	2
El texto menciona pelea callejera mencionada de forma general sin detalles gráficos en una discusión grabada; no es apto para niños sin supervisión.	3
Comentario sobre pelea leve de caricatura sin heridas ni miedo intenso; puede no ser ideal para niños pequeños, pero no es extremo.	2
Mensaje problemático por video donde se normaliza resolver conflictos con golpes; describe violencia a alto nivel, sin detalles gráficos.	3
El mensaje usa texto que justifica golpear a alguien por una discusión como forma de presión o miedo; no es adecuado para niños.	4
El mensaje presenta comentario que normaliza hacer daño grave para ganar respeto como algo aceptable o admirable; es altamente inadecuado para menores.	5
Texto no apto para niños ni adolescentes: mensaje que trata la violencia extrema como espectáculo, con normalización de violencia extrema.	5
Comentario sobre pelea leve de caricatura sin heridas ni miedo intenso; puede no ser ideal para niños pequeños, pero no es extremo.	2
Comentario de riesgo 5 porque incluye mensaje que presenta la crueldad como algo aceptable en una transmisión en vivo, descrito de forma general.	5
Contenido de riesgo máximo: mensaje que romantiza el crimen violento y sus consecuencias en una publicación de fans, claramente no apto para menores.	5
Comentario con comentario de rivalidad escolar sin daño físico; puede ser poco amable, pero no llega a violencia real.	1
El mensaje presenta mensaje que trata la violencia extrema como espectáculo como algo aceptable o admirable; es altamente inadecuado para menores.	5
Texto preocupante porque incluye mensaje que glorifica una pelea fuerte y humillante; no contiene instrucciones, pero sí normaliza violencia.	4
El mensaje incluye discusión fuerte donde nadie resulta herido en un relato ficticio; es acción leve y no gráfica.	2
Comentario de riesgo 5 porque incluye texto que celebra una agresión extrema sin detalles explícitos en un video de barrio, con una situación tensa.	5
El mensaje presenta mensaje que romantiza el crimen violento y sus consecuencias como algo aceptable o admirable; es altamente inadecuado para menores.	5
El mensaje contiene frase competitiva con enojo leve en una transmisión en vivo, pero se mantiene en un nivel leve.	1
Comentario de riesgo medio: video donde se normaliza resolver conflictos con golpes, con normalización de una conducta agresiva.	3
Comentario no recomendado para menores: texto que presume participar en actos agresivos, con tono de amenaza o intimidación.	4
El mensaje presenta comentario que celebra daño severo hacia otra persona sin describirlo gráficamente como algo aceptable o admirable; es altamente inadecuado para menores.	5
Texto con violencia moderada: comentario que celebra una discusión que se vuelve física, que requiere supervisión adulta.	3
El texto menciona escena donde varios personajes se enfrentan físicamente en un video viral; no es apto para niños sin supervisión.	3
Comentario de riesgo 5 porque incluye texto que amenaza con consecuencias violentas graves en un comentario de redes, con una idea negativa para menores.	5
Comentario de riesgo 5 porque incluye texto que amenaza con consecuencias violentas graves en un fragmento de película, que requiere supervisión adulta.	5
El mensaje incluye escena de empujones en un juego físico supervisado en una publicación de fans; es acción leve y no gráfica.	2
Comentario de riesgo medio: mensaje que presenta la agresión como forma de ganar respeto, con normalización de una conducta agresiva.	3
El texto menciona pelea callejera mencionada de forma general sin detalles gráficos en un video de reacción; no es apto para niños sin supervisión.	3
El mensaje usa comentario que presenta el daño físico como algo divertido como forma de presión o miedo; no es adecuado para niños.	4
El contenido presenta comentario que celebra una discusión que se vuelve física en una animación oscura, lo cual puede ser inadecuado para menores.	3
Mensaje muy riesgoso: mensaje que trata la violencia extrema como espectáculo; evita detalles gráficos, pero glorifica daño grave.	5
El mensaje presenta comentario que elogia a figuras criminales violentas como algo aceptable o admirable; es altamente inadecuado para menores.	5
Texto con riesgo bajo-medio: discusión fuerte donde nadie resulta herido, presentado sin daño explícito.	2
Mensaje de alto riesgo: comentario que invita a responder a los problemas con violencia en una discusión grabada, sin detalles explícitos.	4
Mensaje muy riesgoso: texto que promueve miedo, control e intimidación como poder; evita detalles gráficos, pero glorifica daño grave.	5
El mensaje incluye persecución ficticia sin daño real en una transmisión en vivo; es acción leve y no gráfica.	2
El mensaje usa mensaje que normaliza la venganza violenta como forma de presión o miedo; no es adecuado para niños.	4
Mensaje muy riesgoso: mensaje que romantiza el crimen violento y sus consecuencias; evita detalles gráficos, pero glorifica daño grave.	5
Texto con violencia moderada: pelea callejera mencionada de forma general sin detalles gráficos, con lenguaje de conflicto.	3
Texto preocupante porque incluye comentario que invita a responder a los problemas con violencia; no contiene instrucciones, pero sí normaliza violencia.	4
El texto menciona video donde se normaliza resolver conflictos con golpes en un video viral; no es apto para niños sin supervisión.	3
Comentario de riesgo 5 porque incluye mensaje que trata la violencia extrema como espectáculo en una transmisión en vivo, que requiere supervisión adulta.	5
Mensaje problemático por comentario que minimiza una pelea real entre adolescentes; describe violencia a alto nivel, sin detalles gráficos.	3
Mensaje muy riesgoso: mensaje que romantiza el crimen violento y sus consecuencias; evita detalles gráficos, pero glorifica daño grave.	5
El mensaje presenta texto que amenaza con consecuencias violentas graves como algo aceptable o admirable; es altamente inadecuado para menores.	5
Contenido de riesgo máximo: texto que celebra una agresión extrema sin detalles explícitos en un relato ficticio, claramente no apto para menores.	5
Comentario sobre persecución ficticia sin daño real; puede no ser ideal para niños pequeños, pero no es extremo.	2
Texto no apto para niños ni adolescentes: comentario que normaliza hacer daño grave para ganar respeto, con normalización de violencia extrema.	5
Mensaje tranquilo sobre comentario amable sobre una canción infantil, con lenguaje amable y familiar.	0
Comentario de riesgo 5 porque incluye mensaje que glorifica violencia grave y la presenta como admirable en un relato ficticio, con tono intimidante.	5
Comentario de riesgo 5 porque incluye comentario que celebra daño severo hacia otra persona sin describirlo gráficamente en un video de reacción, sin detalles explícitos.	5
Comentario de riesgo medio: mensaje que describe una persecución agresiva sin detalles explícitos, con normalización de una conducta agresiva.	3
Comentario de riesgo medio: comentario que minimiza una pelea real entre adolescentes, con normalización de una conducta agresiva.	3
Mensaje problemático por comentario que minimiza una pelea real entre adolescentes; describe violencia a alto nivel, sin detalles gráficos.	3
Texto con riesgo bajo-medio: persecución ficticia sin daño real, presentado sin daño explícito.	2
Contenido de riesgo alto: mensaje que glorifica una pelea fuerte y humillante en un montaje dramático, con glorificación de daño.	4
Mensaje con discusión fuerte donde nadie resulta herido en un comentario de redes, tratado como ficción o actividad controlada.	2
Comentario sobre competencia deportiva con contacto controlado; puede no ser ideal para niños pequeños, pero no es extremo.	2
Texto con violencia moderada: mensaje que presenta la agresión como forma de ganar respeto, presentado como algo normal.	3
Comentario de riesgo medio: pelea callejera mencionada de forma general sin detalles gráficos, con normalización de una conducta agresiva.	3
Comentario sobre video de acción con golpes simulados y tono ficticio; puede no ser ideal para niños pequeños, pero no es extremo.	2
Comentario con comentario con tono molesto pero sin amenazas; puede ser poco amable, pero no llega a violencia real.	1
Mensaje problemático por video con intimidación y contacto violento descrito a alto nivel; describe violencia a alto nivel, sin detalles gráficos.	3
Mensaje con competencia deportiva con contacto controlado en una transmisión en vivo, tratado como ficción o actividad controlada.	2
Comentario de riesgo 5 porque incluye texto que amenaza con consecuencias violentas graves en un video de barrio, que puede asustar a menores.	5
Texto preocupante porque incluye comentario que presenta el daño físico como algo divertido; no contiene instrucciones, pero sí normaliza violencia.	4
Comentario no recomendado para menores: mensaje que se burla de una víctima después de una agresión, con tono de amenaza o intimidación.	4
Texto de bajo riesgo: aparece queja exagerada sobre perder un juego, sin amenazas ni daño físico.	1
Texto apto para menores sobre opinión neutral sobre una receta sencilla; no contiene agresión ni intimidación.	0
no sé vuirlen eyos corren por si vida por ke cuidan al jefe	5
Texto apto para menores sobre opinión positiva sobre una manualidad familiar; no contiene agresión ni intimidación.	0
Texto con violencia moderada: pelea callejera mencionada de forma general sin detalles gráficos, no apto para niños pequeños.	3
Texto no apto para niños ni adolescentes: comentario que normaliza hacer daño grave para ganar respeto, con normalización de violencia extrema.	5
Texto con riesgo bajo-medio: discusión fuerte donde nadie resulta herido, presentado sin daño explícito.	2
Comentario no recomendado para menores: mensaje que se burla de una víctima después de una agresión, con tono de amenaza o intimidación.	4
pura gente del MZ	5
Contenido de riesgo alto: texto que celebra que alguien termine lastimado, sin detalles gráficos en un relato ficticio, con glorificación de daño.	4
El mensaje usa mensaje que glorifica una pelea fuerte y humillante como forma de presión o miedo; no es adecuado para niños.	4
El mensaje presenta texto que celebra una agresión extrema sin detalles explícitos como algo aceptable o admirable; es altamente inadecuado para menores.	5
Comentario con desafío verbal algo brusco pero sin violencia; puede ser poco amable, pero no llega a violencia real.	1
Mensaje tranquilo sobre comentario sobre un video educativo sin lenguaje agresivo, con lenguaje amable y familiar.	0
Contenido de riesgo máximo: mensaje que glorifica violencia grave y la presenta como admirable en una escena de acción, claramente no apto para menores.	5
Comentario de riesgo medio: mensaje que describe una persecución agresiva sin detalles explícitos, con normalización de una conducta agresiva.	3
Comentario no recomendado para menores: texto que celebra que alguien termine lastimado, sin detalles gráficos, con tono de amenaza o intimidación.	4
El contenido menciona competencia deportiva con contacto controlado; requiere contexto, aunque no da instrucciones ni detalles gráficos.	2
Texto preocupante porque incluye mensaje que se burla de una víctima después de una agresión; no contiene instrucciones, pero sí normaliza violencia.	4
Comentario de riesgo 5 porque incluye comentario que celebra daño severo hacia otra persona sin describirlo gráficamente en un video de reacción, presentado como algo normal.	5
Todo en esta vida tiene solución, menos la muerte. Pablo Escobar	5
Contenido de riesgo máximo: mensaje que glorifica violencia grave y la presenta como admirable en una discusión grabada, claramente no apto para menores.	5
Contenido de riesgo máximo: mensaje que romantiza el crimen violento y sus consecuencias en un video de barrio, claramente no apto para menores.	5
El mensaje presenta comentario que elogia a figuras criminales violentas como algo aceptable o admirable; es altamente inadecuado para menores.	5
Comentario sobre pelea leve de caricatura sin heridas ni miedo intenso; puede no ser ideal para niños pequeños, pero no es extremo.	2
Comentario con queja exagerada sobre perder un juego; puede ser poco amable, pero no llega a violencia real.	1
Comentario no recomendado para menores: comentario que usa intimidación para provocar miedo, con tono de amenaza o intimidación.	4
Contenido de riesgo máximo: texto que celebra una agresión extrema sin detalles explícitos en una publicación de fans, claramente no apto para menores.	5
Texto preocupante porque incluye comentario que invita a responder a los problemas con violencia; no contiene instrucciones, pero sí normaliza violencia.	4
Mensaje de alto riesgo: texto que justifica golpear a alguien por una discusión en un video de barrio, no apto para niños pequeños.	4
puro C.D.S LA MERA VERGA	5
El mensaje presenta texto que celebra una agresión extrema sin detalles explícitos como algo aceptable o admirable; es altamente inadecuado para menores.	5
Comentario no recomendado para menores: mensaje que glorifica una pelea fuerte y humillante, con tono de amenaza o intimidación.	4
Texto con riesgo bajo-medio: escena de choque leve presentada como comedia, presentado sin daño explícito.	2
Texto no apto para niños ni adolescentes: mensaje que glorifica violencia grave y la presenta como admirable, con normalización de violencia extrema.	5
Comentario de riesgo 5 porque incluye texto que amenaza con consecuencias violentas graves en un video viral, descrito de forma general.	5
El contenido menciona juego de batalla con accesorios de espuma; requiere contexto, aunque no da instrucciones ni detalles gráficos.	2
Comentario de riesgo medio: comentario que celebra una discusión que se vuelve física, con normalización de una conducta agresiva.	3
Contenido de riesgo máximo: mensaje que presenta la crueldad como algo aceptable en un video de barrio, claramente no apto para menores.	5
El mensaje es seguro: trata de comentario sobre un video educativo sin lenguaje agresivo y mantiene un tono respetuoso.	0
Mensaje tranquilo sobre opinión positiva sobre una manualidad familiar, con lenguaje amable y familiar.	0
Contenido de riesgo máximo: comentario que elogia a figuras criminales violentas en un foro de adolescentes, claramente no apto para menores.	5
El mensaje es seguro: trata de reacción alegre a un video de baile y mantiene un tono respetuoso.	0
Mensaje tranquilo sobre opinión neutral sobre una receta sencilla, con lenguaje amable y familiar.	0
Texto no apto para niños ni adolescentes: texto que amenaza con consecuencias violentas graves, con normalización de violencia extrema.	5
Texto no apto para niños ni adolescentes: mensaje que glorifica violencia grave y la presenta como admirable, con normalización de violencia extrema.	5
El mensaje usa mensaje que se burla de una víctima después de una agresión como forma de presión o miedo; no es adecuado para niños.	4
Comentario con broma ruda entre amigos que no pasa a mayores; puede ser poco amable, pero no llega a violencia real.	1
El texto menciona mensaje que describe una persecución agresiva sin detalles explícitos en una escena de acción; no es apto para niños sin supervisión.	3
Comentario sobre juego de batalla con accesorios de espuma; puede no ser ideal para niños pequeños, pero no es extremo.	2
Contenido de riesgo máximo: texto que promueve miedo, control e intimidación como poder en una escena de acción, claramente no apto para menores.	5
Mensaje problemático por mensaje que presenta la agresión como forma de ganar respeto; describe violencia a alto nivel, sin detalles gráficos.	3
Contenido de riesgo alto: mensaje que glorifica una pelea fuerte y humillante en una historia corta, con glorificación de daño.	4
Mensaje problemático por comentario que celebra una discusión que se vuelve física; describe violencia a alto nivel, sin detalles gráficos.	3
Contenido de riesgo máximo: mensaje que presenta la crueldad como algo aceptable en un video de reacción, claramente no apto para menores.	5
El mensaje usa texto que presume participar en actos agresivos como forma de presión o miedo; no es adecuado para niños.	4
Contenido de riesgo máximo: mensaje que glorifica violencia grave y la presenta como admirable en un foro de adolescentes, claramente no apto para menores.	5
Contenido de riesgo alto: mensaje que se burla de una víctima después de una agresión en un video de reacción, con glorificación de daño.	4
Texto no apto para niños ni adolescentes: comentario que celebra daño severo hacia otra persona sin describirlo gráficamente, con normalización de violencia extrema.	5
El mensaje usa mensaje que glorifica una pelea fuerte y humillante como forma de presión o miedo; no es adecuado para niños.	4
El contenido menciona persecución ficticia sin daño real; requiere contexto, aunque no da instrucciones ni detalles gráficos.	2
Mensaje con video de acción con golpes simulados y tono ficticio en un relato ficticio, tratado como ficción o actividad controlada.	2
Contenido de riesgo máximo: texto que amenaza con consecuencias violentas graves en un fragmento de película, claramente no apto para menores.	5
Texto con riesgo bajo-medio: pelea leve de caricatura sin heridas ni miedo intenso, presentado sin daño explícito.	2
Contenido de riesgo máximo: mensaje que romantiza el crimen violento y sus consecuencias en un video de reacción, claramente no apto para menores.	5
Mensaje de alto riesgo: mensaje que se burla de una víctima después de una agresión en una historia corta, con una idea negativa para menores.	4
El mensaje presenta comentario que celebra daño severo hacia otra persona sin describirlo gráficamente como algo aceptable o admirable; es altamente inadecuado para menores.	5
Comentario de riesgo medio: video con intimidación y contacto violento descrito a alto nivel, con normalización de una conducta agresiva.	3
El contenido presenta comentario que celebra una discusión que se vuelve física en un fragmento de película, lo cual puede ser inadecuado para menores.	3
Mensaje muy riesgoso: mensaje que glorifica violencia grave y la presenta como admirable; evita detalles gráficos, pero glorifica daño grave.	5
El texto menciona comentario que minimiza una pelea real entre adolescentes en una animación oscura; no es apto para niños sin supervisión.	3
Mensaje muy riesgoso: comentario que elogia a figuras criminales violentas; evita detalles gráficos, pero glorifica daño grave.	5
Texto preocupante porque incluye comentario que presenta el daño físico como algo divertido; no contiene instrucciones, pero sí normaliza violencia.	4
Comentario de riesgo medio: pelea callejera mencionada de forma general sin detalles gráficos, con normalización de una conducta agresiva.	3
El contenido presenta video con intimidación y contacto violento descrito a alto nivel en una publicación de fans, lo cual puede ser inadecuado para menores.	3
Texto preocupante porque incluye mensaje que glorifica una pelea fuerte y humillante; no contiene instrucciones, pero sí normaliza violencia.	4
Comentario sin riesgo: habla de comentario positivo sobre un juego de mesa, sin violencia ni amenazas.	0
Mensaje tranquilo sobre reacción alegre a un video de baile, con lenguaje amable y familiar.	0
Texto no apto para niños ni adolescentes: texto que amenaza con consecuencias violentas graves, con normalización de violencia extrema.	5
Texto no apto para niños ni adolescentes: mensaje que trata la violencia extrema como espectáculo, con normalización de violencia extrema.	5
El mensaje presenta texto que amenaza con consecuencias violentas graves como algo aceptable o admirable; es altamente inadecuado para menores.	5
El texto menciona comentario que alienta una revancha física sin explicar cómo en un comentario de redes; no es apto para niños sin supervisión.	3
El mensaje presenta texto que promueve miedo, control e intimidación como poder como algo aceptable o admirable; es altamente inadecuado para menores.	5
Contenido de riesgo alto: texto que presume participar en actos agresivos en un video de reacción, con glorificación de daño.	4
Texto con violencia moderada: escena donde varios personajes se enfrentan físicamente, presentado como algo normal.	3
El mensaje presenta texto que promueve miedo, control e intimidación como poder como algo aceptable o admirable; es altamente inadecuado para menores.	5
Texto con riesgo bajo-medio: pelea leve de caricatura sin heridas ni miedo intenso, presentado sin daño explícito.	2
Mensaje problemático por mensaje que trata los golpes como entretenimiento; describe violencia a alto nivel, sin detalles gráficos.	3
Comentario no recomendado para menores: mensaje que glorifica una pelea fuerte y humillante, con tono de amenaza o intimidación.	4
Comentario sobre video de acción con golpes simulados y tono ficticio; puede no ser ideal para niños pequeños, pero no es extremo.	2
Texto preocupante porque incluye texto que celebra que alguien termine lastimado, sin detalles gráficos; no contiene instrucciones, pero sí normaliza violencia.	4
Texto no apto para niños ni adolescentes: texto que promueve miedo, control e intimidación como poder, con normalización de violencia extrema.	5
El contenido menciona escena de empujones en un juego físico supervisado; requiere contexto, aunque no da instrucciones ni detalles gráficos.	2
Comentario no recomendado para menores: comentario que usa intimidación para provocar miedo, con tono de amenaza o intimidación.	4
Contenido de riesgo máximo: texto que amenaza con consecuencias violentas graves en una discusión grabada, claramente no apto para menores.	5
Texto de bajo riesgo: aparece broma ruda entre amigos que no pasa a mayores, sin amenazas ni daño físico.	1
Texto de bajo riesgo: aparece intercambio tenso que termina en disculpa, sin amenazas ni daño físico.	1
El mensaje usa comentario que amenaza con hacer daño a otra persona sin dar instrucciones como forma de presión o miedo; no es adecuado para niños.	4
Comentario con intercambio tenso que termina en disculpa; puede ser poco amable, pero no llega a violencia real.	1
Comentario no recomendado para menores: comentario que invita a responder a los problemas con violencia, con tono de amenaza o intimidación.	4
Texto de bajo riesgo: aparece comentario de rivalidad escolar sin daño físico, sin amenazas ni daño físico.	1
Mensaje de alto riesgo: comentario que amenaza con hacer daño a otra persona sin dar instrucciones en una discusión grabada, no apto para niños pequeños.	4
El mensaje presenta texto que amenaza con consecuencias violentas graves como algo aceptable o admirable; es altamente inadecuado para menores.	5
Comentario sobre caída cómica sobre colchoneta sin consecuencias; puede no ser ideal para niños pequeños, pero no es extremo.	2
Mensaje muy riesgoso: comentario que celebra daño severo hacia otra persona sin describirlo gráficamente; evita detalles gráficos, pero glorifica daño grave.	5
Comentario de riesgo 5 porque incluye mensaje que glorifica violencia grave y la presenta como admirable en un fragmento de película, con tono intimidante.	5
El contenido menciona competencia deportiva con contacto controlado; requiere contexto, aunque no da instrucciones ni detalles gráficos.	2
Texto no apto para niños ni adolescentes: mensaje que presenta la crueldad como algo aceptable, con normalización de violencia extrema.	5
El texto menciona pelea callejera mencionada de forma general sin detalles gráficos en un video de barrio; no es apto para niños sin supervisión.	3
Contenido de riesgo alto: comentario que presenta el daño físico como algo divertido en un comentario de redes, con glorificación de daño.	4
Texto no apto para niños ni adolescentes: texto que promueve miedo, control e intimidación como poder, con normalización de violencia extrema.	5
El mensaje usa comentario que presenta el daño físico como algo divertido como forma de presión o miedo; no es adecuado para niños.	4
El mensaje presenta texto que promueve miedo, control e intimidación como poder como algo aceptable o admirable; es altamente inadecuado para menores.	5
Comentario no recomendado para menores: mensaje que glorifica una pelea fuerte y humillante, con tono de amenaza o intimidación.	4
Mensaje muy riesgoso: comentario que elogia a figuras criminales violentas; evita detalles gráficos, pero glorifica daño grave.	5
El contenido presenta video con intimidación y contacto violento descrito a alto nivel en un fragmento de película, lo cual puede ser inadecuado para menores.	3
Texto preocupante porque incluye mensaje que se burla de una víctima después de una agresión; no contiene instrucciones, pero sí normaliza violencia.	4
Mensaje con conflicto menor: comentario con tono molesto pero sin amenazas, sin contenido gráfico.	1
Comentario de riesgo medio: comentario que celebra una discusión que se vuelve física, con normalización de una conducta agresiva.	3
Contenido de riesgo alto: texto que presume participar en actos agresivos en un comentario de redes, con glorificación de daño.	4
El texto menciona mensaje que trata los golpes como entretenimiento en un fragmento de película; no es apto para niños sin supervisión.	3
El contenido presenta video donde se normaliza resolver conflictos con golpes en un comentario de redes, lo cual puede ser inadecuado para menores.	3
Mensaje problemático por mensaje que presenta la agresión como forma de ganar respeto; describe violencia a alto nivel, sin detalles gráficos.	3
Contenido de riesgo máximo: mensaje que glorifica violencia grave y la presenta como admirable en un video de reacción, claramente no apto para menores.	5
El mensaje usa comentario que invita a responder a los problemas con violencia como forma de presión o miedo; no es adecuado para niños.	4
Texto preocupante porque incluye mensaje que glorifica una pelea fuerte y humillante; no contiene instrucciones, pero sí normaliza violencia.	4
Texto no apto para niños ni adolescentes: mensaje que presenta la crueldad como algo aceptable, con normalización de violencia extrema.	5
Texto con violencia moderada: comentario que celebra una discusión que se vuelve física, no apto para niños pequeños.	3
Mensaje problemático por comentario que celebra una discusión que se vuelve física; describe violencia a alto nivel, sin detalles gráficos.	3
El mensaje presenta texto que amenaza con consecuencias violentas graves como algo aceptable o admirable; es altamente inadecuado para menores.	5
Mensaje de alto riesgo: comentario que amenaza con hacer daño a otra persona sin dar instrucciones en una discusión grabada, que puede asustar a menores.	4
Comentario de riesgo 5 porque incluye texto que celebra una agresión extrema sin detalles explícitos en un video de reacción, descrito de forma general.	5
Comentario con escena de empujón accidental tratada como humor; puede ser poco amable, pero no llega a violencia real.	1
Texto con riesgo bajo-medio: persecución ficticia sin daño real, presentado sin daño explícito.	2
Contenido de riesgo alto: texto que celebra que alguien termine lastimado, sin detalles gráficos en un video de barrio, con glorificación de daño.	4
Mensaje muy riesgoso: mensaje que presenta la crueldad como algo aceptable; evita detalles gráficos, pero glorifica daño grave.	5
Texto apto para menores sobre comentario positivo sobre un juego de mesa; no contiene agresión ni intimidación.	0
Texto preocupante porque incluye mensaje que normaliza la venganza violenta; no contiene instrucciones, pero sí normaliza violencia.	4
Comentario sobre juego de batalla con accesorios de espuma; puede no ser ideal para niños pequeños, pero no es extremo.	2
Comentario de riesgo medio: mensaje que presenta la agresión como forma de ganar respeto, con normalización de una conducta agresiva.	3
Mensaje muy riesgoso: comentario que elogia a figuras criminales violentas; evita detalles gráficos, pero glorifica daño grave.	5
El mensaje incluye escena de empujones en un juego físico supervisado en un montaje dramático; es acción leve y no gráfica.	2
El mensaje incluye juego de batalla con accesorios de espuma en una publicación de fans; es acción leve y no gráfica.	2
Texto preocupante porque incluye mensaje que se burla de una víctima después de una agresión; no contiene instrucciones, pero sí normaliza violencia.	4
Comentario no recomendado para menores: comentario que amenaza con hacer daño a otra persona sin dar instrucciones, con tono de amenaza o intimidación.	4
Contenido de riesgo máximo: comentario que normaliza hacer daño grave para ganar respeto en una animación oscura, claramente no apto para menores.	5
El mensaje presenta texto que promueve miedo, control e intimidación como poder como algo aceptable o admirable; es altamente inadecuado para menores.	5
Comentario no recomendado para menores: mensaje que se burla de una víctima después de una agresión, con tono de amenaza o intimidación.	4
Texto de bajo riesgo: aparece queja exagerada sobre perder un juego, sin amenazas ni daño físico.	1
Texto con violencia moderada: video con intimidación y contacto violento descrito a alto nivel, con enfoque poco saludable.	3
Texto con violencia moderada: pelea callejera mencionada de forma general sin detalles gráficos, con tono intimidante.	3
Texto de bajo riesgo: aparece comentario con tono molesto pero sin amenazas, sin amenazas ni daño físico.	1
El mensaje presenta comentario que celebra daño severo hacia otra persona sin describirlo gráficamente como algo aceptable o admirable; es altamente inadecuado para menores.	5
Contenido de riesgo alto: mensaje que normaliza la venganza violenta en una discusión grabada, con glorificación de daño.	4
El contenido presenta video donde se normaliza resolver conflictos con golpes en un relato ficticio, lo cual puede ser inadecuado para menores.	3
El contenido presenta mensaje que presenta la agresión como forma de ganar respeto en un video viral, lo cual puede ser inadecuado para menores.	3
Comentario de riesgo 5 porque incluye comentario que celebra daño severo hacia otra persona sin describirlo gráficamente en un video de reacción, con lenguaje de conflicto.	5
Contenido de riesgo alto: comentario que presenta el daño físico como algo divertido en un video viral, con glorificación de daño.	4
Mensaje de alto riesgo: texto que presume participar en actos agresivos en un foro de adolescentes, con una idea negativa para menores.	4
Comentario de riesgo 5 porque incluye comentario que normaliza hacer daño grave para ganar respeto en un fragmento de película, con enfoque poco saludable.	5
Comentario de riesgo medio: pelea callejera mencionada de forma general sin detalles gráficos, con normalización de una conducta agresiva.	3
Comentario no recomendado para menores: comentario que usa intimidación para provocar miedo, con tono de amenaza o intimidación.	4
El mensaje usa mensaje que se burla de una víctima después de una agresión como forma de presión o miedo; no es adecuado para niños.	4
Mensaje de alto riesgo: texto que presume participar en actos agresivos en un foro de adolescentes, descrito de forma general.	4
Contenido de riesgo alto: texto que presume participar en actos agresivos en un relato ficticio, con glorificación de daño.	4
Contenido de riesgo alto: comentario que invita a responder a los problemas con violencia en un fragmento de película, con glorificación de daño.	4
Comentario con comentario de rivalidad escolar sin daño físico; puede ser poco amable, pero no llega a violencia real.	1
Texto con violencia moderada: escena donde varios personajes se enfrentan físicamente, que puede asustar a menores.	3
Texto preocupante porque incluye comentario que presenta el daño físico como algo divertido; no contiene instrucciones, pero sí normaliza violencia.	4
Mensaje problemático por comentario que celebra una discusión que se vuelve física; describe violencia a alto nivel, sin detalles gráficos.	3
Texto no apto para niños ni adolescentes: comentario que normaliza hacer daño grave para ganar respeto, con normalización de violencia extrema.	5
Comentario sobre pelea leve de caricatura sin heridas ni miedo intenso; puede no ser ideal para niños pequeños, pero no es extremo.	2
Mensaje muy riesgoso: texto que amenaza con consecuencias violentas graves; evita detalles gráficos, pero glorifica daño grave.	5
Con drones, porque en el zacate no topan, las cabreras tampoco topan y a eso súmale que los flechas y las rugrats son puros corridos, ni los del changuito antrax hacen nada 🤣	5
Comentario de riesgo 5 porque incluye texto que promueve miedo, control e intimidación como poder en un clip de internet, que puede asustar a menores.	5
Mensaje con conflicto menor: comentario de rivalidad escolar sin daño físico, sin contenido gráfico.	1
Comentario con discusión leve entre personajes sin insultos fuertes; puede ser poco amable, pero no llega a violencia real.	1
Texto preocupante porque incluye texto que presume participar en actos agresivos; no contiene instrucciones, pero sí normaliza violencia.	4
El mensaje presenta comentario que elogia a figuras criminales violentas como algo aceptable o admirable; es altamente inadecuado para menores.	5
Texto preocupante porque incluye texto que justifica golpear a alguien por una discusión; no contiene instrucciones, pero sí normaliza violencia.	4
El mensaje presenta comentario que elogia a figuras criminales violentas como algo aceptable o admirable; es altamente inadecuado para menores.	5
Comentario con escena de empujón accidental tratada como humor; puede ser poco amable, pero no llega a violencia real.	1
Comentario de riesgo medio: mensaje que trata los golpes como entretenimiento, con normalización de una conducta agresiva.	3
Comentario de riesgo medio: pelea callejera mencionada de forma general sin detalles gráficos, con normalización de una conducta agresiva.	3
Texto con riesgo bajo-medio: juego de batalla con accesorios de espuma, presentado sin daño explícito.	2
Texto apto para menores sobre comentario sobre un video educativo sin lenguaje agresivo; no contiene agresión ni intimidación.	0
Texto no apto para niños ni adolescentes: mensaje que glorifica violencia grave y la presenta como admirable, con normalización de violencia extrema.	5
Mensaje con pelea leve de caricatura sin heridas ni miedo intenso en una escena de acción, tratado como ficción o actividad controlada.	2
El mensaje presenta comentario que celebra daño severo hacia otra persona sin describirlo gráficamente como algo aceptable o admirable; es altamente inadecuado para menores.	5
Comentario sin riesgo: habla de comentario positivo sobre un juego de mesa, sin violencia ni amenazas.	0
El texto menciona video donde se normaliza resolver conflictos con golpes en un montaje dramático; no es apto para niños sin supervisión.	3
Texto no apto para niños ni adolescentes: texto que celebra una agresión extrema sin detalles explícitos, con normalización de violencia extrema.	5
Comentario de riesgo 5 porque incluye comentario que celebra daño severo hacia otra persona sin describirlo gráficamente en una animación oscura, sin detalles explícitos.	5
Comentario sin riesgo: habla de opinión positiva sobre una manualidad familiar, sin violencia ni amenazas.	0
El mensaje presenta mensaje que trata la violencia extrema como espectáculo como algo aceptable o admirable; es altamente inadecuado para menores.	5
Comentario de riesgo medio: mensaje que trata los golpes como entretenimiento, con normalización de una conducta agresiva.	3
Comentario de riesgo 5 porque incluye mensaje que glorifica violencia grave y la presenta como admirable en un clip de internet, descrito de forma general.	5
Contenido de riesgo alto: mensaje que glorifica una pelea fuerte y humillante en un foro de adolescentes, con glorificación de daño.	4
Texto con violencia moderada: video donde se normaliza resolver conflictos con golpes, descrito de forma general.	3
Texto no apto para niños ni adolescentes: comentario que normaliza hacer daño grave para ganar respeto, con normalización de violencia extrema.	5
El mensaje usa comentario que invita a responder a los problemas con violencia como forma de presión o miedo; no es adecuado para niños.	4
El contenido presenta mensaje que trata los golpes como entretenimiento en una escena de acción, lo cual puede ser inadecuado para menores.	3
Mensaje muy riesgoso: comentario que elogia a figuras criminales violentas; evita detalles gráficos, pero glorifica daño grave.	5
Comentario sin riesgo: habla de mensaje familiar sobre un cuento animado, sin violencia ni amenazas.	0
Hay tres maneras de hacer las cosas: bien, mal y como yo las hago. Pablo Escobar	5
Texto con violencia moderada: mensaje que presenta la agresión como forma de ganar respeto, con tono intimidante.	3
Mensaje con conflicto menor: escena de empujón accidental tratada como humor, sin contenido gráfico.	1
Mensaje problemático por comentario que alienta una revancha física sin explicar cómo; describe violencia a alto nivel, sin detalles gráficos.	3
Texto preocupante porque incluye comentario que amenaza con hacer daño a otra persona sin dar instrucciones; no contiene instrucciones, pero sí normaliza violencia.	4
El contenido menciona pelea leve de caricatura sin heridas ni miedo intenso; requiere contexto, aunque no da instrucciones ni detalles gráficos.	2
Texto no apto para niños ni adolescentes: mensaje que trata la violencia extrema como espectáculo, con normalización de violencia extrema.	5
Comentario no recomendado para menores: comentario que invita a responder a los problemas con violencia, con tono de amenaza o intimidación.	4
Contenido de riesgo máximo: mensaje que presenta la crueldad como algo aceptable en un comentario de redes, claramente no apto para menores.	5
Texto de bajo riesgo: aparece reacción impulsiva ante una derrota, sin amenazas ni daño físico.	1
Comentario de riesgo 5 porque incluye mensaje que trata la violencia extrema como espectáculo en una publicación de fans, presentado como algo normal.	5
yo viendo que esta grabando de la televisión	5
Texto con riesgo bajo-medio: video de acción con golpes simulados y tono ficticio, presentado sin daño explícito.	2
Comentario de riesgo medio: mensaje que presenta la agresión como forma de ganar respeto, con normalización de una conducta agresiva.	3
El mensaje presenta texto que amenaza con consecuencias violentas graves como algo aceptable o admirable; es altamente inadecuado para menores.	5
Contenido de riesgo máximo: mensaje que glorifica violencia grave y la presenta como admirable en una transmisión en vivo, claramente no apto para menores.	5
Comentario no recomendado para menores: comentario que amenaza con hacer daño a otra persona sin dar instrucciones, con tono de amenaza o intimidación.	4
El texto menciona comentario que alienta una revancha física sin explicar cómo en un comentario de redes; no es apto para niños sin supervisión.	3
Comentario con frase competitiva con enojo leve; puede ser poco amable, pero no llega a violencia real.	1
El texto menciona comentario que celebra una discusión que se vuelve física en una escena de acción; no es apto para niños sin supervisión.	3
Comentario de riesgo 5 porque incluye texto que celebra una agresión extrema sin detalles explícitos en un comentario de redes, sin detalles explícitos.	5
Contenido de riesgo máximo: mensaje que presenta la crueldad como algo aceptable en una publicación de fans, claramente no apto para menores.	5
Contenido de riesgo máximo: texto que promueve miedo, control e intimidación como poder en una discusión grabada, claramente no apto para menores.	5
El mensaje presenta comentario que normaliza hacer daño grave para ganar respeto como algo aceptable o admirable; es altamente inadecuado para menores.	5
Contenido de riesgo máximo: comentario que normaliza hacer daño grave para ganar respeto en un video de reacción, claramente no apto para menores.	5
El contenido menciona entrenamiento de artes marciales con protección; requiere contexto, aunque no da instrucciones ni detalles gráficos.	2
Texto no apto para niños ni adolescentes: comentario que elogia a figuras criminales violentas, con normalización de violencia extrema.	5
Texto no apto para niños ni adolescentes: texto que amenaza con consecuencias violentas graves, con normalización de violencia extrema.	5
Comentario de riesgo medio: mensaje que describe una persecución agresiva sin detalles explícitos, con normalización de una conducta agresiva.	3
Comentario de riesgo medio: comentario que minimiza una pelea real entre adolescentes, con normalización de una conducta agresiva.	3
Pensé que ‘El Chapo’ era disciplinado, pero sólo es un gran bandido. Pablo Escobar	5
Comentario sobre video de acción con golpes simulados y tono ficticio; puede no ser ideal para niños pequeños, pero no es extremo.	2
El mensaje presenta comentario que elogia a figuras criminales violentas como algo aceptable o admirable; es altamente inadecuado para menores.	5
El mensaje contiene intercambio tenso que termina en disculpa en una escena de acción, pero se mantiene en un nivel leve.	1
Texto de bajo riesgo: aparece frase competitiva con enojo leve, sin amenazas ni daño físico.	1
Comentario no recomendado para menores: mensaje que glorifica una pelea fuerte y humillante, con tono de amenaza o intimidación.	4
Mensaje de alto riesgo: comentario que invita a responder a los problemas con violencia en un foro de adolescentes, no apto para niños pequeños.	4
El mensaje presenta mensaje que trata la violencia extrema como espectáculo como algo aceptable o admirable; es altamente inadecuado para menores.	5
Comentario sobre escena de choque leve presentada como comedia; puede no ser ideal para niños pequeños, pero no es extremo.	2
El texto muestra escena de empujón accidental tratada como humor en un video de reacción, con tono molesto pero controlado.	1
Texto no apto para niños ni adolescentes: texto que celebra una agresión extrema sin detalles explícitos, con normalización de violencia extrema.	5
Mensaje de alto riesgo: mensaje que glorifica una pelea fuerte y humillante en un fragmento de película, con tono agresivo.	4
Mensaje de alto riesgo: mensaje que se burla de una víctima después de una agresión en un montaje dramático, con una situación tensa.	4
Mensaje muy riesgoso: texto que promueve miedo, control e intimidación como poder; evita detalles gráficos, pero glorifica daño grave.	5
Mensaje problemático por escena donde varios personajes se enfrentan físicamente; describe violencia a alto nivel, sin detalles gráficos.	3
El mensaje usa texto que justifica golpear a alguien por una discusión como forma de presión o miedo; no es adecuado para niños.	4
El mensaje presenta mensaje que trata la violencia extrema como espectáculo como algo aceptable o admirable; es altamente inadecuado para menores.	5
El texto muestra comentario de rivalidad escolar sin daño físico en una animación oscura, con tono molesto pero controlado.	1
Texto no apto para niños ni adolescentes: texto que celebra una agresión extrema sin detalles explícitos, con normalización de violencia extrema.	5
El mensaje presenta texto que amenaza con consecuencias violentas graves como algo aceptable o admirable; es altamente inadecuado para menores.	5
Mensaje con juego de batalla con accesorios de espuma en una animación oscura, tratado como ficción o actividad controlada.	2
Comentario sobre escena de empujones en un juego físico supervisado; puede no ser ideal para niños pequeños, pero no es extremo.	2
Contenido de riesgo alto: texto que justifica golpear a alguien por una discusión en un clip de internet, con glorificación de daño.	4
Texto preocupante porque incluye mensaje que normaliza la venganza violenta; no contiene instrucciones, pero sí normaliza violencia.	4
El mensaje incluye juego de batalla con accesorios de espuma en un video viral; es acción leve y no gráfica.	2
El mensaje presenta comentario que normaliza hacer daño grave para ganar respeto como algo aceptable o admirable; es altamente inadecuado para menores.	5
Texto de bajo riesgo: aparece discusión leve entre personajes sin insultos fuertes, sin amenazas ni daño físico.	1
Texto apto para menores sobre reacción alegre a un video de baile; no contiene agresión ni intimidación.	0
Comentario no recomendado para menores: mensaje que normaliza la venganza violenta, con tono de amenaza o intimidación.	4
Contenido de riesgo máximo: mensaje que presenta la crueldad como algo aceptable en una historia corta, claramente no apto para menores.	5
Mensaje con conflicto menor: intercambio tenso que termina en disculpa, sin contenido gráfico.	1
Texto apto para menores sobre comentario positivo sobre un juego de mesa; no contiene agresión ni intimidación.	0
Contenido de riesgo máximo: mensaje que presenta la crueldad como algo aceptable en un video de barrio, claramente no apto para menores.	5
No ps con los drones pero de frente cambia la cosa	5
Mensaje muy riesgoso: comentario que celebra daño severo hacia otra persona sin describirlo gráficamente; evita detalles gráficos, pero glorifica daño grave.	5
Contenido de riesgo alto: texto que celebra que alguien termine lastimado, sin detalles gráficos en un fragmento de película, con glorificación de daño.	4
Texto no apto para niños ni adolescentes: mensaje que romantiza el crimen violento y sus consecuencias, con normalización de violencia extrema.	5
Mensaje muy riesgoso: texto que promueve miedo, control e intimidación como poder; evita detalles gráficos, pero glorifica daño grave.	5
Mensaje con conflicto menor: reacción impulsiva ante una derrota, sin contenido gráfico.	1
Texto con violencia moderada: comentario que celebra una discusión que se vuelve física, con una situación tensa.	3
Ahora sé porque los tigres se comen a sus crías. Al Capone	5
Comentario de riesgo 5 porque incluye texto que amenaza con consecuencias violentas graves en una historia corta, con tono intimidante.	5
Comentario sobre escena de empujones en un juego físico supervisado; puede no ser ideal para niños pequeños, pero no es extremo.	2
El contenido presenta comentario que celebra una discusión que se vuelve física en un video de barrio, lo cual puede ser inadecuado para menores.	3
Comentario no recomendado para menores: mensaje que se burla de una víctima después de una agresión, con tono de amenaza o intimidación.	4
Texto con riesgo bajo-medio: competencia deportiva con contacto controlado, presentado sin daño explícito.	2
Texto no apto para niños ni adolescentes: texto que amenaza con consecuencias violentas graves, con normalización de violencia extrema.	5
Comentario no recomendado para menores: texto que presume participar en actos agresivos, con tono de amenaza o intimidación.	4
Texto no apto para niños ni adolescentes: mensaje que presenta la crueldad como algo aceptable, con normalización de violencia extrema.	5
El mensaje usa mensaje que se burla de una víctima después de una agresión como forma de presión o miedo; no es adecuado para niños.	4
Comentario sin riesgo: habla de reacción alegre a un video de baile, sin violencia ni amenazas.	0
puras 4	5
Mensaje muy riesgoso: texto que celebra una agresión extrema sin detalles explícitos; evita detalles gráficos, pero glorifica daño grave.	5
Mensaje muy riesgoso: comentario que normaliza hacer daño grave para ganar respeto; evita detalles gráficos, pero glorifica daño grave.	5
El mensaje usa texto que celebra que alguien termine lastimado, sin detalles gráficos como forma de presión o miedo; no es adecuado para niños.	4
Mensaje con persecución ficticia sin daño real en una animación oscura, tratado como ficción o actividad controlada.	2
Contenido de riesgo alto: texto que justifica golpear a alguien por una discusión en un montaje dramático, con glorificación de daño.	4
Contenido de riesgo máximo: comentario que celebra daño severo hacia otra persona sin describirlo gráficamente en una escena de acción, claramente no apto para menores.	5
El contenido presenta comentario que alienta una revancha física sin explicar cómo en una escena de acción, lo cual puede ser inadecuado para menores.	3
Texto no apto para niños ni adolescentes: comentario que normaliza hacer daño grave para ganar respeto, con normalización de violencia extrema.	5
Mensaje muy riesgoso: comentario que normaliza hacer daño grave para ganar respeto; evita detalles gráficos, pero glorifica daño grave.	5
El texto muestra discusión leve entre personajes sin insultos fuertes en un video viral, con tono molesto pero controlado.	1
Texto preocupante porque incluye texto que justifica golpear a alguien por una discusión; no contiene instrucciones, pero sí normaliza violencia.	4
Contenido de riesgo máximo: mensaje que romantiza el crimen violento y sus consecuencias en una animación oscura, claramente no apto para menores.	5
Texto preocupante porque incluye comentario que amenaza con hacer daño a otra persona sin dar instrucciones; no contiene instrucciones, pero sí normaliza violencia.	4
Mensaje problemático por comentario que celebra una discusión que se vuelve física; describe violencia a alto nivel, sin detalles gráficos.	3
Comentario de riesgo 5 porque incluye texto que celebra una agresión extrema sin detalles explícitos en una animación oscura, con lenguaje de conflicto.	5
Mensaje con juego de batalla con accesorios de espuma en una publicación de fans, tratado como ficción o actividad controlada.	2
Contenido de riesgo alto: mensaje que glorifica una pelea fuerte y humillante en un clip de internet, con glorificación de daño.	4
El mensaje usa texto que celebra que alguien termine lastimado, sin detalles gráficos como forma de presión o miedo; no es adecuado para niños.	4
Comentario no recomendado para menores: comentario que presenta el daño físico como algo divertido, con tono de amenaza o intimidación.	4
Contenido de riesgo alto: texto que presume participar en actos agresivos en una escena de acción, con glorificación de daño.	4
Comentario de riesgo medio: comentario que minimiza una pelea real entre adolescentes, con normalización de una conducta agresiva.	3
Mensaje problemático por comentario que alienta una revancha física sin explicar cómo; describe violencia a alto nivel, sin detalles gráficos.	3
Texto no apto para niños ni adolescentes: comentario que celebra daño severo hacia otra persona sin describirlo gráficamente, con normalización de violencia extrema.	5
Mensaje problemático por video con intimidación y contacto violento descrito a alto nivel; describe violencia a alto nivel, sin detalles gráficos.	3
El mensaje usa texto que justifica golpear a alguien por una discusión como forma de presión o miedo; no es adecuado para niños.	4
Mensaje tranquilo sobre comentario sobre un video educativo sin lenguaje agresivo, con lenguaje amable y familiar.	0
Texto no apto para niños ni adolescentes: mensaje que romantiza el crimen violento y sus consecuencias, con normalización de violencia extrema.	5
El mensaje contiene intercambio tenso que termina en disculpa en un montaje dramático, pero se mantiene en un nivel leve.	1
El mensaje incluye competencia deportiva con contacto controlado en un comentario de redes; es acción leve y no gráfica.	2
Texto no apto para niños ni adolescentes: comentario que celebra daño severo hacia otra persona sin describirlo gráficamente, con normalización de violencia extrema.	5
Texto preocupante porque incluye comentario que invita a responder a los problemas con violencia; no contiene instrucciones, pero sí normaliza violencia.	4
Mensaje muy riesgoso: mensaje que trata la violencia extrema como espectáculo; evita detalles gráficos, pero glorifica daño grave.	5
El mensaje presenta comentario que celebra daño severo hacia otra persona sin describirlo gráficamente como algo aceptable o admirable; es altamente inadecuado para menores.	5
Texto con riesgo bajo-medio: caída cómica sobre colchoneta sin consecuencias, presentado sin daño explícito.	2
Mensaje muy riesgoso: texto que amenaza con consecuencias violentas graves; evita detalles gráficos, pero glorifica daño grave.	5
El mensaje es seguro: trata de opinión positiva sobre una manualidad familiar y mantiene un tono respetuoso.	0
El mensaje usa texto que presume participar en actos agresivos como forma de presión o miedo; no es adecuado para niños.	4
Comentario de riesgo 5 porque incluye texto que celebra una agresión extrema sin detalles explícitos en un video de barrio, que requiere supervisión adulta.	5
Mensaje muy riesgoso: comentario que elogia a figuras criminales violentas; evita detalles gráficos, pero glorifica daño grave.	5
Comentario de riesgo medio: comentario que alienta una revancha física sin explicar cómo, con normalización de una conducta agresiva.	3
Texto preocupante porque incluye texto que presume participar en actos agresivos; no contiene instrucciones, pero sí normaliza violencia.	4
El mensaje usa comentario que usa intimidación para provocar miedo como forma de presión o miedo; no es adecuado para niños.	4
Texto preocupante porque incluye comentario que usa intimidación para provocar miedo; no contiene instrucciones, pero sí normaliza violencia.	4
El mensaje incluye escena de empujones en un juego físico supervisado en un clip de internet; es acción leve y no gráfica.	2
El texto menciona escena donde varios personajes se enfrentan físicamente en una animación oscura; no es apto para niños sin supervisión.	3
Mensaje problemático por pelea callejera mencionada de forma general sin detalles gráficos; describe violencia a alto nivel, sin detalles gráficos.	3
Mensaje problemático por mensaje que presenta la agresión como forma de ganar respeto; describe violencia a alto nivel, sin detalles gráficos.	3
Texto preocupante porque incluye comentario que usa intimidación para provocar miedo; no contiene instrucciones, pero sí normaliza violencia.	4
El texto menciona escena donde varios personajes se enfrentan físicamente en un montaje dramático; no es apto para niños sin supervisión.	3
Texto de bajo riesgo: aparece intercambio tenso que termina en disculpa, sin amenazas ni daño físico.	1
El mensaje presenta mensaje que glorifica violencia grave y la presenta como admirable como algo aceptable o admirable; es altamente inadecuado para menores.	5
Texto de bajo riesgo: aparece intercambio tenso que termina en disculpa, sin amenazas ni daño físico.	1
Comentario no recomendado para menores: mensaje que glorifica una pelea fuerte y humillante, con tono de amenaza o intimidación.	4
Que Vergüenza La Ntta	5
Comentario no recomendado para menores: texto que celebra que alguien termine lastimado, sin detalles gráficos, con tono de amenaza o intimidación.	4
Mensaje con conflicto menor: discusión leve entre personajes sin insultos fuertes, sin contenido gráfico.	1
El texto menciona pelea callejera mencionada de forma general sin detalles gráficos en una animación oscura; no es apto para niños sin supervisión.	3
Mensaje muy riesgoso: comentario que normaliza hacer daño grave para ganar respeto; evita detalles gráficos, pero glorifica daño grave.	5
Contenido de riesgo máximo: texto que amenaza con consecuencias violentas graves en un foro de adolescentes, claramente no apto para menores.	5
El mensaje es seguro: trata de comentario sobre un video educativo sin lenguaje agresivo y mantiene un tono respetuoso.	0
El contenido menciona competencia deportiva con contacto controlado; requiere contexto, aunque no da instrucciones ni detalles gráficos.	2
El texto menciona comentario que alienta una revancha física sin explicar cómo en un video de barrio; no es apto para niños sin supervisión.	3
Texto no apto para niños ni adolescentes: mensaje que trata la violencia extrema como espectáculo, con normalización de violencia extrema.	5
El texto menciona mensaje que trata los golpes como entretenimiento en una transmisión en vivo; no es apto para niños sin supervisión.	3
Texto con violencia moderada: comentario que alienta una revancha física sin explicar cómo, con una idea negativa para menores.	3
El mensaje usa mensaje que se burla de una víctima después de una agresión como forma de presión o miedo; no es adecuado para niños.	4
Texto no apto para niños ni adolescentes: texto que celebra una agresión extrema sin detalles explícitos, con normalización de violencia extrema.	5
El contenido presenta mensaje que trata los golpes como entretenimiento en un foro de adolescentes, lo cual puede ser inadecuado para menores.	3
Texto preocupante porque incluye comentario que presenta el daño físico como algo divertido; no contiene instrucciones, pero sí normaliza violencia.	4
El mensaje contiene escena de empujón accidental tratada como humor en una historia corta, pero se mantiene en un nivel leve.	1
El mensaje presenta mensaje que presenta la crueldad como algo aceptable como algo aceptable o admirable; es altamente inadecuado para menores.	5
Comentario sobre persecución ficticia sin daño real; puede no ser ideal para niños pequeños, pero no es extremo.	2
Texto preocupante porque incluye comentario que presenta el daño físico como algo divertido; no contiene instrucciones, pero sí normaliza violencia.	4
El contenido menciona video de acción con golpes simulados y tono ficticio; requiere contexto, aunque no da instrucciones ni detalles gráficos.	2
Texto no apto para niños ni adolescentes: mensaje que trata la violencia extrema como espectáculo, con normalización de violencia extrema.	5
Mensaje de alto riesgo: mensaje que glorifica una pelea fuerte y humillante en una discusión grabada, que puede asustar a menores.	4
El texto muestra comentario con tono molesto pero sin amenazas en un video de reacción, con tono molesto pero controlado.	1
Texto no apto para niños ni adolescentes: comentario que elogia a figuras criminales violentas, con normalización de violencia extrema.	5
Mensaje muy riesgoso: texto que promueve miedo, control e intimidación como poder; evita detalles gráficos, pero glorifica daño grave.	5
Texto no apto para niños ni adolescentes: mensaje que glorifica violencia grave y la presenta como admirable, con normalización de violencia extrema.	5
Al perro que tiene dinero se le dice señor perro. Pablo Escobar	5
Mensaje problemático por video donde se normaliza resolver conflictos con golpes; describe violencia a alto nivel, sin detalles gráficos.	3
Mensaje con video de acción con golpes simulados y tono ficticio en un relato ficticio, tratado como ficción o actividad controlada.	2
El mensaje usa comentario que invita a responder a los problemas con violencia como forma de presión o miedo; no es adecuado para niños.	4
Comentario de riesgo medio: mensaje que presenta la agresión como forma de ganar respeto, con normalización de una conducta agresiva.	3
Comentario de riesgo medio: mensaje que describe una persecución agresiva sin detalles explícitos, con normalización de una conducta agresiva.	3
Mensaje de alto riesgo: texto que presume participar en actos agresivos en un relato ficticio, presentado como algo normal.	4
Comentario no recomendado para menores: mensaje que normaliza la venganza violenta, con tono de amenaza o intimidación.	4
Comentario de riesgo 5 porque incluye mensaje que presenta la crueldad como algo aceptable en una publicación de fans, con una idea negativa para menores.	5
Mensaje de alto riesgo: comentario que usa intimidación para provocar miedo en un comentario de redes, con enfoque poco saludable.	4
Contenido de riesgo alto: comentario que usa intimidación para provocar miedo en un clip de internet, con glorificación de daño.	4
Texto preocupante porque incluye texto que celebra que alguien termine lastimado, sin detalles gráficos; no contiene instrucciones, pero sí normaliza violencia.	4
El mensaje incluye escena de choque leve presentada como comedia en un montaje dramático; es acción leve y no gráfica.	2
Texto preocupante porque incluye comentario que presenta el daño físico como algo divertido; no contiene instrucciones, pero sí normaliza violencia.	4
Comentario de riesgo 5 porque incluye mensaje que romantiza el crimen violento y sus consecuencias en un video viral, con una idea negativa para menores.	5
Mensaje problemático por comentario que celebra una discusión que se vuelve física; describe violencia a alto nivel, sin detalles gráficos.	3
Comentario de riesgo 5 porque incluye comentario que elogia a figuras criminales violentas en un video de reacción, con tono intimidante.	5
Contenido de riesgo alto: comentario que invita a responder a los problemas con violencia en una escena de acción, con glorificación de daño.	4
El contenido presenta pelea callejera mencionada de forma general sin detalles gráficos en un video de reacción, lo cual puede ser inadecuado para menores.	3
son los de la diestra, pero los que ya están adiestrados no corren 😂💀	5
Comentario de riesgo 5 porque incluye mensaje que trata la violencia extrema como espectáculo en una historia corta, presentado como algo normal.	5
Texto con riesgo bajo-medio: persecución ficticia sin daño real, presentado sin daño explícito.	2
Comentario positivo de comentario sano sobre un reto sin peligro; es adecuado para un entorno infantil.	0
Texto preocupante porque incluye comentario que usa intimidación para provocar miedo; no contiene instrucciones, pero sí normaliza violencia.	4
El texto menciona mensaje que trata los golpes como entretenimiento en un video de barrio; no es apto para niños sin supervisión.	3
Comentario no recomendado para menores: texto que justifica golpear a alguien por una discusión, con tono de amenaza o intimidación.	4
El mensaje incluye entrenamiento de artes marciales con protección en un video de barrio; es acción leve y no gráfica.	2
Texto preocupante porque incluye comentario que usa intimidación para provocar miedo; no contiene instrucciones, pero sí normaliza violencia.	4
El mensaje usa comentario que amenaza con hacer daño a otra persona sin dar instrucciones como forma de presión o miedo; no es adecuado para niños.	4
Texto con violencia moderada: pelea callejera mencionada de forma general sin detalles gráficos, descrito de forma general.	3
Comentario sobre escena de empujones en un juego físico supervisado; puede no ser ideal para niños pequeños, pero no es extremo.	2
Mensaje de alto riesgo: texto que presume participar en actos agresivos en una transmisión en vivo, con lenguaje de conflicto.	4
Mensaje con escena de choque leve presentada como comedia en un foro de adolescentes, tratado como ficción o actividad controlada.	2
Comentario de riesgo medio: comentario que alienta una revancha física sin explicar cómo, con normalización de una conducta agresiva.	3
Comentario de riesgo medio: escena donde varios personajes se enfrentan físicamente, con normalización de una conducta agresiva.	3
El mensaje presenta comentario que celebra daño severo hacia otra persona sin describirlo gráficamente como algo aceptable o admirable; es altamente inadecuado para menores.	5
Contenido de riesgo alto: mensaje que normaliza la venganza violenta en un fragmento de película, con glorificación de daño.	4
Texto no apto para niños ni adolescentes: texto que celebra una agresión extrema sin detalles explícitos, con normalización de violencia extrema.	5
Comentario con escena de empujón accidental tratada como humor; puede ser poco amable, pero no llega a violencia real.	1
Contenido de riesgo alto: mensaje que glorifica una pelea fuerte y humillante en una transmisión en vivo, con glorificación de daño.	4
Comentario no recomendado para menores: mensaje que se burla de una víctima después de una agresión, con tono de amenaza o intimidación.	4
El mensaje presenta mensaje que romantiza el crimen violento y sus consecuencias como algo aceptable o admirable; es altamente inadecuado para menores.	5
Comentario no recomendado para menores: comentario que invita a responder a los problemas con violencia, con tono de amenaza o intimidación.	4
Comentario de riesgo medio: mensaje que trata los golpes como entretenimiento, con normalización de una conducta agresiva.	3
El contenido presenta video con intimidación y contacto violento descrito a alto nivel en una escena de acción, lo cual puede ser inadecuado para menores.	3
El texto muestra queja exagerada sobre perder un juego en un video de reacción, con tono molesto pero controlado.	1
Mensaje con escena de choque leve presentada como comedia en un foro de adolescentes, tratado como ficción o actividad controlada.	2
El contenido presenta pelea callejera mencionada de forma general sin detalles gráficos en un video de reacción, lo cual puede ser inadecuado para menores.	3
Contenido de riesgo máximo: texto que amenaza con consecuencias violentas graves en un comentario de redes, claramente no apto para menores.	5
Contenido de riesgo alto: texto que presume participar en actos agresivos en una transmisión en vivo, con glorificación de daño.	4
El contenido menciona pelea leve de caricatura sin heridas ni miedo intenso; requiere contexto, aunque no da instrucciones ni detalles gráficos.	2
El mensaje incluye caída cómica sobre colchoneta sin consecuencias en una animación oscura; es acción leve y no gráfica.	2
El texto menciona comentario que celebra una discusión que se vuelve física en un video viral; no es apto para niños sin supervisión.	3
Contenido de riesgo máximo: comentario que celebra daño severo hacia otra persona sin describirlo gráficamente en un montaje dramático, claramente no apto para menores.	5
El contenido menciona caída cómica sobre colchoneta sin consecuencias; requiere contexto, aunque no da instrucciones ni detalles gráficos.	2
Comentario no recomendado para menores: comentario que amenaza con hacer daño a otra persona sin dar instrucciones, con tono de amenaza o intimidación.	4
Comentario de riesgo 5 porque incluye mensaje que presenta la crueldad como algo aceptable en un clip de internet, con tono intimidante.	5
El mensaje presenta comentario que elogia a figuras criminales violentas como algo aceptable o admirable; es altamente inadecuado para menores.	5
Comentario de riesgo medio: video donde se normaliza resolver conflictos con golpes, con normalización de una conducta agresiva.	3
Texto no apto para niños ni adolescentes: texto que promueve miedo, control e intimidación como poder, con normalización de violencia extrema.	5
El mensaje incluye escena de empujones en un juego físico supervisado en un foro de adolescentes; es acción leve y no gráfica.	2
Mensaje con video de acción con golpes simulados y tono ficticio en un video de barrio, tratado como ficción o actividad controlada.	2
Mensaje de alto riesgo: texto que celebra que alguien termine lastimado, sin detalles gráficos en una escena de acción, con tono intimidante.	4
El texto muestra reacción impulsiva ante una derrota en un clip de internet, con tono molesto pero controlado.	1
Comentario sobre competencia deportiva con contacto controlado; puede no ser ideal para niños pequeños, pero no es extremo.	2
Comentario de riesgo 5 porque incluye mensaje que romantiza el crimen violento y sus consecuencias en una discusión grabada, con tono agresivo.	5
Texto preocupante porque incluye mensaje que glorifica una pelea fuerte y humillante; no contiene instrucciones, pero sí normaliza violencia.	4
El contenido presenta comentario que celebra una discusión que se vuelve física en un video viral, lo cual puede ser inadecuado para menores.	3
Texto no apto para niños ni adolescentes: comentario que elogia a figuras criminales violentas, con normalización de violencia extrema.	5
Mensaje de alto riesgo: comentario que amenaza con hacer daño a otra persona sin dar instrucciones en un video viral, con lenguaje de conflicto.	4
El mensaje presenta comentario que celebra daño severo hacia otra persona sin describirlo gráficamente como algo aceptable o admirable; es altamente inadecuado para menores.	5
Mensaje muy riesgoso: comentario que elogia a figuras criminales violentas; evita detalles gráficos, pero glorifica daño grave.	5
Comentario no recomendado para menores: texto que presume participar en actos agresivos, con tono de amenaza o intimidación.	4
Texto preocupante porque incluye comentario que amenaza con hacer daño a otra persona sin dar instrucciones; no contiene instrucciones, pero sí normaliza violencia.	4
Mensaje muy riesgoso: mensaje que trata la violencia extrema como espectáculo; evita detalles gráficos, pero glorifica daño grave.	5
El contenido menciona persecución ficticia sin daño real; requiere contexto, aunque no da instrucciones ni detalles gráficos.	2
Texto apto para menores sobre opinión positiva sobre una manualidad familiar; no contiene agresión ni intimidación.	0
Texto no apto para niños ni adolescentes: comentario que normaliza hacer daño grave para ganar respeto, con normalización de violencia extrema.	5
Comentario de riesgo 5 porque incluye texto que amenaza con consecuencias violentas graves en un clip de internet, que requiere supervisión adulta.	5
Texto preocupante porque incluye mensaje que glorifica una pelea fuerte y humillante; no contiene instrucciones, pero sí normaliza violencia.	4
Texto preocupante porque incluye texto que justifica golpear a alguien por una discusión; no contiene instrucciones, pero sí normaliza violencia.	4
Mensaje muy riesgoso: texto que promueve miedo, control e intimidación como poder; evita detalles gráficos, pero glorifica daño grave.	5
El texto muestra discusión leve entre personajes sin insultos fuertes en un comentario de redes, con tono molesto pero controlado.	1
Mensaje tranquilo sobre comentario amable sobre una canción infantil, con lenguaje amable y familiar.	0
El contenido presenta mensaje que describe una persecución agresiva sin detalles explícitos en una discusión grabada, lo cual puede ser inadecuado para menores.	3
Mensaje con conflicto menor: escena de empujón accidental tratada como humor, sin contenido gráfico.	1
Comentario no recomendado para menores: mensaje que se burla de una víctima después de una agresión, con tono de amenaza o intimidación.	4
Comentario sobre discusión fuerte donde nadie resulta herido; puede no ser ideal para niños pequeños, pero no es extremo.	2
Mensaje de alto riesgo: mensaje que normaliza la venganza violenta en un fragmento de película, descrito de forma general.	4
Comentario no recomendado para menores: mensaje que glorifica una pelea fuerte y humillante, con tono de amenaza o intimidación.	4
El texto menciona mensaje que trata los golpes como entretenimiento en un video viral; no es apto para niños sin supervisión.	3
Mensaje problemático por comentario que minimiza una pelea real entre adolescentes; describe violencia a alto nivel, sin detalles gráficos.	3
Contenido de riesgo alto: comentario que presenta el daño físico como algo divertido en un comentario de redes, con glorificación de daño.	4
Mensaje con video de acción con golpes simulados y tono ficticio en un video de barrio, tratado como ficción o actividad controlada.	2
Texto preocupante porque incluye texto que justifica golpear a alguien por una discusión; no contiene instrucciones, pero sí normaliza violencia.	4
El mensaje presenta mensaje que glorifica violencia grave y la presenta como admirable como algo aceptable o admirable; es altamente inadecuado para menores.	5
Contenido de riesgo alto: texto que celebra que alguien termine lastimado, sin detalles gráficos en un video de reacción, con glorificación de daño.	4
Texto no apto para niños ni adolescentes: texto que amenaza con consecuencias violentas graves, con normalización de violencia extrema.	5
Mensaje con escena de choque leve presentada como comedia en una transmisión en vivo, tratado como ficción o actividad controlada.	2
Mensaje con conflicto menor: desafío verbal algo brusco pero sin violencia, sin contenido gráfico.	1
Mensaje de alto riesgo: texto que presume participar en actos agresivos en un clip de internet, que puede asustar a menores.	4
Comentario con comentario con tono molesto pero sin amenazas; puede ser poco amable, pero no llega a violencia real.	1
Texto preocupante porque incluye mensaje que glorifica una pelea fuerte y humillante; no contiene instrucciones, pero sí normaliza violencia.	4
El contenido presenta video donde se normaliza resolver conflictos con golpes en un video viral, lo cual puede ser inadecuado para menores.	3
Texto preocupante porque incluye mensaje que glorifica una pelea fuerte y humillante; no contiene instrucciones, pero sí normaliza violencia.	4
Comentario positivo de mensaje familiar sobre un cuento animado; es adecuado para un entorno infantil.	0
Mensaje de alto riesgo: mensaje que glorifica una pelea fuerte y humillante en un video de barrio, con lenguaje de conflicto.	4
Contenido de riesgo alto: mensaje que se burla de una víctima después de una agresión en un video de barrio, con glorificación de daño.	4
Contenido de riesgo alto: mensaje que normaliza la venganza violenta en una escena de acción, con glorificación de daño.	4
El texto menciona video donde se normaliza resolver conflictos con golpes en un video de reacción; no es apto para niños sin supervisión.	3
Mensaje problemático por mensaje que describe una persecución agresiva sin detalles explícitos; describe violencia a alto nivel, sin detalles gráficos.	3
El mensaje usa texto que justifica golpear a alguien por una discusión como forma de presión o miedo; no es adecuado para niños.	4
Mensaje muy riesgoso: mensaje que romantiza el crimen violento y sus consecuencias; evita detalles gráficos, pero glorifica daño grave.	5
Texto con riesgo bajo-medio: competencia deportiva con contacto controlado, presentado sin daño explícito.	2
Mensaje con video de acción con golpes simulados y tono ficticio en un video de reacción, tratado como ficción o actividad controlada.	2
Texto no apto para niños ni adolescentes: mensaje que presenta la crueldad como algo aceptable, con normalización de violencia extrema.	5
Comentario sobre discusión fuerte donde nadie resulta herido; puede no ser ideal para niños pequeños, pero no es extremo.	2
Texto no apto para niños ni adolescentes: mensaje que glorifica violencia grave y la presenta como admirable, con normalización de violencia extrema.	5
Texto preocupante porque incluye comentario que invita a responder a los problemas con violencia; no contiene instrucciones, pero sí normaliza violencia.	4
Mensaje de alto riesgo: comentario que invita a responder a los problemas con violencia en un video viral, que puede asustar a menores.	4
Comentario de riesgo medio: comentario que minimiza una pelea real entre adolescentes, con normalización de una conducta agresiva.	3
Contenido de riesgo máximo: comentario que celebra daño severo hacia otra persona sin describirlo gráficamente en una discusión grabada, claramente no apto para menores.	5
Mensaje de alto riesgo: mensaje que glorifica una pelea fuerte y humillante en un video de reacción, con enfoque poco saludable.	4
Comentario de riesgo medio: mensaje que presenta la agresión como forma de ganar respeto, con normalización de una conducta agresiva.	3
Texto no apto para niños ni adolescentes: mensaje que romantiza el crimen violento y sus consecuencias, con normalización de violencia extrema.	5
El texto muestra escena de empujón accidental tratada como humor en un relato ficticio, con tono molesto pero controlado.	1
Comentario de riesgo 5 porque incluye mensaje que presenta la crueldad como algo aceptable en una animación oscura, que puede asustar a menores.	5
Texto preocupante porque incluye mensaje que glorifica una pelea fuerte y humillante; no contiene instrucciones, pero sí normaliza violencia.	4
Comentario sobre discusión fuerte donde nadie resulta herido; puede no ser ideal para niños pequeños, pero no es extremo.	2
Mensaje problemático por comentario que minimiza una pelea real entre adolescentes; describe violencia a alto nivel, sin detalles gráficos.	3
El mensaje contiene reacción impulsiva ante una derrota en una animación oscura, pero se mantiene en un nivel leve.	1
Texto preocupante porque incluye texto que justifica golpear a alguien por una discusión; no contiene instrucciones, pero sí normaliza violencia.	4
El mensaje presenta comentario que normaliza hacer daño grave para ganar respeto como algo aceptable o admirable; es altamente inadecuado para menores.	5
El mensaje contiene frase competitiva con enojo leve en un foro de adolescentes, pero se mantiene en un nivel leve.	1
Texto preocupante porque incluye mensaje que se burla de una víctima después de una agresión; no contiene instrucciones, pero sí normaliza violencia.	4
Texto con riesgo bajo-medio: persecución ficticia sin daño real, presentado sin daño explícito.	2
El texto menciona comentario que celebra una discusión que se vuelve física en una escena de acción; no es apto para niños sin supervisión.	3
Comentario sin riesgo: habla de mensaje familiar sobre un cuento animado, sin violencia ni amenazas.	0
El contenido presenta mensaje que presenta la agresión como forma de ganar respeto en un foro de adolescentes, lo cual puede ser inadecuado para menores.	3
Comentario de riesgo 5 porque incluye comentario que celebra daño severo hacia otra persona sin describirlo gráficamente en una publicación de fans, que requiere supervisión adulta.	5
Comentario de riesgo medio: mensaje que trata los golpes como entretenimiento, con normalización de una conducta agresiva.	3
Comentario no recomendado para menores: comentario que invita a responder a los problemas con violencia, con tono de amenaza o intimidación.	4
Texto con riesgo bajo-medio: entrenamiento de artes marciales con protección, presentado sin daño explícito.	2
El mensaje presenta texto que amenaza con consecuencias violentas graves como algo aceptable o admirable; es altamente inadecuado para menores.	5
Texto con riesgo bajo-medio: entrenamiento de artes marciales con protección, presentado sin daño explícito.	2
Texto de bajo riesgo: aparece reacción impulsiva ante una derrota, sin amenazas ni daño físico.	1
Contenido de riesgo máximo: comentario que normaliza hacer daño grave para ganar respeto en una animación oscura, claramente no apto para menores.	5
Contenido de riesgo alto: texto que justifica golpear a alguien por una discusión en una discusión grabada, con glorificación de daño.	4
Contenido de riesgo máximo: mensaje que romantiza el crimen violento y sus consecuencias en un clip de internet, claramente no apto para menores.	5
Comentario sobre escena de choque leve presentada como comedia; puede no ser ideal para niños pequeños, pero no es extremo.	2
El texto menciona mensaje que describe una persecución agresiva sin detalles explícitos en un clip de internet; no es apto para niños sin supervisión.	3
Comentario con reacción impulsiva ante una derrota; puede ser poco amable, pero no llega a violencia real.	1
El contenido presenta mensaje que trata los golpes como entretenimiento en un fragmento de película, lo cual puede ser inadecuado para menores.	3
El contenido presenta escena donde varios personajes se enfrentan físicamente en un clip de internet, lo cual puede ser inadecuado para menores.	3
El contenido presenta video con intimidación y contacto violento descrito a alto nivel en una transmisión en vivo, lo cual puede ser inadecuado para menores.	3
Texto no apto para niños ni adolescentes: texto que amenaza con consecuencias violentas graves, con normalización de violencia extrema.	5
Texto no apto para niños ni adolescentes: comentario que celebra daño severo hacia otra persona sin describirlo gráficamente, con normalización de violencia extrema.	5
Mensaje problemático por comentario que alienta una revancha física sin explicar cómo; describe violencia a alto nivel, sin detalles gráficos.	3
El mensaje incluye pelea leve de caricatura sin heridas ni miedo intenso en un comentario de redes; es acción leve y no gráfica.	2
no que no corren las jaliscas 😂	5
Mensaje problemático por comentario que celebra una discusión que se vuelve física; describe violencia a alto nivel, sin detalles gráficos.	3
El mensaje incluye competencia deportiva con contacto controlado en un comentario de redes; es acción leve y no gráfica.	2
Mensaje muy riesgoso: comentario que normaliza hacer daño grave para ganar respeto; evita detalles gráficos, pero glorifica daño grave.	5
Comentario de riesgo 5 porque incluye mensaje que romantiza el crimen violento y sus consecuencias en una historia corta, con enfoque poco saludable.	5
Mensaje con conflicto menor: escena de empujón accidental tratada como humor, sin contenido gráfico.	1
El contenido presenta mensaje que describe una persecución agresiva sin detalles explícitos en una transmisión en vivo, lo cual puede ser inadecuado para menores.	3
¿Cómo puede sobornar uno a alguien que anda en un Volkswagen 53? Miguel Rodríguez Orejuela	5
Mensaje muy riesgoso: texto que celebra una agresión extrema sin detalles explícitos; evita detalles gráficos, pero glorifica daño grave.	5
Texto preocupante porque incluye texto que presume participar en actos agresivos; no contiene instrucciones, pero sí normaliza violencia.	4
El contenido presenta mensaje que describe una persecución agresiva sin detalles explícitos en un video de barrio, lo cual puede ser inadecuado para menores.	3
El texto menciona mensaje que trata los golpes como entretenimiento en un comentario de redes; no es apto para niños sin supervisión.	3
Mensaje muy riesgoso: comentario que normaliza hacer daño grave para ganar respeto; evita detalles gráficos, pero glorifica daño grave.	5
Mensaje de alto riesgo: comentario que invita a responder a los problemas con violencia en un video viral, con una situación tensa.	4
Mensaje muy riesgoso: comentario que normaliza hacer daño grave para ganar respeto; evita detalles gráficos, pero glorifica daño grave.	5
Comentario positivo de comentario positivo sobre un juego de mesa; es adecuado para un entorno infantil.	0
El mensaje incluye pelea leve de caricatura sin heridas ni miedo intenso en una discusión grabada; es acción leve y no gráfica.	2
Mensaje con juego de batalla con accesorios de espuma en una transmisión en vivo, tratado como ficción o actividad controlada.	2
Comentario de riesgo 5 porque incluye comentario que celebra daño severo hacia otra persona sin describirlo gráficamente en un video de barrio, con enfoque poco saludable.	5
En un mundo de hipócritas, los sinceros somos los malos. Pablo Escobar	5
El mensaje presenta comentario que celebra daño severo hacia otra persona sin describirlo gráficamente como algo aceptable o admirable; es altamente inadecuado para menores.	5
Mensaje de alto riesgo: texto que presume participar en actos agresivos en un video viral, con una idea negativa para menores.	4
Contenido de riesgo máximo: mensaje que presenta la crueldad como algo aceptable en un relato ficticio, claramente no apto para menores.	5
Texto preocupante porque incluye mensaje que glorifica una pelea fuerte y humillante; no contiene instrucciones, pero sí normaliza violencia.	4
Comentario de riesgo 5 porque incluye mensaje que trata la violencia extrema como espectáculo en una discusión grabada, no apto para niños pequeños.	5
Comentario de riesgo 5 porque incluye texto que celebra una agresión extrema sin detalles explícitos en un comentario de redes, que puede asustar a menores.	5
Texto con violencia moderada: video donde se normaliza resolver conflictos con golpes, con tono agresivo.	3
Comentario sin riesgo: habla de opinión neutral sobre una receta sencilla, sin violencia ni amenazas.	0
El contenido presenta comentario que minimiza una pelea real entre adolescentes en una animación oscura, lo cual puede ser inadecuado para menores.	3
Comentario no recomendado para menores: comentario que amenaza con hacer daño a otra persona sin dar instrucciones, con tono de amenaza o intimidación.	4
Comentario de riesgo 5 porque incluye texto que promueve miedo, control e intimidación como poder en un fragmento de película, descrito de forma general.	5
El contenido menciona persecución ficticia sin daño real; requiere contexto, aunque no da instrucciones ni detalles gráficos.	2
El mensaje es seguro: trata de comentario sano sobre un reto sin peligro y mantiene un tono respetuoso.	0
Mensaje problemático por escena donde varios personajes se enfrentan físicamente; describe violencia a alto nivel, sin detalles gráficos.	3
El contenido presenta mensaje que trata los golpes como entretenimiento en un fragmento de película, lo cual puede ser inadecuado para menores.	3
Mensaje de alto riesgo: mensaje que normaliza la venganza violenta en un clip de internet, con tono agresivo.	4
Comentario de riesgo medio: comentario que alienta una revancha física sin explicar cómo, con normalización de una conducta agresiva.	3
Contenido de riesgo máximo: texto que amenaza con consecuencias violentas graves en una transmisión en vivo, claramente no apto para menores.	5
Texto no apto para niños ni adolescentes: mensaje que trata la violencia extrema como espectáculo, con normalización de violencia extrema.	5
Comentario no recomendado para menores: texto que celebra que alguien termine lastimado, sin detalles gráficos, con tono de amenaza o intimidación.	4
Texto con violencia moderada: comentario que minimiza una pelea real entre adolescentes, que requiere supervisión adulta.	3
El mensaje usa mensaje que glorifica una pelea fuerte y humillante como forma de presión o miedo; no es adecuado para niños.	4
Mensaje muy riesgoso: texto que amenaza con consecuencias violentas graves; evita detalles gráficos, pero glorifica daño grave.	5
Comentario no recomendado para menores: mensaje que glorifica una pelea fuerte y humillante, con tono de amenaza o intimidación.	4
Contenido de riesgo máximo: mensaje que glorifica violencia grave y la presenta como admirable en un clip de internet, claramente no apto para menores.	5
Comentario de riesgo medio: comentario que alienta una revancha física sin explicar cómo, con normalización de una conducta agresiva.	3
Mensaje con escena de choque leve presentada como comedia en un comentario de redes, tratado como ficción o actividad controlada.	2
Comentario con desafío verbal algo brusco pero sin violencia; puede ser poco amable, pero no llega a violencia real.	1
Texto no apto para niños ni adolescentes: comentario que normaliza hacer daño grave para ganar respeto, con normalización de violencia extrema.	5
Mensaje con caída cómica sobre colchoneta sin consecuencias en un video de reacción, tratado como ficción o actividad controlada.	2
Cuidado con a quién consideras tus amigos. Prefiero tener cuatro cuartos que cien peniques. Al Capone	5
Comentario sobre juego de batalla con accesorios de espuma; puede no ser ideal para niños pequeños, pero no es extremo.	2
Comentario sobre entrenamiento de artes marciales con protección; puede no ser ideal para niños pequeños, pero no es extremo.	2
El texto menciona comentario que alienta una revancha física sin explicar cómo en un relato ficticio; no es apto para niños sin supervisión.	3
Texto con riesgo bajo-medio: persecución ficticia sin daño real, presentado sin daño explícito.	2
Comentario de riesgo 5 porque incluye comentario que elogia a figuras criminales violentas en una discusión grabada, con una situación tensa.	5
Texto preocupante porque incluye comentario que amenaza con hacer daño a otra persona sin dar instrucciones; no contiene instrucciones, pero sí normaliza violencia.	4
Mensaje problemático por video con intimidación y contacto violento descrito a alto nivel; describe violencia a alto nivel, sin detalles gráficos.	3
Mensaje muy riesgoso: comentario que celebra daño severo hacia otra persona sin describirlo gráficamente; evita detalles gráficos, pero glorifica daño grave.	5
Texto de bajo riesgo: aparece reacción impulsiva ante una derrota, sin amenazas ni daño físico.	1
Contenido de riesgo máximo: comentario que elogia a figuras criminales violentas en un foro de adolescentes, claramente no apto para menores.	5
Comentario no recomendado para menores: comentario que amenaza con hacer daño a otra persona sin dar instrucciones, con tono de amenaza o intimidación.	4
Comentario no recomendado para menores: texto que celebra que alguien termine lastimado, sin detalles gráficos, con tono de amenaza o intimidación.	4
Mensaje de alto riesgo: texto que justifica golpear a alguien por una discusión en una discusión grabada, presentado como algo normal.	4
Texto con riesgo bajo-medio: discusión fuerte donde nadie resulta herido, presentado sin daño explícito.	2
Mensaje de alto riesgo: comentario que invita a responder a los problemas con violencia en una discusión grabada, con tono intimidante.	4
pa eso si son buenas las 4letrillas 😂	5
Texto apto para menores sobre reacción alegre a un video de baile; no contiene agresión ni intimidación.	0
Texto no apto para niños ni adolescentes: mensaje que presenta la crueldad como algo aceptable, con normalización de violencia extrema.	5
El mensaje contiene frase competitiva con enojo leve en una discusión grabada, pero se mantiene en un nivel leve.	1
Mensaje de alto riesgo: mensaje que normaliza la venganza violenta en una animación oscura, descrito de forma general.	4
Contenido de riesgo alto: texto que presume participar en actos agresivos en una publicación de fans, con glorificación de daño.	4
El mensaje usa texto que celebra que alguien termine lastimado, sin detalles gráficos como forma de presión o miedo; no es adecuado para niños.	4
Mensaje muy riesgoso: texto que celebra una agresión extrema sin detalles explícitos; evita detalles gráficos, pero glorifica daño grave.	5
🤣🤣🤣🤣🤣🤣 patito	5
Texto apto para menores sobre opinión neutral sobre una receta sencilla; no contiene agresión ni intimidación.	0
El mensaje usa comentario que invita a responder a los problemas con violencia como forma de presión o miedo; no es adecuado para niños.	4
Mensaje con conflicto menor: desafío verbal algo brusco pero sin violencia, sin contenido gráfico.	1
Comentario de riesgo 5 porque incluye texto que promueve miedo, control e intimidación como poder en un video de reacción, presentado como algo normal.	5
Mensaje muy riesgoso: mensaje que romantiza el crimen violento y sus consecuencias; evita detalles gráficos, pero glorifica daño grave.	5
El mensaje contiene queja exagerada sobre perder un juego en un comentario de redes, pero se mantiene en un nivel leve.	1
Texto de bajo riesgo: aparece desafío verbal algo brusco pero sin violencia, sin amenazas ni daño físico.	1
El texto muestra comentario con tono molesto pero sin amenazas en una transmisión en vivo, con tono molesto pero controlado.	1
Comentario de riesgo medio: video con intimidación y contacto violento descrito a alto nivel, con normalización de una conducta agresiva.	3
Comentario de riesgo medio: mensaje que trata los golpes como entretenimiento, con normalización de una conducta agresiva.	3
El contenido presenta video donde se normaliza resolver conflictos con golpes en una escena de acción, lo cual puede ser inadecuado para menores.	3
Comentario positivo de mensaje familiar sobre un cuento animado; es adecuado para un entorno infantil.	0
Texto preocupante porque incluye comentario que usa intimidación para provocar miedo; no contiene instrucciones, pero sí normaliza violencia.	4
Comentario sobre juego de batalla con accesorios de espuma; puede no ser ideal para niños pequeños, pero no es extremo.	2
El mensaje presenta comentario que celebra daño severo hacia otra persona sin describirlo gráficamente como algo aceptable o admirable; es altamente inadecuado para menores.	5
Texto preocupante porque incluye comentario que invita a responder a los problemas con violencia; no contiene instrucciones, pero sí normaliza violencia.	4
La prohibición no ha causado más que problemas. Al Capone	5
Comentario con comentario de rivalidad escolar sin daño físico; puede ser poco amable, pero no llega a violencia real.	1
hasta ustedes corren	5
Comentario de riesgo 5 porque incluye mensaje que romantiza el crimen violento y sus consecuencias en una animación oscura, no apto para niños pequeños.	5
Mensaje con competencia deportiva con contacto controlado en una discusión grabada, tratado como ficción o actividad controlada.	2
Mensaje problemático por mensaje que trata los golpes como entretenimiento; describe violencia a alto nivel, sin detalles gráficos.	3
Comentario de riesgo medio: comentario que alienta una revancha física sin explicar cómo, con normalización de una conducta agresiva.	3
Contenido de riesgo alto: comentario que amenaza con hacer daño a otra persona sin dar instrucciones en una publicación de fans, con glorificación de daño.	4
Texto preocupante porque incluye texto que presume participar en actos agresivos; no contiene instrucciones, pero sí normaliza violencia.	4
Texto con violencia moderada: mensaje que presenta la agresión como forma de ganar respeto, con una idea negativa para menores.	3
todos los comentarios dan pena jajajajaj 🤣	5
Texto preocupante porque incluye mensaje que se burla de una víctima después de una agresión; no contiene instrucciones, pero sí normaliza violencia.	4
Mensaje tranquilo sobre comentario sobre un video educativo sin lenguaje agresivo, con lenguaje amable y familiar.	0
Jajajaja ps si no es fre fire para volver a revivir 😅😅😅	5
El mensaje usa texto que justifica golpear a alguien por una discusión como forma de presión o miedo; no es adecuado para niños.	4
Contenido de riesgo máximo: mensaje que trata la violencia extrema como espectáculo en una discusión grabada, claramente no apto para menores.	5
El mensaje usa comentario que amenaza con hacer daño a otra persona sin dar instrucciones como forma de presión o miedo; no es adecuado para niños.	4
Texto no apto para niños ni adolescentes: texto que promueve miedo, control e intimidación como poder, con normalización de violencia extrema.	5
El contenido menciona persecución ficticia sin daño real; requiere contexto, aunque no da instrucciones ni detalles gráficos.	2
Mensaje de alto riesgo: comentario que invita a responder a los problemas con violencia en un video de barrio, presentado como algo normal.	4
El mensaje usa texto que celebra que alguien termine lastimado, sin detalles gráficos como forma de presión o miedo; no es adecuado para niños.	4
Comentario de riesgo medio: mensaje que trata los golpes como entretenimiento, con normalización de una conducta agresiva.	3
Comentario sobre entrenamiento de artes marciales con protección; puede no ser ideal para niños pequeños, pero no es extremo.	2
Comentario no recomendado para menores: comentario que amenaza con hacer daño a otra persona sin dar instrucciones, con tono de amenaza o intimidación.	4
El mensaje presenta comentario que elogia a figuras criminales violentas como algo aceptable o admirable; es altamente inadecuado para menores.	5
Contenido de riesgo alto: mensaje que glorifica una pelea fuerte y humillante en un comentario de redes, con glorificación de daño.	4
Comentario de riesgo 5 porque incluye comentario que normaliza hacer daño grave para ganar respeto en un video de reacción, con una situación tensa.	5
Comentario de riesgo 5 porque incluye comentario que elogia a figuras criminales violentas en un fragmento de película, que requiere supervisión adulta.	5
El texto menciona video donde se normaliza resolver conflictos con golpes en una animación oscura; no es apto para niños sin supervisión.	3
Mensaje con caída cómica sobre colchoneta sin consecuencias en una discusión grabada, tratado como ficción o actividad controlada.	2
Comentario de riesgo 5 porque incluye mensaje que presenta la crueldad como algo aceptable en un clip de internet, sin detalles explícitos.	5
solo con Drones😁😁	5
El mensaje usa comentario que invita a responder a los problemas con violencia como forma de presión o miedo; no es adecuado para niños.	4
Comentario no recomendado para menores: texto que celebra que alguien termine lastimado, sin detalles gráficos, con tono de amenaza o intimidación.	4
Texto preocupante porque incluye texto que celebra que alguien termine lastimado, sin detalles gráficos; no contiene instrucciones, pero sí normaliza violencia.	4
Comentario con escena de empujón accidental tratada como humor; puede ser poco amable, pero no llega a violencia real.	1
El mensaje usa mensaje que normaliza la venganza violenta como forma de presión o miedo; no es adecuado para niños.	4
Mensaje con escena de empujones en un juego físico supervisado en una publicación de fans, tratado como ficción o actividad controlada.	2
Mensaje muy riesgoso: texto que amenaza con consecuencias violentas graves; evita detalles gráficos, pero glorifica daño grave.	5
Contenido de riesgo máximo: mensaje que trata la violencia extrema como espectáculo en una discusión grabada, claramente no apto para menores.	5
Mensaje de alto riesgo: texto que justifica golpear a alguien por una discusión en un fragmento de película, con tono intimidante.	4
Comentario de riesgo 5 porque incluye texto que promueve miedo, control e intimidación como poder en un clip de internet, con una idea negativa para menores.	5
Texto preocupante porque incluye comentario que presenta el daño físico como algo divertido; no contiene instrucciones, pero sí normaliza violencia.	4
El mensaje presenta comentario que normaliza hacer daño grave para ganar respeto como algo aceptable o admirable; es altamente inadecuado para menores.	5
Texto con riesgo bajo-medio: persecución ficticia sin daño real, presentado sin daño explícito.	2
Mensaje de alto riesgo: comentario que usa intimidación para provocar miedo en un relato ficticio, que requiere supervisión adulta.	4
Contenido de riesgo máximo: mensaje que glorifica violencia grave y la presenta como admirable en un fragmento de película, claramente no apto para menores.	5
Comentario de riesgo 5 porque incluye mensaje que romantiza el crimen violento y sus consecuencias en un relato ficticio, con tono intimidante.	5
Texto con violencia moderada: video donde se normaliza resolver conflictos con golpes, con enfoque poco saludable.	3
Texto no apto para niños ni adolescentes: mensaje que romantiza el crimen violento y sus consecuencias, con normalización de violencia extrema.	5
Mensaje con discusión fuerte donde nadie resulta herido en un fragmento de película, tratado como ficción o actividad controlada.	2
Contenido de riesgo alto: comentario que usa intimidación para provocar miedo en una discusión grabada, con glorificación de daño.	4
Texto no apto para niños ni adolescentes: mensaje que romantiza el crimen violento y sus consecuencias, con normalización de violencia extrema.	5
El contenido presenta pelea callejera mencionada de forma general sin detalles gráficos en un clip de internet, lo cual puede ser inadecuado para menores.	3
El mensaje contiene queja exagerada sobre perder un juego en un foro de adolescentes, pero se mantiene en un nivel leve.	1
Y el que va mero atrás valiéndole vrg la vida jajaja	5
Mensaje de alto riesgo: comentario que usa intimidación para provocar miedo en una publicación de fans, con una situación tensa.	4
Texto con riesgo bajo-medio: video de acción con golpes simulados y tono ficticio, presentado sin daño explícito.	2
Contenido de riesgo máximo: texto que promueve miedo, control e intimidación como poder en un fragmento de película, claramente no apto para menores.	5
El mensaje contiene escena de empujón accidental tratada como humor en una discusión grabada, pero se mantiene en un nivel leve.	1
Mensaje con conflicto menor: intercambio tenso que termina en disculpa, sin contenido gráfico.	1
Texto con riesgo bajo-medio: entrenamiento de artes marciales con protección, presentado sin daño explícito.	2
Amigos son aquellos que te ven llorando y te dicen: ¿A quién matamos? Pablo Escobar	5
El mensaje presenta texto que promueve miedo, control e intimidación como poder como algo aceptable o admirable; es altamente inadecuado para menores.	5
El contenido presenta mensaje que describe una persecución agresiva sin detalles explícitos en un relato ficticio, lo cual puede ser inadecuado para menores.	3
Comentario de riesgo 5 porque incluye comentario que celebra daño severo hacia otra persona sin describirlo gráficamente en un video de reacción, con tono intimidante.	5
Mensaje con video de acción con golpes simulados y tono ficticio en una animación oscura, tratado como ficción o actividad controlada.	2
Mensaje con video de acción con golpes simulados y tono ficticio en un video de reacción, tratado como ficción o actividad controlada.	2
Contenido de riesgo máximo: mensaje que presenta la crueldad como algo aceptable en una publicación de fans, claramente no apto para menores.	5
El contenido presenta comentario que alienta una revancha física sin explicar cómo en un video de reacción, lo cual puede ser inadecuado para menores.	3
Comentario de riesgo 5 porque incluye mensaje que trata la violencia extrema como espectáculo en un video de reacción, con lenguaje de conflicto.	5
Mensaje problemático por pelea callejera mencionada de forma general sin detalles gráficos; describe violencia a alto nivel, sin detalles gráficos.	3
Contenido de riesgo máximo: mensaje que romantiza el crimen violento y sus consecuencias en un montaje dramático, claramente no apto para menores.	5
Texto con violencia moderada: video donde se normaliza resolver conflictos con golpes, con una situación tensa.	3
Mensaje muy riesgoso: comentario que elogia a figuras criminales violentas; evita detalles gráficos, pero glorifica daño grave.	5
Contenido de riesgo máximo: comentario que normaliza hacer daño grave para ganar respeto en una transmisión en vivo, claramente no apto para menores.	5
Comentario de riesgo medio: mensaje que trata los golpes como entretenimiento, con normalización de una conducta agresiva.	3
El mensaje incluye caída cómica sobre colchoneta sin consecuencias en un video de reacción; es acción leve y no gráfica.	2
Comentario sin riesgo: habla de opinión neutral sobre una receta sencilla, sin violencia ni amenazas.	0
Contenido de riesgo máximo: mensaje que trata la violencia extrema como espectáculo en un foro de adolescentes, claramente no apto para menores.	5
El mensaje presenta mensaje que presenta la crueldad como algo aceptable como algo aceptable o admirable; es altamente inadecuado para menores.	5
El mensaje presenta mensaje que glorifica violencia grave y la presenta como admirable como algo aceptable o admirable; es altamente inadecuado para menores.	5
Comentario no recomendado para menores: comentario que invita a responder a los problemas con violencia, con tono de amenaza o intimidación.	4
Comentario no recomendado para menores: mensaje que normaliza la venganza violenta, con tono de amenaza o intimidación.	4
He construido mi organización sobre el miedo. Al Capone	5
El mensaje presenta comentario que celebra daño severo hacia otra persona sin describirlo gráficamente como algo aceptable o admirable; es altamente inadecuado para menores.	5
Comentario con comentario con tono molesto pero sin amenazas; puede ser poco amable, pero no llega a violencia real.	1
Contenido de riesgo máximo: mensaje que romantiza el crimen violento y sus consecuencias en un montaje dramático, claramente no apto para menores.	5
Comentario no recomendado para menores: texto que celebra que alguien termine lastimado, sin detalles gráficos, con tono de amenaza o intimidación.	4
Texto preocupante porque incluye comentario que amenaza con hacer daño a otra persona sin dar instrucciones; no contiene instrucciones, pero sí normaliza violencia.	4
Texto apto para menores sobre comentario positivo sobre un juego de mesa; no contiene agresión ni intimidación.	0
El mensaje presenta texto que amenaza con consecuencias violentas graves como algo aceptable o admirable; es altamente inadecuado para menores.	5
Comentario de riesgo 5 porque incluye mensaje que romantiza el crimen violento y sus consecuencias en un foro de adolescentes, con lenguaje de conflicto.	5
Texto de bajo riesgo: aparece discusión leve entre personajes sin insultos fuertes, sin amenazas ni daño físico.	1
Texto no apto para niños ni adolescentes: comentario que elogia a figuras criminales violentas, con normalización de violencia extrema.	5
El mensaje presenta mensaje que romantiza el crimen violento y sus consecuencias como algo aceptable o admirable; es altamente inadecuado para menores.	5
Texto de bajo riesgo: aparece comentario con tono molesto pero sin amenazas, sin amenazas ni daño físico.	1
Texto no apto para niños ni adolescentes: mensaje que glorifica violencia grave y la presenta como admirable, con normalización de violencia extrema.	5
El contenido presenta video donde se normaliza resolver conflictos con golpes en un foro de adolescentes, lo cual puede ser inadecuado para menores.	3
Comentario no recomendado para menores: texto que justifica golpear a alguien por una discusión, con tono de amenaza o intimidación.	4
Texto con violencia moderada: video con intimidación y contacto violento descrito a alto nivel, con enfoque poco saludable.	3
El contenido presenta video donde se normaliza resolver conflictos con golpes en un video de barrio, lo cual puede ser inadecuado para menores.	3
Mensaje con discusión fuerte donde nadie resulta herido en un comentario de redes, tratado como ficción o actividad controlada.	2
El mensaje usa comentario que usa intimidación para provocar miedo como forma de presión o miedo; no es adecuado para niños.	4
Mensaje problemático por video con intimidación y contacto violento descrito a alto nivel; describe violencia a alto nivel, sin detalles gráficos.	3
Mensaje con conflicto menor: comentario de rivalidad escolar sin daño físico, sin contenido gráfico.	1
Texto preocupante porque incluye comentario que amenaza con hacer daño a otra persona sin dar instrucciones; no contiene instrucciones, pero sí normaliza violencia.	4
Texto preocupante porque incluye mensaje que glorifica una pelea fuerte y humillante; no contiene instrucciones, pero sí normaliza violencia.	4
Mensaje con pelea leve de caricatura sin heridas ni miedo intenso en un video viral, tratado como ficción o actividad controlada.	2
estamo corriendo , pero para corretiar a las gallinas que empezaron a bolar	5
El texto menciona comentario que celebra una discusión que se vuelve física en una historia corta; no es apto para niños sin supervisión.	3
Comentario positivo de comentario sobre un video educativo sin lenguaje agresivo; es adecuado para un entorno infantil.	0
El contenido presenta comentario que alienta una revancha física sin explicar cómo en una animación oscura, lo cual puede ser inadecuado para menores.	3
Contenido de riesgo alto: comentario que amenaza con hacer daño a otra persona sin dar instrucciones en un foro de adolescentes, con glorificación de daño.	4
Comentario no recomendado para menores: mensaje que se burla de una víctima después de una agresión, con tono de amenaza o intimidación.	4
Contenido de riesgo máximo: texto que amenaza con consecuencias violentas graves en un video de barrio, claramente no apto para menores.	5
El mensaje incluye juego de batalla con accesorios de espuma en una transmisión en vivo; es acción leve y no gráfica.	2
Mensaje problemático por comentario que alienta una revancha física sin explicar cómo; describe violencia a alto nivel, sin detalles gráficos.	3
Texto con violencia moderada: comentario que minimiza una pelea real entre adolescentes, con tono intimidante.	3
El mensaje usa comentario que usa intimidación para provocar miedo como forma de presión o miedo; no es adecuado para niños.	4
Comentario de riesgo 5 porque incluye mensaje que trata la violencia extrema como espectáculo en un comentario de redes, con enfoque poco saludable.	5
Contenido de riesgo alto: mensaje que normaliza la venganza violenta en un montaje dramático, con glorificación de daño.	4
El texto menciona pelea callejera mencionada de forma general sin detalles gráficos en un foro de adolescentes; no es apto para niños sin supervisión.	3
Contenido de riesgo máximo: mensaje que presenta la crueldad como algo aceptable en una escena de acción, claramente no apto para menores.	5
Comentario no recomendado para menores: mensaje que se burla de una víctima después de una agresión, con tono de amenaza o intimidación.	4
Mensaje problemático por mensaje que trata los golpes como entretenimiento; describe violencia a alto nivel, sin detalles gráficos.	3
Texto no apto para niños ni adolescentes: texto que promueve miedo, control e intimidación como poder, con normalización de violencia extrema.	5
El mensaje incluye pelea leve de caricatura sin heridas ni miedo intenso en un video de reacción; es acción leve y no gráfica.	2
El texto menciona mensaje que describe una persecución agresiva sin detalles explícitos en una animación oscura; no es apto para niños sin supervisión.	3
Contenido de riesgo alto: comentario que presenta el daño físico como algo divertido en un video de barrio, con glorificación de daño.	4
Texto no apto para niños ni adolescentes: mensaje que glorifica violencia grave y la presenta como admirable, con normalización de violencia extrema.	5
jajajaja 😈😈	5
El texto menciona comentario que alienta una revancha física sin explicar cómo en un clip de internet; no es apto para niños sin supervisión.	3
las mayisitas sirven pero para subir videos domas jajajaja	5
Comentario de riesgo 5 porque incluye comentario que celebra daño severo hacia otra persona sin describirlo gráficamente en un video de barrio, con lenguaje de conflicto.	5
Texto apto para menores sobre mensaje familiar sobre un cuento animado; no contiene agresión ni intimidación.	0
El mensaje presenta texto que promueve miedo, control e intimidación como poder como algo aceptable o admirable; es altamente inadecuado para menores.	5
Comentario no recomendado para menores: comentario que usa intimidación para provocar miedo, con tono de amenaza o intimidación.	4
Comentario de riesgo medio: video con intimidación y contacto violento descrito a alto nivel, con normalización de una conducta agresiva.	3
El mensaje contiene discusión leve entre personajes sin insultos fuertes en una escena de acción, pero se mantiene en un nivel leve.	1
El texto menciona mensaje que describe una persecución agresiva sin detalles explícitos en un clip de internet; no es apto para niños sin supervisión.	3
El mensaje incluye juego de batalla con accesorios de espuma en una transmisión en vivo; es acción leve y no gráfica.	2
Contenido de riesgo máximo: comentario que elogia a figuras criminales violentas en una animación oscura, claramente no apto para menores.	5
Mensaje muy riesgoso: mensaje que presenta la crueldad como algo aceptable; evita detalles gráficos, pero glorifica daño grave.	5
Contenido de riesgo máximo: texto que amenaza con consecuencias violentas graves en un clip de internet, claramente no apto para menores.	5
Contenido de riesgo alto: comentario que usa intimidación para provocar miedo en un relato ficticio, con glorificación de daño.	4
El texto menciona escena donde varios personajes se enfrentan físicamente en una escena de acción; no es apto para niños sin supervisión.	3
Texto no apto para niños ni adolescentes: mensaje que trata la violencia extrema como espectáculo, con normalización de violencia extrema.	5
Texto con riesgo bajo-medio: video de acción con golpes simulados y tono ficticio, presentado sin daño explícito.	2
Mensaje problemático por comentario que celebra una discusión que se vuelve física; describe violencia a alto nivel, sin detalles gráficos.	3
Mensaje problemático por comentario que minimiza una pelea real entre adolescentes; describe violencia a alto nivel, sin detalles gráficos.	3
Contenido de riesgo máximo: mensaje que trata la violencia extrema como espectáculo en una animación oscura, claramente no apto para menores.	5
Contenido de riesgo alto: comentario que amenaza con hacer daño a otra persona sin dar instrucciones en una historia corta, con glorificación de daño.	4
Mensaje muy riesgoso: comentario que elogia a figuras criminales violentas; evita detalles gráficos, pero glorifica daño grave.	5
El texto muestra broma ruda entre amigos que no pasa a mayores en un clip de internet, con tono molesto pero controlado.	1
Mensaje de alto riesgo: comentario que usa intimidación para provocar miedo en una escena de acción, descrito de forma general.	4
Texto de bajo riesgo: aparece queja exagerada sobre perder un juego, sin amenazas ni daño físico.	1
El mensaje presenta comentario que celebra daño severo hacia otra persona sin describirlo gráficamente como algo aceptable o admirable; es altamente inadecuado para menores.	5
Texto no apto para niños ni adolescentes: mensaje que glorifica violencia grave y la presenta como admirable, con normalización de violencia extrema.	5
Mensaje muy riesgoso: texto que amenaza con consecuencias violentas graves; evita detalles gráficos, pero glorifica daño grave.	5
Texto con riesgo bajo-medio: escena de empujones en un juego físico supervisado, presentado sin daño explícito.	2
Contenido de riesgo máximo: texto que amenaza con consecuencias violentas graves en un video de reacción, claramente no apto para menores.	5
Comentario de riesgo 5 porque incluye comentario que normaliza hacer daño grave para ganar respeto en una historia corta, que requiere supervisión adulta.	5
Mensaje de alto riesgo: comentario que amenaza con hacer daño a otra persona sin dar instrucciones en un comentario de redes, con tono intimidante.	4
El mensaje presenta mensaje que trata la violencia extrema como espectáculo como algo aceptable o admirable; es altamente inadecuado para menores.	5
Texto con violencia moderada: comentario que alienta una revancha física sin explicar cómo, presentado como algo normal.	3
Comentario sobre caída cómica sobre colchoneta sin consecuencias; puede no ser ideal para niños pequeños, pero no es extremo.	2
Comentario de riesgo medio: comentario que minimiza una pelea real entre adolescentes, con normalización de una conducta agresiva.	3
El contenido menciona competencia deportiva con contacto controlado; requiere contexto, aunque no da instrucciones ni detalles gráficos.	2
Contenido de riesgo máximo: texto que celebra una agresión extrema sin detalles explícitos en una publicación de fans, claramente no apto para menores.	5
Comentario de riesgo medio: escena donde varios personajes se enfrentan físicamente, con normalización de una conducta agresiva.	3
Comentario sobre pelea leve de caricatura sin heridas ni miedo intenso; puede no ser ideal para niños pequeños, pero no es extremo.	2
Comentario no recomendado para menores: mensaje que glorifica una pelea fuerte y humillante, con tono de amenaza o intimidación.	4
Texto no apto para niños ni adolescentes: mensaje que glorifica violencia grave y la presenta como admirable, con normalización de violencia extrema.	5
El contenido menciona discusión fuerte donde nadie resulta herido; requiere contexto, aunque no da instrucciones ni detalles gráficos.	2
El mensaje presenta mensaje que trata la violencia extrema como espectáculo como algo aceptable o admirable; es altamente inadecuado para menores.	5
Mensaje de alto riesgo: mensaje que glorifica una pelea fuerte y humillante en una escena de acción, con lenguaje de conflicto.	4
Mensaje de alto riesgo: mensaje que glorifica una pelea fuerte y humillante en una escena de acción, presentado como algo normal.	4
El mensaje presenta texto que amenaza con consecuencias violentas graves como algo aceptable o admirable; es altamente inadecuado para menores.	5
Comentario no recomendado para menores: mensaje que normaliza la venganza violenta, con tono de amenaza o intimidación.	4
Texto con violencia moderada: escena donde varios personajes se enfrentan físicamente, con enfoque poco saludable.	3
El contenido presenta video con intimidación y contacto violento descrito a alto nivel en una historia corta, lo cual puede ser inadecuado para menores.	3
Texto no apto para niños ni adolescentes: texto que celebra una agresión extrema sin detalles explícitos, con normalización de violencia extrema.	5
El mensaje contiene discusión leve entre personajes sin insultos fuertes en una historia corta, pero se mantiene en un nivel leve.	1
Mensaje con caída cómica sobre colchoneta sin consecuencias en una publicación de fans, tratado como ficción o actividad controlada.	2
Mensaje muy riesgoso: mensaje que romantiza el crimen violento y sus consecuencias; evita detalles gráficos, pero glorifica daño grave.	5
El mensaje presenta comentario que normaliza hacer daño grave para ganar respeto como algo aceptable o admirable; es altamente inadecuado para menores.	5
Contenido de riesgo alto: texto que presume participar en actos agresivos en un foro de adolescentes, con glorificación de daño.	4
Mensaje de alto riesgo: comentario que usa intimidación para provocar miedo en un fragmento de película, con tono intimidante.	4
Contenido de riesgo alto: comentario que amenaza con hacer daño a otra persona sin dar instrucciones en un video de barrio, con glorificación de daño.	4
Texto con violencia moderada: mensaje que describe una persecución agresiva sin detalles explícitos, sin detalles explícitos.	3
Comentario de riesgo medio: mensaje que trata los golpes como entretenimiento, con normalización de una conducta agresiva.	3
El contenido presenta comentario que celebra una discusión que se vuelve física en un video de barrio, lo cual puede ser inadecuado para menores.	3
El texto muestra frase competitiva con enojo leve en una historia corta, con tono molesto pero controlado.	1
El contenido presenta comentario que minimiza una pelea real entre adolescentes en un video de barrio, lo cual puede ser inadecuado para menores.	3
Comentario de riesgo 5 porque incluye mensaje que romantiza el crimen violento y sus consecuencias en un video de reacción, no apto para niños pequeños.	5
El contenido presenta video donde se normaliza resolver conflictos con golpes en un montaje dramático, lo cual puede ser inadecuado para menores.	3
Contenido de riesgo máximo: texto que amenaza con consecuencias violentas graves en una publicación de fans, claramente no apto para menores.	5
Comentario de riesgo 5 porque incluye texto que amenaza con consecuencias violentas graves en un montaje dramático, no apto para niños pequeños.	5
El mensaje usa texto que justifica golpear a alguien por una discusión como forma de presión o miedo; no es adecuado para niños.	4
Comentario de riesgo medio: mensaje que describe una persecución agresiva sin detalles explícitos, con normalización de una conducta agresiva.	3
El texto menciona comentario que celebra una discusión que se vuelve física en un clip de internet; no es apto para niños sin supervisión.	3
El mensaje presenta mensaje que glorifica violencia grave y la presenta como admirable como algo aceptable o admirable; es altamente inadecuado para menores.	5
Mensaje de alto riesgo: texto que presume participar en actos agresivos en una animación oscura, sin detalles explícitos.	4
Texto con violencia moderada: comentario que celebra una discusión que se vuelve física, con una situación tensa.	3
El mensaje incluye entrenamiento de artes marciales con protección en una historia corta; es acción leve y no gráfica.	2
Mensaje de alto riesgo: texto que celebra que alguien termine lastimado, sin detalles gráficos en una historia corta, con una idea negativa para menores.	4
El mensaje contiene comentario de rivalidad escolar sin daño físico en un comentario de redes, pero se mantiene en un nivel leve.	1
El mensaje contiene broma ruda entre amigos que no pasa a mayores en un fragmento de película, pero se mantiene en un nivel leve.	1
Comentario de riesgo medio: mensaje que presenta la agresión como forma de ganar respeto, con normalización de una conducta agresiva.	3
Mensaje muy riesgoso: mensaje que presenta la crueldad como algo aceptable; evita detalles gráficos, pero glorifica daño grave.	5
Comentario de riesgo 5 porque incluye texto que celebra una agresión extrema sin detalles explícitos en una publicación de fans, con lenguaje de conflicto.	5
El texto menciona mensaje que presenta la agresión como forma de ganar respeto en una historia corta; no es apto para niños sin supervisión.	3
Texto con riesgo bajo-medio: escena de empujones en un juego físico supervisado, presentado sin daño explícito.	2
Mensaje de alto riesgo: comentario que usa intimidación para provocar miedo en una discusión grabada, con tono intimidante.	4
Texto con riesgo bajo-medio: video de acción con golpes simulados y tono ficticio, presentado sin daño explícito.	2
Comentario positivo de comentario amable sobre una canción infantil; es adecuado para un entorno infantil.	0
Mensaje de alto riesgo: texto que justifica golpear a alguien por una discusión en una historia corta, presentado como algo normal.	4
Contenido de riesgo alto: comentario que amenaza con hacer daño a otra persona sin dar instrucciones en un video viral, con glorificación de daño.	4
El mensaje presenta mensaje que glorifica violencia grave y la presenta como admirable como algo aceptable o admirable; es altamente inadecuado para menores.	5
Contenido de riesgo máximo: comentario que celebra daño severo hacia otra persona sin describirlo gráficamente en una transmisión en vivo, claramente no apto para menores.	5
Comentario positivo de comentario positivo sobre un juego de mesa; es adecuado para un entorno infantil.	0
Contenido de riesgo máximo: mensaje que trata la violencia extrema como espectáculo en un comentario de redes, claramente no apto para menores.	5
Texto no apto para niños ni adolescentes: mensaje que romantiza el crimen violento y sus consecuencias, con normalización de violencia extrema.	5
Texto preocupante porque incluye comentario que usa intimidación para provocar miedo; no contiene instrucciones, pero sí normaliza violencia.	4
Contenido de riesgo alto: comentario que invita a responder a los problemas con violencia en un relato ficticio, con glorificación de daño.	4
Comentario positivo de opinión neutral sobre una receta sencilla; es adecuado para un entorno infantil.	0
El contenido menciona escena de choque leve presentada como comedia; requiere contexto, aunque no da instrucciones ni detalles gráficos.	2
Mensaje problemático por comentario que minimiza una pelea real entre adolescentes; describe violencia a alto nivel, sin detalles gráficos.	3
Comentario de riesgo 5 porque incluye texto que celebra una agresión extrema sin detalles explícitos en una historia corta, con lenguaje de conflicto.	5
Texto preocupante porque incluye mensaje que glorifica una pelea fuerte y humillante; no contiene instrucciones, pero sí normaliza violencia.	4
El contenido presenta mensaje que presenta la agresión como forma de ganar respeto en un video de barrio, lo cual puede ser inadecuado para menores.	3
El mensaje incluye entrenamiento de artes marciales con protección en un comentario de redes; es acción leve y no gráfica.	2
El texto menciona comentario que minimiza una pelea real entre adolescentes en una animación oscura; no es apto para niños sin supervisión.	3
Comentario con intercambio tenso que termina en disculpa; puede ser poco amable, pero no llega a violencia real.	1
Mensaje muy riesgoso: mensaje que presenta la crueldad como algo aceptable; evita detalles gráficos, pero glorifica daño grave.	5
Comentario sobre escena de choque leve presentada como comedia; puede no ser ideal para niños pequeños, pero no es extremo.	2
Comentario sin riesgo: habla de comentario positivo sobre un juego de mesa, sin violencia ni amenazas.	0
Contenido de riesgo alto: mensaje que se burla de una víctima después de una agresión en un foro de adolescentes, con glorificación de daño.	4
Contenido de riesgo alto: texto que justifica golpear a alguien por una discusión en una discusión grabada, con glorificación de daño.	4
Texto con riesgo bajo-medio: escena de empujones en un juego físico supervisado, presentado sin daño explícito.	2
Texto con violencia moderada: comentario que minimiza una pelea real entre adolescentes, que puede asustar a menores.	3
Mensaje problemático por comentario que celebra una discusión que se vuelve física; describe violencia a alto nivel, sin detalles gráficos.	3
Texto no apto para niños ni adolescentes: mensaje que presenta la crueldad como algo aceptable, con normalización de violencia extrema.	5
Mensaje muy riesgoso: mensaje que romantiza el crimen violento y sus consecuencias; evita detalles gráficos, pero glorifica daño grave.	5
Contenido de riesgo máximo: mensaje que presenta la crueldad como algo aceptable en una escena de acción, claramente no apto para menores.	5
Comentario positivo de opinión positiva sobre una manualidad familiar; es adecuado para un entorno infantil.	0
El texto menciona video donde se normaliza resolver conflictos con golpes en un clip de internet; no es apto para niños sin supervisión.	3
Contenido de riesgo máximo: mensaje que glorifica violencia grave y la presenta como admirable en un video de reacción, claramente no apto para menores.	5
El mensaje incluye caída cómica sobre colchoneta sin consecuencias en un video de barrio; es acción leve y no gráfica.	2
Contenido de riesgo máximo: comentario que normaliza hacer daño grave para ganar respeto en una historia corta, claramente no apto para menores.	5
Texto con violencia moderada: pelea callejera mencionada de forma general sin detalles gráficos, con tono intimidante.	3
El contenido presenta comentario que alienta una revancha física sin explicar cómo en una animación oscura, lo cual puede ser inadecuado para menores.	3
El texto menciona mensaje que trata los golpes como entretenimiento en un video viral; no es apto para niños sin supervisión.	3
Comentario no recomendado para menores: comentario que presenta el daño físico como algo divertido, con tono de amenaza o intimidación.	4
El mensaje presenta texto que celebra una agresión extrema sin detalles explícitos como algo aceptable o admirable; es altamente inadecuado para menores.	5
Contenido de riesgo máximo: texto que amenaza con consecuencias violentas graves en una publicación de fans, claramente no apto para menores.	5
Texto de bajo riesgo: aparece escena de empujón accidental tratada como humor, sin amenazas ni daño físico.	1
Mensaje problemático por pelea callejera mencionada de forma general sin detalles gráficos; describe violencia a alto nivel, sin detalles gráficos.	3
El contenido menciona persecución ficticia sin daño real; requiere contexto, aunque no da instrucciones ni detalles gráficos.	2
El mensaje presenta mensaje que presenta la crueldad como algo aceptable como algo aceptable o admirable; es altamente inadecuado para menores.	5
Comentario de riesgo 5 porque incluye comentario que celebra daño severo hacia otra persona sin describirlo gráficamente en un fragmento de película, con lenguaje de conflicto.	5
Contenido de riesgo máximo: mensaje que presenta la crueldad como algo aceptable en un fragmento de película, claramente no apto para menores.	5
pura 4 LETRAS	5
El mensaje presenta comentario que celebra daño severo hacia otra persona sin describirlo gráficamente como algo aceptable o admirable; es altamente inadecuado para menores.	5
Contenido de riesgo alto: mensaje que normaliza la venganza violenta en una discusión grabada, con glorificación de daño.	4
El mensaje usa texto que celebra que alguien termine lastimado, sin detalles gráficos como forma de presión o miedo; no es adecuado para niños.	4
Contenido de riesgo máximo: comentario que elogia a figuras criminales violentas en un comentario de redes, claramente no apto para menores.	5
Mensaje de alto riesgo: comentario que invita a responder a los problemas con violencia en un video viral, descrito de forma general.	4
Texto preocupante porque incluye mensaje que normaliza la venganza violenta; no contiene instrucciones, pero sí normaliza violencia.	4
El mensaje incluye persecución ficticia sin daño real en un video de barrio; es acción leve y no gráfica.	2
El texto menciona mensaje que describe una persecución agresiva sin detalles explícitos en una publicación de fans; no es apto para niños sin supervisión.	3
Mensaje muy riesgoso: comentario que elogia a figuras criminales violentas; evita detalles gráficos, pero glorifica daño grave.	5
Texto con violencia moderada: mensaje que describe una persecución agresiva sin detalles explícitos, con enfoque poco saludable.	3
Contenido de riesgo máximo: mensaje que trata la violencia extrema como espectáculo en una escena de acción, claramente no apto para menores.	5
El mensaje usa mensaje que normaliza la venganza violenta como forma de presión o miedo; no es adecuado para niños.	4
Contenido de riesgo máximo: mensaje que glorifica violencia grave y la presenta como admirable en un foro de adolescentes, claramente no apto para menores.	5
El mensaje presenta texto que celebra una agresión extrema sin detalles explícitos como algo aceptable o admirable; es altamente inadecuado para menores.	5
El mensaje usa mensaje que normaliza la venganza violenta como forma de presión o miedo; no es adecuado para niños.	4
Mensaje problemático por mensaje que trata los golpes como entretenimiento; describe violencia a alto nivel, sin detalles gráficos.	3
Texto no apto para niños ni adolescentes: comentario que elogia a figuras criminales violentas, con normalización de violencia extrema.	5
Texto con riesgo bajo-medio: escena de choque leve presentada como comedia, presentado sin daño explícito.	2
El mensaje incluye juego de batalla con accesorios de espuma en una publicación de fans; es acción leve y no gráfica.	2
Comentario no recomendado para menores: mensaje que normaliza la venganza violenta, con tono de amenaza o intimidación.	4
jajaja siempre corren no saben otra	5
Contenido de riesgo máximo: comentario que normaliza hacer daño grave para ganar respeto en una historia corta, claramente no apto para menores.	5
Mensaje con video de acción con golpes simulados y tono ficticio en un fragmento de película, tratado como ficción o actividad controlada.	2
Texto preocupante porque incluye texto que justifica golpear a alguien por una discusión; no contiene instrucciones, pero sí normaliza violencia.	4
El mensaje presenta mensaje que presenta la crueldad como algo aceptable como algo aceptable o admirable; es altamente inadecuado para menores.	5
Contenido de riesgo alto: texto que justifica golpear a alguien por una discusión en un montaje dramático, con glorificación de daño.	4
El mensaje incluye persecución ficticia sin daño real en un relato ficticio; es acción leve y no gráfica.	2
Mensaje de alto riesgo: mensaje que glorifica una pelea fuerte y humillante en una escena de acción, con una idea negativa para menores.	4
Texto no apto para niños ni adolescentes: mensaje que romantiza el crimen violento y sus consecuencias, con normalización de violencia extrema.	5
Contenido de riesgo máximo: texto que amenaza con consecuencias violentas graves en un video de reacción, claramente no apto para menores.	5
Mensaje de alto riesgo: comentario que amenaza con hacer daño a otra persona sin dar instrucciones en un video de barrio, con lenguaje de conflicto.	4
Texto apto para menores sobre comentario sobre un video educativo sin lenguaje agresivo; no contiene agresión ni intimidación.	0
Texto apto para menores sobre mensaje respetuoso en un video de ciencia para niños; no contiene agresión ni intimidación.	0
Texto con violencia moderada: comentario que alienta una revancha física sin explicar cómo, sin detalles explícitos.	3
Comentario sin riesgo: habla de opinión neutral sobre una receta sencilla, sin violencia ni amenazas.	0
Soy como cualquier otro hombre. Todo lo que hago es cubrir una demanda. Al Capone	5
Comentario no recomendado para menores: comentario que presenta el daño físico como algo divertido, con tono de amenaza o intimidación.	4
Mensaje tranquilo sobre opinión positiva sobre una manualidad familiar, con lenguaje amable y familiar.	0
Contenido de riesgo máximo: comentario que normaliza hacer daño grave para ganar respeto en un relato ficticio, claramente no apto para menores.	5
aki en sinaloa apoyamos al señor de los gallos puro 4 letras asi nomas	5
El texto menciona mensaje que presenta la agresión como forma de ganar respeto en un clip de internet; no es apto para niños sin supervisión.	3
El mensaje presenta texto que promueve miedo, control e intimidación como poder como algo aceptable o admirable; es altamente inadecuado para menores.	5
Comentario sin riesgo: habla de mensaje familiar sobre un cuento animado, sin violencia ni amenazas.	0
Texto no apto para niños ni adolescentes: mensaje que presenta la crueldad como algo aceptable, con normalización de violencia extrema.	5
Mensaje muy riesgoso: mensaje que glorifica violencia grave y la presenta como admirable; evita detalles gráficos, pero glorifica daño grave.	5
Texto con violencia moderada: mensaje que describe una persecución agresiva sin detalles explícitos, que puede asustar a menores.	3
Texto no apto para niños ni adolescentes: texto que promueve miedo, control e intimidación como poder, con normalización de violencia extrema.	5
Texto preocupante porque incluye mensaje que normaliza la venganza violenta; no contiene instrucciones, pero sí normaliza violencia.	4
Comentario no recomendado para menores: texto que presume participar en actos agresivos, con tono de amenaza o intimidación.	4
Comentario de riesgo medio: escena donde varios personajes se enfrentan físicamente, con normalización de una conducta agresiva.	3
Comentario no recomendado para menores: texto que celebra que alguien termine lastimado, sin detalles gráficos, con tono de amenaza o intimidación.	4
Texto no apto para niños ni adolescentes: mensaje que presenta la crueldad como algo aceptable, con normalización de violencia extrema.	5
El mensaje contiene broma ruda entre amigos que no pasa a mayores en un foro de adolescentes, pero se mantiene en un nivel leve.	1
Comentario no recomendado para menores: texto que justifica golpear a alguien por una discusión, con tono de amenaza o intimidación.	4
Texto no apto para niños ni adolescentes: texto que celebra una agresión extrema sin detalles explícitos, con normalización de violencia extrema.	5
Contenido de riesgo alto: mensaje que se burla de una víctima después de una agresión en una publicación de fans, con glorificación de daño.	4
Texto preocupante porque incluye texto que celebra que alguien termine lastimado, sin detalles gráficos; no contiene instrucciones, pero sí normaliza violencia.	4
Texto no apto para niños ni adolescentes: mensaje que glorifica violencia grave y la presenta como admirable, con normalización de violencia extrema.	5
Comentario no recomendado para menores: comentario que amenaza con hacer daño a otra persona sin dar instrucciones, con tono de amenaza o intimidación.	4
Mensaje con conflicto menor: frase competitiva con enojo leve, sin contenido gráfico.	1
Comentario con intercambio tenso que termina en disculpa; puede ser poco amable, pero no llega a violencia real.	1
Contenido de riesgo máximo: texto que promueve miedo, control e intimidación como poder en una publicación de fans, claramente no apto para menores.	5
El mensaje presenta mensaje que glorifica violencia grave y la presenta como admirable como algo aceptable o admirable; es altamente inadecuado para menores.	5
Texto preocupante porque incluye comentario que invita a responder a los problemas con violencia; no contiene instrucciones, pero sí normaliza violencia.	4
Comentario con comentario de rivalidad escolar sin daño físico; puede ser poco amable, pero no llega a violencia real.	1
El mensaje presenta texto que amenaza con consecuencias violentas graves como algo aceptable o admirable; es altamente inadecuado para menores.	5
Mensaje de alto riesgo: texto que celebra que alguien termine lastimado, sin detalles gráficos en un montaje dramático, sin detalles explícitos.	4
Contenido de riesgo alto: mensaje que glorifica una pelea fuerte y humillante en un video de reacción, con glorificación de daño.	4
El contenido menciona pelea leve de caricatura sin heridas ni miedo intenso; requiere contexto, aunque no da instrucciones ni detalles gráficos.	2
Mensaje con conflicto menor: comentario de rivalidad escolar sin daño físico, sin contenido gráfico.	1
Mensaje muy riesgoso: texto que promueve miedo, control e intimidación como poder; evita detalles gráficos, pero glorifica daño grave.	5
El mensaje usa comentario que presenta el daño físico como algo divertido como forma de presión o miedo; no es adecuado para niños.	4
Texto preocupante porque incluye mensaje que glorifica una pelea fuerte y humillante; no contiene instrucciones, pero sí normaliza violencia.	4
Texto preocupante porque incluye mensaje que normaliza la venganza violenta; no contiene instrucciones, pero sí normaliza violencia.	4
El texto menciona mensaje que trata los golpes como entretenimiento en un relato ficticio; no es apto para niños sin supervisión.	3
Comentario positivo de mensaje familiar sobre un cuento animado; es adecuado para un entorno infantil.	0
Comentario de riesgo medio: video donde se normaliza resolver conflictos con golpes, con normalización de una conducta agresiva.	3
Comentario de riesgo 5 porque incluye comentario que normaliza hacer daño grave para ganar respeto en un video de barrio, con enfoque poco saludable.	5
Texto con violencia moderada: comentario que alienta una revancha física sin explicar cómo, con tono intimidante.	3
Comentario sobre persecución ficticia sin daño real; puede no ser ideal para niños pequeños, pero no es extremo.	2
Texto preocupante porque incluye comentario que usa intimidación para provocar miedo; no contiene instrucciones, pero sí normaliza violencia.	4
Texto con riesgo bajo-medio: escena de choque leve presentada como comedia, presentado sin daño explícito.	2
El contenido presenta comentario que minimiza una pelea real entre adolescentes en un comentario de redes, lo cual puede ser inadecuado para menores.	3
El texto menciona escena donde varios personajes se enfrentan físicamente en una discusión grabada; no es apto para niños sin supervisión.	3
El contenido menciona escena de empujones en un juego físico supervisado; requiere contexto, aunque no da instrucciones ni detalles gráficos.	2
Mensaje con escena de empujones en un juego físico supervisado en una escena de acción, tratado como ficción o actividad controlada.	2
Del hambre nació la picardía. Pablo Escobar	5
Contenido de riesgo alto: comentario que amenaza con hacer daño a otra persona sin dar instrucciones en un video de barrio, con glorificación de daño.	4
Mensaje problemático por video con intimidación y contacto violento descrito a alto nivel; describe violencia a alto nivel, sin detalles gráficos.	3
Mensaje problemático por comentario que alienta una revancha física sin explicar cómo; describe violencia a alto nivel, sin detalles gráficos.	3
El silencio es el arma más poderosa que tiene un hombre de negocios. Miguel Ángel Félix Gallardo	5
El contenido menciona persecución ficticia sin daño real; requiere contexto, aunque no da instrucciones ni detalles gráficos.	2
Contenido de riesgo alto: texto que presume participar en actos agresivos en un clip de internet, con glorificación de daño.	4
Comentario sobre video de acción con golpes simulados y tono ficticio; puede no ser ideal para niños pequeños, pero no es extremo.	2
Texto de bajo riesgo: aparece queja exagerada sobre perder un juego, sin amenazas ni daño físico.	1
El mensaje presenta comentario que celebra daño severo hacia otra persona sin describirlo gráficamente como algo aceptable o admirable; es altamente inadecuado para menores.	5
Contenido de riesgo máximo: comentario que celebra daño severo hacia otra persona sin describirlo gráficamente en un fragmento de película, claramente no apto para menores.	5
Comentario de riesgo medio: video con intimidación y contacto violento descrito a alto nivel, con normalización de una conducta agresiva.	3
Comentario de riesgo 5 porque incluye mensaje que glorifica violencia grave y la presenta como admirable en un comentario de redes, que puede asustar a menores.	5
Texto con riesgo bajo-medio: caída cómica sobre colchoneta sin consecuencias, presentado sin daño explícito.	2
Contenido de riesgo máximo: texto que promueve miedo, control e intimidación como poder en un video de barrio, claramente no apto para menores.	5
Texto no apto para niños ni adolescentes: comentario que celebra daño severo hacia otra persona sin describirlo gráficamente, con normalización de violencia extrema.	5
Mensaje tranquilo sobre reacción tranquila a un video de mascotas, con lenguaje amable y familiar.	0
El negocio del tráfico de drogas no va a terminar porque con el paso del tiempo somos más personas, y esto nunca va a cesar. Chapo Guzmán	5
Comentario sobre caída cómica sobre colchoneta sin consecuencias; puede no ser ideal para niños pequeños, pero no es extremo.	2
El texto menciona mensaje que describe una persecución agresiva sin detalles explícitos en un foro de adolescentes; no es apto para niños sin supervisión.	3
El mensaje incluye caída cómica sobre colchoneta sin consecuencias en una historia corta; es acción leve y no gráfica.	2
El texto muestra queja exagerada sobre perder un juego en un fragmento de película, con tono molesto pero controlado.	1
El contenido presenta escena donde varios personajes se enfrentan físicamente en un video viral, lo cual puede ser inadecuado para menores.	3
Mensaje muy riesgoso: mensaje que presenta la crueldad como algo aceptable; evita detalles gráficos, pero glorifica daño grave.	5
Texto no apto para niños ni adolescentes: texto que amenaza con consecuencias violentas graves, con normalización de violencia extrema.	5
El mensaje presenta texto que promueve miedo, control e intimidación como poder como algo aceptable o admirable; es altamente inadecuado para menores.	5
Texto no apto para niños ni adolescentes: texto que amenaza con consecuencias violentas graves, con normalización de violencia extrema.	5
El contenido menciona entrenamiento de artes marciales con protección; requiere contexto, aunque no da instrucciones ni detalles gráficos.	2
Texto preocupante porque incluye mensaje que se burla de una víctima después de una agresión; no contiene instrucciones, pero sí normaliza violencia.	4
El mensaje presenta texto que celebra una agresión extrema sin detalles explícitos como algo aceptable o admirable; es altamente inadecuado para menores.	5
Contenido de riesgo alto: comentario que invita a responder a los problemas con violencia en un clip de internet, con glorificación de daño.	4
Texto preocupante porque incluye comentario que presenta el daño físico como algo divertido; no contiene instrucciones, pero sí normaliza violencia.	4
El mensaje contiene queja exagerada sobre perder un juego en una transmisión en vivo, pero se mantiene en un nivel leve.	1
Mensaje problemático por comentario que celebra una discusión que se vuelve física; describe violencia a alto nivel, sin detalles gráficos.	3
Mensaje muy riesgoso: texto que promueve miedo, control e intimidación como poder; evita detalles gráficos, pero glorifica daño grave.	5
El contenido menciona pelea leve de caricatura sin heridas ni miedo intenso; requiere contexto, aunque no da instrucciones ni detalles gráficos.	2
Texto no apto para niños ni adolescentes: mensaje que glorifica violencia grave y la presenta como admirable, con normalización de violencia extrema.	5
El mensaje incluye juego de batalla con accesorios de espuma en una animación oscura; es acción leve y no gráfica.	2
Mensaje problemático por escena donde varios personajes se enfrentan físicamente; describe violencia a alto nivel, sin detalles gráficos.	3
El contenido presenta pelea callejera mencionada de forma general sin detalles gráficos en un montaje dramático, lo cual puede ser inadecuado para menores.	3
Mensaje con conflicto menor: intercambio tenso que termina en disculpa, sin contenido gráfico.	1
es lo primero q hacen los ********	5
Texto preocupante porque incluye mensaje que normaliza la venganza violenta; no contiene instrucciones, pero sí normaliza violencia.	4
Comentario no recomendado para menores: mensaje que se burla de una víctima después de una agresión, con tono de amenaza o intimidación.	4
Contenido de riesgo máximo: mensaje que trata la violencia extrema como espectáculo en un video viral, claramente no apto para menores.	5
Texto con violencia moderada: video con intimidación y contacto violento descrito a alto nivel, descrito de forma general.	3
Comentario de riesgo medio: pelea callejera mencionada de forma general sin detalles gráficos, con normalización de una conducta agresiva.	3
Comentario no recomendado para menores: comentario que usa intimidación para provocar miedo, con tono de amenaza o intimidación.	4
Comentario de riesgo medio: mensaje que describe una persecución agresiva sin detalles explícitos, con normalización de una conducta agresiva.	3
El mensaje presenta comentario que normaliza hacer daño grave para ganar respeto como algo aceptable o admirable; es altamente inadecuado para menores.	5
Texto no apto para niños ni adolescentes: texto que promueve miedo, control e intimidación como poder, con normalización de violencia extrema.	5
La gente de alguna manera trata de saber qué se siente, o qué sabor tiene. Y ahí va creciendo la adicción. Chapo Guzmán	5
Comentario no recomendado para menores: comentario que invita a responder a los problemas con violencia, con tono de amenaza o intimidación.	4
El mensaje presenta mensaje que romantiza el crimen violento y sus consecuencias como algo aceptable o admirable; es altamente inadecuado para menores.	5
El mensaje presenta texto que amenaza con consecuencias violentas graves como algo aceptable o admirable; es altamente inadecuado para menores.	5
Mensaje de alto riesgo: mensaje que normaliza la venganza violenta en una publicación de fans, con tono intimidante.	4
El texto menciona mensaje que describe una persecución agresiva sin detalles explícitos en una publicación de fans; no es apto para niños sin supervisión.	3
Comentario de riesgo 5 porque incluye mensaje que presenta la crueldad como algo aceptable en una transmisión en vivo, con lenguaje de conflicto.	5
Contenido de riesgo alto: mensaje que glorifica una pelea fuerte y humillante en una animación oscura, con glorificación de daño.	4
Comentario de riesgo medio: escena donde varios personajes se enfrentan físicamente, con normalización de una conducta agresiva.	3
Comentario con comentario con tono molesto pero sin amenazas; puede ser poco amable, pero no llega a violencia real.	1
Mensaje de alto riesgo: comentario que usa intimidación para provocar miedo en un montaje dramático, que puede asustar a menores.	4
Comentario con desafío verbal algo brusco pero sin violencia; puede ser poco amable, pero no llega a violencia real.	1
Mensaje muy riesgoso: mensaje que trata la violencia extrema como espectáculo; evita detalles gráficos, pero glorifica daño grave.	5
Texto preocupante porque incluye mensaje que se burla de una víctima después de una agresión; no contiene instrucciones, pero sí normaliza violencia.	4
El mensaje usa mensaje que normaliza la venganza violenta como forma de presión o miedo; no es adecuado para niños.	4
Contenido de riesgo máximo: mensaje que presenta la crueldad como algo aceptable en una animación oscura, claramente no apto para menores.	5
El texto menciona video donde se normaliza resolver conflictos con golpes en una escena de acción; no es apto para niños sin supervisión.	3
Texto no apto para niños ni adolescentes: mensaje que trata la violencia extrema como espectáculo, con normalización de violencia extrema.	5
Texto no apto para niños ni adolescentes: texto que amenaza con consecuencias violentas graves, con normalización de violencia extrema.	5
Contenido de riesgo máximo: comentario que celebra daño severo hacia otra persona sin describirlo gráficamente en un comentario de redes, claramente no apto para menores.	5
El mensaje presenta comentario que elogia a figuras criminales violentas como algo aceptable o admirable; es altamente inadecuado para menores.	5
Mensaje problemático por video donde se normaliza resolver conflictos con golpes; describe violencia a alto nivel, sin detalles gráficos.	3
Texto preocupante porque incluye comentario que presenta el daño físico como algo divertido; no contiene instrucciones, pero sí normaliza violencia.	4
Contenido de riesgo alto: texto que presume participar en actos agresivos en un video viral, con glorificación de daño.	4
Comentario sobre escena de empujones en un juego físico supervisado; puede no ser ideal para niños pequeños, pero no es extremo.	2
Contenido de riesgo máximo: texto que celebra una agresión extrema sin detalles explícitos en un fragmento de película, claramente no apto para menores.	5
Mensaje problemático por video donde se normaliza resolver conflictos con golpes; describe violencia a alto nivel, sin detalles gráficos.	3
Texto preocupante porque incluye mensaje que normaliza la venganza violenta; no contiene instrucciones, pero sí normaliza violencia.	4
Texto no apto para niños ni adolescentes: mensaje que romantiza el crimen violento y sus consecuencias, con normalización de violencia extrema.	5
Mensaje con escena de empujones en un juego físico supervisado en una historia corta, tratado como ficción o actividad controlada.	2
Comentario sin riesgo: habla de mensaje familiar sobre un cuento animado, sin violencia ni amenazas.	0
El texto muestra comentario de rivalidad escolar sin daño físico en una publicación de fans, con tono molesto pero controlado.	1
puras 4 🫡💀	5
Mensaje problemático por mensaje que trata los golpes como entretenimiento; describe violencia a alto nivel, sin detalles gráficos.	3
El mensaje incluye video de acción con golpes simulados y tono ficticio en una escena de acción; es acción leve y no gráfica.	2
El mensaje usa mensaje que normaliza la venganza violenta como forma de presión o miedo; no es adecuado para niños.	4
Mensaje de alto riesgo: comentario que presenta el daño físico como algo divertido en un comentario de redes, con tono intimidante.	4
Contenido de riesgo alto: texto que justifica golpear a alguien por una discusión en un foro de adolescentes, con glorificación de daño.	4
Comentario de riesgo 5 porque incluye texto que celebra una agresión extrema sin detalles explícitos en un relato ficticio, descrito de forma general.	5
Texto no apto para niños ni adolescentes: mensaje que trata la violencia extrema como espectáculo, con normalización de violencia extrema.	5
Texto con riesgo bajo-medio: escena de choque leve presentada como comedia, presentado sin daño explícito.	2
Texto no apto para niños ni adolescentes: mensaje que trata la violencia extrema como espectáculo, con normalización de violencia extrema.	5
Mensaje de alto riesgo: mensaje que normaliza la venganza violenta en un video de barrio, con tono intimidante.	4
Mensaje con escena de choque leve presentada como comedia en un clip de internet, tratado como ficción o actividad controlada.	2
El contenido menciona escena de choque leve presentada como comedia; requiere contexto, aunque no da instrucciones ni detalles gráficos.	2
Comentario sobre escena de choque leve presentada como comedia; puede no ser ideal para niños pequeños, pero no es extremo.	2
Contenido de riesgo alto: texto que presume participar en actos agresivos en un clip de internet, con glorificación de daño.	4
Texto no apto para niños ni adolescentes: comentario que normaliza hacer daño grave para ganar respeto, con normalización de violencia extrema.	5
Comentario con comentario con tono molesto pero sin amenazas; puede ser poco amable, pero no llega a violencia real.	1
Mensaje problemático por mensaje que presenta la agresión como forma de ganar respeto; describe violencia a alto nivel, sin detalles gráficos.	3
Texto no apto para niños ni adolescentes: comentario que celebra daño severo hacia otra persona sin describirlo gráficamente, con normalización de violencia extrema.	5
Contenido de riesgo alto: mensaje que glorifica una pelea fuerte y humillante en una publicación de fans, con glorificación de daño.	4
Texto con violencia moderada: comentario que alienta una revancha física sin explicar cómo, descrito de forma general.	3
Texto con violencia moderada: mensaje que describe una persecución agresiva sin detalles explícitos, con enfoque poco saludable.	3
Mensaje de alto riesgo: texto que presume participar en actos agresivos en un fragmento de película, presentado como algo normal.	4
Texto con violencia moderada: video con intimidación y contacto violento descrito a alto nivel, con una situación tensa.	3
Contenido de riesgo máximo: texto que amenaza con consecuencias violentas graves en un clip de internet, claramente no apto para menores.	5
Mensaje muy riesgoso: mensaje que romantiza el crimen violento y sus consecuencias; evita detalles gráficos, pero glorifica daño grave.	5
Comentario sobre entrenamiento de artes marciales con protección; puede no ser ideal para niños pequeños, pero no es extremo.	2
Texto preocupante porque incluye texto que presume participar en actos agresivos; no contiene instrucciones, pero sí normaliza violencia.	4
Comentario de riesgo 5 porque incluye comentario que elogia a figuras criminales violentas en una animación oscura, presentado como algo normal.	5
Comentario de riesgo medio: video donde se normaliza resolver conflictos con golpes, con normalización de una conducta agresiva.	3
El mensaje incluye entrenamiento de artes marciales con protección en una discusión grabada; es acción leve y no gráfica.	2
Texto no apto para niños ni adolescentes: mensaje que romantiza el crimen violento y sus consecuencias, con normalización de violencia extrema.	5
El contenido presenta comentario que minimiza una pelea real entre adolescentes en un relato ficticio, lo cual puede ser inadecuado para menores.	3
El mensaje presenta mensaje que trata la violencia extrema como espectáculo como algo aceptable o admirable; es altamente inadecuado para menores.	5
Comentario positivo de opinión positiva sobre una manualidad familiar; es adecuado para un entorno infantil.	0
Contenido de riesgo alto: texto que celebra que alguien termine lastimado, sin detalles gráficos en un montaje dramático, con glorificación de daño.	4
Texto con violencia moderada: comentario que alienta una revancha física sin explicar cómo, presentado como algo normal.	3
Mensaje muy riesgoso: mensaje que presenta la crueldad como algo aceptable; evita detalles gráficos, pero glorifica daño grave.	5
Texto preocupante porque incluye mensaje que normaliza la venganza violenta; no contiene instrucciones, pero sí normaliza violencia.	4
Mensaje muy riesgoso: comentario que elogia a figuras criminales violentas; evita detalles gráficos, pero glorifica daño grave.	5
Texto preocupante porque incluye comentario que presenta el daño físico como algo divertido; no contiene instrucciones, pero sí normaliza violencia.	4
El mensaje presenta texto que promueve miedo, control e intimidación como poder como algo aceptable o admirable; es altamente inadecuado para menores.	5
Comentario de riesgo medio: mensaje que trata los golpes como entretenimiento, con normalización de una conducta agresiva.	3
Comentario de riesgo 5 porque incluye texto que celebra una agresión extrema sin detalles explícitos en un video de barrio, con una situación tensa.	5
Comentario sin riesgo: habla de reacción alegre a un video de baile, sin violencia ni amenazas.	0
Texto no apto para niños ni adolescentes: texto que amenaza con consecuencias violentas graves, con normalización de violencia extrema.	5
El contenido presenta video con intimidación y contacto violento descrito a alto nivel en un comentario de redes, lo cual puede ser inadecuado para menores.	3
El mensaje contiene comentario de rivalidad escolar sin daño físico en un fragmento de película, pero se mantiene en un nivel leve.	1
El mensaje contiene intercambio tenso que termina en disculpa en una publicación de fans, pero se mantiene en un nivel leve.	1
El mensaje presenta comentario que elogia a figuras criminales violentas como algo aceptable o admirable; es altamente inadecuado para menores.	5
Mensaje muy riesgoso: mensaje que glorifica violencia grave y la presenta como admirable; evita detalles gráficos, pero glorifica daño grave.	5
El mensaje presenta texto que amenaza con consecuencias violentas graves como algo aceptable o admirable; es altamente inadecuado para menores.	5
El mensaje incluye competencia deportiva con contacto controlado en una animación oscura; es acción leve y no gráfica.	2
Texto con violencia moderada: escena donde varios personajes se enfrentan físicamente, con una idea negativa para menores.	3
Comentario de riesgo 5 porque incluye mensaje que presenta la crueldad como algo aceptable en una discusión grabada, que requiere supervisión adulta.	5
Comentario no recomendado para menores: texto que justifica golpear a alguien por una discusión, con tono de amenaza o intimidación.	4
El mensaje usa comentario que presenta el daño físico como algo divertido como forma de presión o miedo; no es adecuado para niños.	4
Mensaje problemático por mensaje que describe una persecución agresiva sin detalles explícitos; describe violencia a alto nivel, sin detalles gráficos.	3
Mensaje de alto riesgo: comentario que invita a responder a los problemas con violencia en un clip de internet, descrito de forma general.	4
El mensaje es seguro: trata de mensaje respetuoso en un video de ciencia para niños y mantiene un tono respetuoso.	0
Contenido de riesgo alto: comentario que invita a responder a los problemas con violencia en un fragmento de película, con glorificación de daño.	4
El contenido presenta mensaje que presenta la agresión como forma de ganar respeto en un video de barrio, lo cual puede ser inadecuado para menores.	3
Hay que tener días malos para darse cuenta quién es familia, quién es amigo y cuáles son los verdaderos amores. Pablo Escobar	5
Mensaje con escena de empujones en un juego físico supervisado en una historia corta, tratado como ficción o actividad controlada.	2
Texto no apto para niños ni adolescentes: comentario que elogia a figuras criminales violentas, con normalización de violencia extrema.	5
En este negocio no hay segundas oportunidades. Amado Carrillo Fuentes	5
Mensaje con conflicto menor: escena de empujón accidental tratada como humor, sin contenido gráfico.	1
El mensaje contiene discusión leve entre personajes sin insultos fuertes en una transmisión en vivo, pero se mantiene en un nivel leve.	1
Mensaje de alto riesgo: comentario que presenta el daño físico como algo divertido en una historia corta, que puede asustar a menores.	4
Comentario con broma ruda entre amigos que no pasa a mayores; puede ser poco amable, pero no llega a violencia real.	1
Comentario de riesgo 5 porque incluye mensaje que romantiza el crimen violento y sus consecuencias en un video de reacción, que requiere supervisión adulta.	5
Mensaje muy riesgoso: comentario que normaliza hacer daño grave para ganar respeto; evita detalles gráficos, pero glorifica daño grave.	5
El mensaje presenta texto que promueve miedo, control e intimidación como poder como algo aceptable o admirable; es altamente inadecuado para menores.	5
Texto preocupante porque incluye comentario que invita a responder a los problemas con violencia; no contiene instrucciones, pero sí normaliza violencia.	4
Contenido de riesgo máximo: comentario que celebra daño severo hacia otra persona sin describirlo gráficamente en una escena de acción, claramente no apto para menores.	5
Texto preocupante porque incluye comentario que invita a responder a los problemas con violencia; no contiene instrucciones, pero sí normaliza violencia.	4
Mensaje de alto riesgo: mensaje que normaliza la venganza violenta en un foro de adolescentes, con tono agresivo.	4
Mensaje de alto riesgo: comentario que invita a responder a los problemas con violencia en una discusión grabada, descrito de forma general.	4
El texto muestra discusión leve entre personajes sin insultos fuertes en un fragmento de película, con tono molesto pero controlado.	1
jajaja 🤣 pobrecitas 🤣🤣	5
Comentario de riesgo 5 porque incluye texto que amenaza con consecuencias violentas graves en un foro de adolescentes, que puede asustar a menores.	5
Mensaje de alto riesgo: mensaje que se burla de una víctima después de una agresión en un video de barrio, que puede asustar a menores.	4
Texto de bajo riesgo: aparece discusión leve entre personajes sin insultos fuertes, sin amenazas ni daño físico.	1
Comentario no recomendado para menores: mensaje que se burla de una víctima después de una agresión, con tono de amenaza o intimidación.	4
El mensaje presenta texto que promueve miedo, control e intimidación como poder como algo aceptable o admirable; es altamente inadecuado para menores.	5
Texto no apto para niños ni adolescentes: mensaje que trata la violencia extrema como espectáculo, con normalización de violencia extrema.	5
El texto menciona comentario que alienta una revancha física sin explicar cómo en una escena de acción; no es apto para niños sin supervisión.	3
El texto menciona mensaje que trata los golpes como entretenimiento en un clip de internet; no es apto para niños sin supervisión.	3
Contenido de riesgo máximo: comentario que celebra daño severo hacia otra persona sin describirlo gráficamente en un clip de internet, claramente no apto para menores.	5
El texto menciona pelea callejera mencionada de forma general sin detalles gráficos en un relato ficticio; no es apto para niños sin supervisión.	3
Mensaje de alto riesgo: texto que presume participar en actos agresivos en un video de reacción, no apto para niños pequeños.	4
Mensaje muy riesgoso: mensaje que glorifica violencia grave y la presenta como admirable; evita detalles gráficos, pero glorifica daño grave.	5
Mensaje muy riesgoso: mensaje que glorifica violencia grave y la presenta como admirable; evita detalles gráficos, pero glorifica daño grave.	5
Comentario de riesgo medio: mensaje que presenta la agresión como forma de ganar respeto, con normalización de una conducta agresiva.	3
Mensaje problemático por comentario que alienta una revancha física sin explicar cómo; describe violencia a alto nivel, sin detalles gráficos.	3
El contenido menciona entrenamiento de artes marciales con protección; requiere contexto, aunque no da instrucciones ni detalles gráficos.	2
Contenido de riesgo alto: comentario que usa intimidación para provocar miedo en un fragmento de película, con glorificación de daño.	4
Contenido de riesgo máximo: texto que amenaza con consecuencias violentas graves en una publicación de fans, claramente no apto para menores.	5
Contenido de riesgo alto: comentario que usa intimidación para provocar miedo en un comentario de redes, con glorificación de daño.	4
Mensaje problemático por pelea callejera mencionada de forma general sin detalles gráficos; describe violencia a alto nivel, sin detalles gráficos.	3
El contenido presenta mensaje que trata los golpes como entretenimiento en un clip de internet, lo cual puede ser inadecuado para menores.	3
No me considero una persona violenta, todo lo que hago es defenderme, nada más. Pero, ¿puedo empezar problemas? Nunca. Chapo Guzmán	5
El texto menciona pelea callejera mencionada de forma general sin detalles gráficos en un comentario de redes; no es apto para niños sin supervisión.	3
A los traidores se les mata por la espalda, porque por delante dan lástima. Pablo Escobar	5
Texto de bajo riesgo: aparece comentario con tono molesto pero sin amenazas, sin amenazas ni daño físico.	1
Mensaje con escena de choque leve presentada como comedia en un video viral, tratado como ficción o actividad controlada.	2
Contenido de riesgo máximo: texto que celebra una agresión extrema sin detalles explícitos en un comentario de redes, claramente no apto para menores.	5
Contenido de riesgo máximo: mensaje que presenta la crueldad como algo aceptable en una publicación de fans, claramente no apto para menores.	5
Mensaje muy riesgoso: comentario que elogia a figuras criminales violentas; evita detalles gráficos, pero glorifica daño grave.	5
El texto menciona mensaje que describe una persecución agresiva sin detalles explícitos en un comentario de redes; no es apto para niños sin supervisión.	3
Mensaje muy riesgoso: comentario que celebra daño severo hacia otra persona sin describirlo gráficamente; evita detalles gráficos, pero glorifica daño grave.	5
Mensaje con escena de empujones en un juego físico supervisado en un video viral, tratado como ficción o actividad controlada.	2
Mensaje muy riesgoso: comentario que elogia a figuras criminales violentas; evita detalles gráficos, pero glorifica daño grave.	5
Comentario sobre caída cómica sobre colchoneta sin consecuencias; puede no ser ideal para niños pequeños, pero no es extremo.	2
Texto no apto para niños ni adolescentes: texto que amenaza con consecuencias violentas graves, con normalización de violencia extrema.	5
El mensaje usa mensaje que se burla de una víctima después de una agresión como forma de presión o miedo; no es adecuado para niños.	4
El mensaje usa comentario que invita a responder a los problemas con violencia como forma de presión o miedo; no es adecuado para niños.	4
Texto no apto para niños ni adolescentes: mensaje que glorifica violencia grave y la presenta como admirable, con normalización de violencia extrema.	5
El contenido menciona persecución ficticia sin daño real; requiere contexto, aunque no da instrucciones ni detalles gráficos.	2
Comentario sobre discusión fuerte donde nadie resulta herido; puede no ser ideal para niños pequeños, pero no es extremo.	2
Comentario de riesgo 5 porque incluye comentario que normaliza hacer daño grave para ganar respeto en una transmisión en vivo, con una situación tensa.	5
El texto muestra comentario de rivalidad escolar sin daño físico en un montaje dramático, con tono molesto pero controlado.	1
Texto no apto para niños ni adolescentes: mensaje que romantiza el crimen violento y sus consecuencias, con normalización de violencia extrema.	5
Comentario no recomendado para menores: texto que presume participar en actos agresivos, con tono de amenaza o intimidación.	4
Mensaje con pelea leve de caricatura sin heridas ni miedo intenso en un foro de adolescentes, tratado como ficción o actividad controlada.	2
El texto muestra comentario con tono molesto pero sin amenazas en un video viral, con tono molesto pero controlado.	1
Mensaje de alto riesgo: mensaje que glorifica una pelea fuerte y humillante en un fragmento de película, con una situación tensa.	4
Comentario no recomendado para menores: texto que presume participar en actos agresivos, con tono de amenaza o intimidación.	4
Texto de bajo riesgo: aparece broma ruda entre amigos que no pasa a mayores, sin amenazas ni daño físico.	1
El mensaje contiene escena de empujón accidental tratada como humor en un clip de internet, pero se mantiene en un nivel leve.	1
Mensaje problemático por mensaje que trata los golpes como entretenimiento; describe violencia a alto nivel, sin detalles gráficos.	3
El contenido presenta video con intimidación y contacto violento descrito a alto nivel en un fragmento de película, lo cual puede ser inadecuado para menores.	3
El mensaje incluye persecución ficticia sin daño real en una discusión grabada; es acción leve y no gráfica.	2
Texto no apto para niños ni adolescentes: texto que promueve miedo, control e intimidación como poder, con normalización de violencia extrema.	5
Texto con violencia moderada: comentario que celebra una discusión que se vuelve física, sin detalles explícitos.	3
El mensaje presenta texto que promueve miedo, control e intimidación como poder como algo aceptable o admirable; es altamente inadecuado para menores.	5
Comentario sobre escena de choque leve presentada como comedia; puede no ser ideal para niños pequeños, pero no es extremo.	2
Texto con violencia moderada: comentario que alienta una revancha física sin explicar cómo, con una situación tensa.	3
Contenido de riesgo alto: comentario que amenaza con hacer daño a otra persona sin dar instrucciones en un fragmento de película, con glorificación de daño.	4
Mensaje de alto riesgo: comentario que amenaza con hacer daño a otra persona sin dar instrucciones en un video de reacción, con tono agresivo.	4
Mensaje de alto riesgo: comentario que invita a responder a los problemas con violencia en un fragmento de película, con tono intimidante.	4
Comentario no recomendado para menores: texto que presume participar en actos agresivos, con tono de amenaza o intimidación.	4
Contenido de riesgo alto: texto que justifica golpear a alguien por una discusión en una discusión grabada, con glorificación de daño.	4
El texto muestra comentario de rivalidad escolar sin daño físico en una historia corta, con tono molesto pero controlado.	1
Comentario de riesgo medio: mensaje que trata los golpes como entretenimiento, con normalización de una conducta agresiva.	3
Comentario no recomendado para menores: comentario que usa intimidación para provocar miedo, con tono de amenaza o intimidación.	4
Comentario sobre video de acción con golpes simulados y tono ficticio; puede no ser ideal para niños pequeños, pero no es extremo.	2
Texto apto para menores sobre comentario sobre un video educativo sin lenguaje agresivo; no contiene agresión ni intimidación.	0
Texto con violencia moderada: comentario que celebra una discusión que se vuelve física, presentado como algo normal.	3
Texto preocupante porque incluye comentario que usa intimidación para provocar miedo; no contiene instrucciones, pero sí normaliza violencia.	4
El mensaje presenta texto que amenaza con consecuencias violentas graves como algo aceptable o admirable; es altamente inadecuado para menores.	5
Texto preocupante porque incluye mensaje que normaliza la venganza violenta; no contiene instrucciones, pero sí normaliza violencia.	4
Mensaje muy riesgoso: texto que promueve miedo, control e intimidación como poder; evita detalles gráficos, pero glorifica daño grave.	5
Texto preocupante porque incluye texto que presume participar en actos agresivos; no contiene instrucciones, pero sí normaliza violencia.	4
Comentario de riesgo medio: pelea callejera mencionada de forma general sin detalles gráficos, con normalización de una conducta agresiva.	3
Texto con violencia moderada: video con intimidación y contacto violento descrito a alto nivel, con lenguaje de conflicto.	3
Mensaje problemático por comentario que minimiza una pelea real entre adolescentes; describe violencia a alto nivel, sin detalles gráficos.	3
El contenido menciona juego de batalla con accesorios de espuma; requiere contexto, aunque no da instrucciones ni detalles gráficos.	2
El contenido presenta escena donde varios personajes se enfrentan físicamente en un clip de internet, lo cual puede ser inadecuado para menores.	3
Comentario positivo de opinión positiva sobre una manualidad familiar; es adecuado para un entorno infantil.	0
Mensaje con competencia deportiva con contacto controlado en una transmisión en vivo, tratado como ficción o actividad controlada.	2
Comentario de riesgo 5 porque incluye mensaje que glorifica violencia grave y la presenta como admirable en un video viral, presentado como algo normal.	5
Contenido de riesgo alto: mensaje que se burla de una víctima después de una agresión en un fragmento de película, con glorificación de daño.	4
El mensaje presenta comentario que elogia a figuras criminales violentas como algo aceptable o admirable; es altamente inadecuado para menores.	5
Mensaje de alto riesgo: mensaje que normaliza la venganza violenta en un fragmento de película, presentado como algo normal.	4
Jajajajajaj solo dan risa 🤣	5
Comentario no recomendado para menores: comentario que usa intimidación para provocar miedo, con tono de amenaza o intimidación.	4
Texto no apto para niños ni adolescentes: texto que celebra una agresión extrema sin detalles explícitos, con normalización de violencia extrema.	5
Comentario de riesgo 5 porque incluye texto que amenaza con consecuencias violentas graves en un video viral, presentado como algo normal.	5
El contenido menciona caída cómica sobre colchoneta sin consecuencias; requiere contexto, aunque no da instrucciones ni detalles gráficos.	2
El contenido presenta mensaje que describe una persecución agresiva sin detalles explícitos en una publicación de fans, lo cual puede ser inadecuado para menores.	3
Contenido de riesgo máximo: texto que promueve miedo, control e intimidación como poder en una animación oscura, claramente no apto para menores.	5
Mensaje con video de acción con golpes simulados y tono ficticio en un video viral, tratado como ficción o actividad controlada.	2
El mensaje usa mensaje que normaliza la venganza violenta como forma de presión o miedo; no es adecuado para niños.	4
El mensaje presenta mensaje que trata la violencia extrema como espectáculo como algo aceptable o admirable; es altamente inadecuado para menores.	5
Comentario sobre competencia deportiva con contacto controlado; puede no ser ideal para niños pequeños, pero no es extremo.	2
Contenido de riesgo máximo: texto que amenaza con consecuencias violentas graves en un montaje dramático, claramente no apto para menores.	5
Mensaje con competencia deportiva con contacto controlado en un fragmento de película, tratado como ficción o actividad controlada.	2
Comentario de riesgo 5 porque incluye texto que celebra una agresión extrema sin detalles explícitos en una escena de acción, con lenguaje de conflicto.	5
Contenido de riesgo alto: comentario que invita a responder a los problemas con violencia en un relato ficticio, con glorificación de daño.	4
El mensaje contiene comentario de rivalidad escolar sin daño físico en una transmisión en vivo, pero se mantiene en un nivel leve.	1
Contenido de riesgo alto: mensaje que glorifica una pelea fuerte y humillante en una animación oscura, con glorificación de daño.	4
Mensaje de alto riesgo: texto que presume participar en actos agresivos en un comentario de redes, presentado como algo normal.	4
Texto de bajo riesgo: aparece broma ruda entre amigos que no pasa a mayores, sin amenazas ni daño físico.	1
El mensaje usa mensaje que normaliza la venganza violenta como forma de presión o miedo; no es adecuado para niños.	4
Texto preocupante porque incluye comentario que presenta el daño físico como algo divertido; no contiene instrucciones, pero sí normaliza violencia.	4
Texto con riesgo bajo-medio: juego de batalla con accesorios de espuma, presentado sin daño explícito.	2
Comentario de riesgo 5 porque incluye texto que celebra una agresión extrema sin detalles explícitos en una transmisión en vivo, con una idea negativa para menores.	5
El contenido presenta escena donde varios personajes se enfrentan físicamente en una animación oscura, lo cual puede ser inadecuado para menores.	3
Comentario de riesgo 5 porque incluye mensaje que trata la violencia extrema como espectáculo en una historia corta, con una idea negativa para menores.	5
Texto preocupante porque incluye texto que celebra que alguien termine lastimado, sin detalles gráficos; no contiene instrucciones, pero sí normaliza violencia.	4
Comentario positivo de comentario sobre un video educativo sin lenguaje agresivo; es adecuado para un entorno infantil.	0
El mensaje usa texto que justifica golpear a alguien por una discusión como forma de presión o miedo; no es adecuado para niños.	4
Comentario no recomendado para menores: comentario que amenaza con hacer daño a otra persona sin dar instrucciones, con tono de amenaza o intimidación.	4
Contenido de riesgo alto: comentario que invita a responder a los problemas con violencia en un clip de internet, con glorificación de daño.	4
Texto no apto para niños ni adolescentes: texto que promueve miedo, control e intimidación como poder, con normalización de violencia extrema.	5
Mensaje problemático por video donde se normaliza resolver conflictos con golpes; describe violencia a alto nivel, sin detalles gráficos.	3
El texto muestra queja exagerada sobre perder un juego en una transmisión en vivo, con tono molesto pero controlado.	1
Comentario de riesgo medio: comentario que minimiza una pelea real entre adolescentes, con normalización de una conducta agresiva.	3
Texto preocupante porque incluye comentario que amenaza con hacer daño a otra persona sin dar instrucciones; no contiene instrucciones, pero sí normaliza violencia.	4
El texto menciona comentario que minimiza una pelea real entre adolescentes en un fragmento de película; no es apto para niños sin supervisión.	3
Mensaje con video de acción con golpes simulados y tono ficticio en una publicación de fans, tratado como ficción o actividad controlada.	2
Comentario de riesgo 5 porque incluye texto que promueve miedo, control e intimidación como poder en una transmisión en vivo, con tono agresivo.	5
Mensaje de alto riesgo: mensaje que glorifica una pelea fuerte y humillante en un clip de internet, con tono intimidante.	4
Texto preocupante porque incluye mensaje que se burla de una víctima después de una agresión; no contiene instrucciones, pero sí normaliza violencia.	4
El mensaje contiene queja exagerada sobre perder un juego en un video viral, pero se mantiene en un nivel leve.	1
Mensaje muy riesgoso: texto que amenaza con consecuencias violentas graves; evita detalles gráficos, pero glorifica daño grave.	5
Texto apto para menores sobre reacción tranquila a un video de mascotas; no contiene agresión ni intimidación.	0
El texto menciona video donde se normaliza resolver conflictos con golpes en un video de reacción; no es apto para niños sin supervisión.	3
Comentario con reacción impulsiva ante una derrota; puede ser poco amable, pero no llega a violencia real.	1
Contenido de riesgo máximo: texto que promueve miedo, control e intimidación como poder en un montaje dramático, claramente no apto para menores.	5
Texto no apto para niños ni adolescentes: mensaje que trata la violencia extrema como espectáculo, con normalización de violencia extrema.	5
Contenido de riesgo alto: texto que celebra que alguien termine lastimado, sin detalles gráficos en un relato ficticio, con glorificación de daño.	4
Comentario positivo de reacción tranquila a un video de mascotas; es adecuado para un entorno infantil.	0
Contenido de riesgo máximo: mensaje que presenta la crueldad como algo aceptable en una historia corta, claramente no apto para menores.	5
llegales de frente	5
todos se cartel kesea corren	5
Texto no apto para niños ni adolescentes: mensaje que glorifica violencia grave y la presenta como admirable, con normalización de violencia extrema.	5
Texto de bajo riesgo: aparece intercambio tenso que termina en disculpa, sin amenazas ni daño físico.	1
Mensaje problemático por video donde se normaliza resolver conflictos con golpes; describe violencia a alto nivel, sin detalles gráficos.	3
Mensaje problemático por comentario que alienta una revancha física sin explicar cómo; describe violencia a alto nivel, sin detalles gráficos.	3
Mensaje muy riesgoso: texto que promueve miedo, control e intimidación como poder; evita detalles gráficos, pero glorifica daño grave.	5
Contenido de riesgo máximo: mensaje que glorifica violencia grave y la presenta como admirable en un comentario de redes, claramente no apto para menores.	5
El mensaje usa mensaje que glorifica una pelea fuerte y humillante como forma de presión o miedo; no es adecuado para niños.	4
El texto muestra escena de empujón accidental tratada como humor en una escena de acción, con tono molesto pero controlado.	1
Mensaje de alto riesgo: comentario que amenaza con hacer daño a otra persona sin dar instrucciones en un video de reacción, con enfoque poco saludable.	4
El mensaje presenta comentario que celebra daño severo hacia otra persona sin describirlo gráficamente como algo aceptable o admirable; es altamente inadecuado para menores.	5
El mensaje usa comentario que invita a responder a los problemas con violencia como forma de presión o miedo; no es adecuado para niños.	4
Texto con violencia moderada: comentario que alienta una revancha física sin explicar cómo, con una idea negativa para menores.	3
Texto no apto para niños ni adolescentes: texto que celebra una agresión extrema sin detalles explícitos, con normalización de violencia extrema.	5
El contenido presenta mensaje que presenta la agresión como forma de ganar respeto en un clip de internet, lo cual puede ser inadecuado para menores.	3
Comentario con desafío verbal algo brusco pero sin violencia; puede ser poco amable, pero no llega a violencia real.	1
Mensaje de alto riesgo: comentario que presenta el daño físico como algo divertido en un clip de internet, con lenguaje de conflicto.	4
Mensaje con conflicto menor: discusión leve entre personajes sin insultos fuertes, sin contenido gráfico.	1
Mensaje problemático por pelea callejera mencionada de forma general sin detalles gráficos; describe violencia a alto nivel, sin detalles gráficos.	3
El mensaje presenta mensaje que trata la violencia extrema como espectáculo como algo aceptable o admirable; es altamente inadecuado para menores.	5
A veces yo soy Dios. Si digo que un hombre muere, muere el mismo día. Pablo Escobar	5
Texto no apto para niños ni adolescentes: texto que celebra una agresión extrema sin detalles explícitos, con normalización de violencia extrema.	5
Mensaje con entrenamiento de artes marciales con protección en un video de reacción, tratado como ficción o actividad controlada.	2
Texto de bajo riesgo: aparece queja exagerada sobre perder un juego, sin amenazas ni daño físico.	1
Mensaje de alto riesgo: mensaje que normaliza la venganza violenta en un comentario de redes, con una idea negativa para menores.	4
El mensaje incluye juego de batalla con accesorios de espuma en una discusión grabada; es acción leve y no gráfica.	2
Mensaje con persecución ficticia sin daño real en una historia corta, tratado como ficción o actividad controlada.	2
El mensaje incluye caída cómica sobre colchoneta sin consecuencias en un montaje dramático; es acción leve y no gráfica.	2
El texto menciona video donde se normaliza resolver conflictos con golpes en una discusión grabada; no es apto para niños sin supervisión.	3
Mensaje con persecución ficticia sin daño real en un fragmento de película, tratado como ficción o actividad controlada.	2
Contenido de riesgo alto: mensaje que se burla de una víctima después de una agresión en un comentario de redes, con glorificación de daño.	4
El contenido presenta mensaje que trata los golpes como entretenimiento en una historia corta, lo cual puede ser inadecuado para menores.	3
Mensaje problemático por escena donde varios personajes se enfrentan físicamente; describe violencia a alto nivel, sin detalles gráficos.	3
El mensaje usa comentario que amenaza con hacer daño a otra persona sin dar instrucciones como forma de presión o miedo; no es adecuado para niños.	4
Mensaje muy riesgoso: mensaje que presenta la crueldad como algo aceptable; evita detalles gráficos, pero glorifica daño grave.	5
A ese perro desgraciado no le va a alcanzar esta vida para arrepentirse de lo que me acaba de hacer. Pablo Escobar	5
Mensaje de alto riesgo: mensaje que se burla de una víctima después de una agresión en una escena de acción, con una situación tensa.	4
Texto de bajo riesgo: aparece frase competitiva con enojo leve, sin amenazas ni daño físico.	1
Comentario no recomendado para menores: comentario que invita a responder a los problemas con violencia, con tono de amenaza o intimidación.	4
El mensaje presenta comentario que elogia a figuras criminales violentas como algo aceptable o admirable; es altamente inadecuado para menores.	5
Texto preocupante porque incluye mensaje que glorifica una pelea fuerte y humillante; no contiene instrucciones, pero sí normaliza violencia.	4
El mensaje usa comentario que presenta el daño físico como algo divertido como forma de presión o miedo; no es adecuado para niños.	4
El mensaje contiene discusión leve entre personajes sin insultos fuertes en un video de barrio, pero se mantiene en un nivel leve.	1
Comentario de riesgo medio: comentario que alienta una revancha física sin explicar cómo, con normalización de una conducta agresiva.	3
Texto preocupante porque incluye mensaje que glorifica una pelea fuerte y humillante; no contiene instrucciones, pero sí normaliza violencia.	4
Texto con violencia moderada: comentario que minimiza una pelea real entre adolescentes, descrito de forma general.	3
Texto preocupante porque incluye mensaje que normaliza la venganza violenta; no contiene instrucciones, pero sí normaliza violencia.	4
todos corren i disen en sus canciones Q son la veyi no tiene miedo a morir luego después cuando la ven SERCA lloran	5
Contenido de riesgo máximo: mensaje que glorifica violencia grave y la presenta como admirable en un clip de internet, claramente no apto para menores.	5
Mensaje problemático por escena donde varios personajes se enfrentan físicamente; describe violencia a alto nivel, sin detalles gráficos.	3
El mensaje incluye escena de empujones en un juego físico supervisado en un video viral; es acción leve y no gráfica.	2
Mensaje muy riesgoso: comentario que elogia a figuras criminales violentas; evita detalles gráficos, pero glorifica daño grave.	5
Texto preocupante porque incluye comentario que invita a responder a los problemas con violencia; no contiene instrucciones, pero sí normaliza violencia.	4
El texto muestra discusión leve entre personajes sin insultos fuertes en una transmisión en vivo, con tono molesto pero controlado.	1
Texto preocupante porque incluye texto que justifica golpear a alguien por una discusión; no contiene instrucciones, pero sí normaliza violencia.	4
Comentario de riesgo 5 porque incluye texto que amenaza con consecuencias violentas graves en una animación oscura, con enfoque poco saludable.	5
Mensaje de alto riesgo: texto que celebra que alguien termine lastimado, sin detalles gráficos en un clip de internet, con enfoque poco saludable.	4
Comentario de riesgo medio: mensaje que presenta la agresión como forma de ganar respeto, con normalización de una conducta agresiva.	3
Mensaje con escena de choque leve presentada como comedia en una animación oscura, tratado como ficción o actividad controlada.	2
El texto menciona video con intimidación y contacto violento descrito a alto nivel en una transmisión en vivo; no es apto para niños sin supervisión.	3
Comentario no recomendado para menores: comentario que amenaza con hacer daño a otra persona sin dar instrucciones, con tono de amenaza o intimidación.	4
Mensaje problemático por video donde se normaliza resolver conflictos con golpes; describe violencia a alto nivel, sin detalles gráficos.	3
El texto muestra frase competitiva con enojo leve en una publicación de fans, con tono molesto pero controlado.	1
Texto de bajo riesgo: aparece comentario de rivalidad escolar sin daño físico, sin amenazas ni daño físico.	1
Comentario de riesgo 5 porque incluye mensaje que trata la violencia extrema como espectáculo en una historia corta, presentado como algo normal.	5
jajaj con drones las pricensas😂😂😂 y además nos pidieron tregua los sicarios y el señor mencho 😂😂😂	5
Comentario de riesgo 5 porque incluye comentario que normaliza hacer daño grave para ganar respeto en un video de barrio, sin detalles explícitos.	5
El mensaje usa comentario que invita a responder a los problemas con violencia como forma de presión o miedo; no es adecuado para niños.	4
El mensaje presenta texto que promueve miedo, control e intimidación como poder como algo aceptable o admirable; es altamente inadecuado para menores.	5
El contenido presenta video con intimidación y contacto violento descrito a alto nivel en un video de reacción, lo cual puede ser inadecuado para menores.	3
Texto con violencia moderada: escena donde varios personajes se enfrentan físicamente, con tono agresivo.	3
Mensaje de alto riesgo: texto que justifica golpear a alguien por una discusión en una historia corta, descrito de forma general.	4
Mensaje problemático por comentario que celebra una discusión que se vuelve física; describe violencia a alto nivel, sin detalles gráficos.	3
Comentario de riesgo 5 porque incluye comentario que elogia a figuras criminales violentas en una transmisión en vivo, sin detalles explícitos.	5
Comentario sobre discusión fuerte donde nadie resulta herido; puede no ser ideal para niños pequeños, pero no es extremo.	2
El texto muestra discusión leve entre personajes sin insultos fuertes en un fragmento de película, con tono molesto pero controlado.	1
o no las niñitas 😂 solo pueden con drones 😆	5
Mensaje de alto riesgo: comentario que amenaza con hacer daño a otra persona sin dar instrucciones en un video viral, con lenguaje de conflicto.	4
Mensaje de alto riesgo: comentario que presenta el daño físico como algo divertido en un video de barrio, que puede asustar a menores.	4
El texto menciona comentario que alienta una revancha física sin explicar cómo en una discusión grabada; no es apto para niños sin supervisión.	3
Texto con violencia moderada: pelea callejera mencionada de forma general sin detalles gráficos, con una situación tensa.	3
Mensaje problemático por video con intimidación y contacto violento descrito a alto nivel; describe violencia a alto nivel, sin detalles gráficos.	3
Mensaje muy riesgoso: mensaje que presenta la crueldad como algo aceptable; evita detalles gráficos, pero glorifica daño grave.	5
El mensaje usa mensaje que se burla de una víctima después de una agresión como forma de presión o miedo; no es adecuado para niños.	4
Comentario de riesgo 5 porque incluye comentario que normaliza hacer daño grave para ganar respeto en un montaje dramático, presentado como algo normal.	5
El texto muestra queja exagerada sobre perder un juego en una escena de acción, con tono molesto pero controlado.	1
Texto preocupante porque incluye texto que justifica golpear a alguien por una discusión; no contiene instrucciones, pero sí normaliza violencia.	4
Comentario no recomendado para menores: mensaje que normaliza la venganza violenta, con tono de amenaza o intimidación.	4
Contenido de riesgo máximo: comentario que celebra daño severo hacia otra persona sin describirlo gráficamente en un comentario de redes, claramente no apto para menores.	5
Contenido de riesgo alto: texto que presume participar en actos agresivos en una escena de acción, con glorificación de daño.	4
El mensaje usa comentario que usa intimidación para provocar miedo como forma de presión o miedo; no es adecuado para niños.	4
Texto preocupante porque incluye mensaje que glorifica una pelea fuerte y humillante; no contiene instrucciones, pero sí normaliza violencia.	4
El contenido presenta mensaje que trata los golpes como entretenimiento en un video de barrio, lo cual puede ser inadecuado para menores.	3
El mensaje contiene comentario con tono molesto pero sin amenazas en un video de barrio, pero se mantiene en un nivel leve.	1
Texto preocupante porque incluye mensaje que glorifica una pelea fuerte y humillante; no contiene instrucciones, pero sí normaliza violencia.	4
Texto de bajo riesgo: aparece reacción impulsiva ante una derrota, sin amenazas ni daño físico.	1
Texto no apto para niños ni adolescentes: mensaje que romantiza el crimen violento y sus consecuencias, con normalización de violencia extrema.	5
Contenido de riesgo alto: comentario que invita a responder a los problemas con violencia en un foro de adolescentes, con glorificación de daño.	4
El mensaje usa comentario que invita a responder a los problemas con violencia como forma de presión o miedo; no es adecuado para niños.	4
El mensaje contiene broma ruda entre amigos que no pasa a mayores en un fragmento de película, pero se mantiene en un nivel leve.	1
Mensaje problemático por video con intimidación y contacto violento descrito a alto nivel; describe violencia a alto nivel, sin detalles gráficos.	3
Mensaje tranquilo sobre mensaje respetuoso en un video de ciencia para niños, con lenguaje amable y familiar.	0
Texto preocupante porque incluye mensaje que glorifica una pelea fuerte y humillante; no contiene instrucciones, pero sí normaliza violencia.	4
Mensaje con entrenamiento de artes marciales con protección en una transmisión en vivo, tratado como ficción o actividad controlada.	2
Comentario no recomendado para menores: mensaje que normaliza la venganza violenta, con tono de amenaza o intimidación.	4
Comentario sobre video de acción con golpes simulados y tono ficticio; puede no ser ideal para niños pequeños, pero no es extremo.	2
Texto de bajo riesgo: aparece broma ruda entre amigos que no pasa a mayores, sin amenazas ni daño físico.	1
Mensaje de alto riesgo: comentario que presenta el daño físico como algo divertido en una historia corta, que requiere supervisión adulta.	4
Texto de bajo riesgo: aparece desafío verbal algo brusco pero sin violencia, sin amenazas ni daño físico.	1
Contenido de riesgo máximo: comentario que celebra daño severo hacia otra persona sin describirlo gráficamente en un clip de internet, claramente no apto para menores.	5
Contenido de riesgo alto: mensaje que normaliza la venganza violenta en una historia corta, con glorificación de daño.	4
Contenido de riesgo máximo: mensaje que presenta la crueldad como algo aceptable en un video de reacción, claramente no apto para menores.	5
Comentario de riesgo medio: escena donde varios personajes se enfrentan físicamente, con normalización de una conducta agresiva.	3
Texto preocupante porque incluye comentario que usa intimidación para provocar miedo; no contiene instrucciones, pero sí normaliza violencia.	4
Comentario de riesgo 5 porque incluye comentario que celebra daño severo hacia otra persona sin describirlo gráficamente en un video de reacción, presentado como algo normal.	5
Texto con violencia moderada: escena donde varios personajes se enfrentan físicamente, con tono intimidante.	3
Contenido de riesgo alto: texto que celebra que alguien termine lastimado, sin detalles gráficos en un montaje dramático, con glorificación de daño.	4
El contenido menciona juego de batalla con accesorios de espuma; requiere contexto, aunque no da instrucciones ni detalles gráficos.	2
Texto de bajo riesgo: aparece broma ruda entre amigos que no pasa a mayores, sin amenazas ni daño físico.	1
Comentario sobre escena de choque leve presentada como comedia; puede no ser ideal para niños pequeños, pero no es extremo.	2
Mensaje de alto riesgo: comentario que presenta el daño físico como algo divertido en un fragmento de película, con tono agresivo.	4
Contenido de riesgo alto: mensaje que se burla de una víctima después de una agresión en un foro de adolescentes, con glorificación de daño.	4
El contenido menciona video de acción con golpes simulados y tono ficticio; requiere contexto, aunque no da instrucciones ni detalles gráficos.	2
Contenido de riesgo máximo: comentario que celebra daño severo hacia otra persona sin describirlo gráficamente en una transmisión en vivo, claramente no apto para menores.	5
Mensaje problemático por comentario que celebra una discusión que se vuelve física; describe violencia a alto nivel, sin detalles gráficos.	3
Contenido de riesgo máximo: mensaje que presenta la crueldad como algo aceptable en un relato ficticio, claramente no apto para menores.	5
El texto muestra escena de empujón accidental tratada como humor en un relato ficticio, con tono molesto pero controlado.	1
Comentario de riesgo 5 porque incluye mensaje que glorifica violencia grave y la presenta como admirable en un montaje dramático, descrito de forma general.	5
El mensaje usa texto que celebra que alguien termine lastimado, sin detalles gráficos como forma de presión o miedo; no es adecuado para niños.	4
El contenido presenta comentario que celebra una discusión que se vuelve física en una transmisión en vivo, lo cual puede ser inadecuado para menores.	3
Comentario de riesgo medio: mensaje que trata los golpes como entretenimiento, con normalización de una conducta agresiva.	3
puras fem así nomas	5
Comentario no recomendado para menores: comentario que invita a responder a los problemas con violencia, con tono de amenaza o intimidación.	4
Comentario no recomendado para menores: mensaje que glorifica una pelea fuerte y humillante, con tono de amenaza o intimidación.	4
El contenido menciona juego de batalla con accesorios de espuma; requiere contexto, aunque no da instrucciones ni detalles gráficos.	2
Comentario con broma ruda entre amigos que no pasa a mayores; puede ser poco amable, pero no llega a violencia real.	1
El texto menciona pelea callejera mencionada de forma general sin detalles gráficos en un fragmento de película; no es apto para niños sin supervisión.	3
Contenido de riesgo máximo: mensaje que presenta la crueldad como algo aceptable en una animación oscura, claramente no apto para menores.	5
El mensaje incluye persecución ficticia sin daño real en una transmisión en vivo; es acción leve y no gráfica.	2
Texto con violencia moderada: comentario que minimiza una pelea real entre adolescentes, presentado como algo normal.	3
Texto con riesgo bajo-medio: caída cómica sobre colchoneta sin consecuencias, presentado sin daño explícito.	2
Contenido de riesgo alto: texto que celebra que alguien termine lastimado, sin detalles gráficos en un video de reacción, con glorificación de daño.	4
Mensaje con conflicto menor: comentario de rivalidad escolar sin daño físico, sin contenido gráfico.	1
Comentario no recomendado para menores: comentario que presenta el daño físico como algo divertido, con tono de amenaza o intimidación.	4
Comentario de riesgo medio: comentario que celebra una discusión que se vuelve física, con normalización de una conducta agresiva.	3
El mensaje presenta texto que promueve miedo, control e intimidación como poder como algo aceptable o admirable; es altamente inadecuado para menores.	5
Mensaje tranquilo sobre reacción alegre a un video de baile, con lenguaje amable y familiar.	0
El mensaje usa mensaje que glorifica una pelea fuerte y humillante como forma de presión o miedo; no es adecuado para niños.	4
Comentario de riesgo 5 porque incluye comentario que elogia a figuras criminales violentas en un video de barrio, que puede asustar a menores.	5
ARRIBA LAS 4 LETRAS	5
Mensaje con escena de choque leve presentada como comedia en un montaje dramático, tratado como ficción o actividad controlada.	2
Texto con riesgo bajo-medio: video de acción con golpes simulados y tono ficticio, presentado sin daño explícito.	2
El mensaje presenta texto que amenaza con consecuencias violentas graves como algo aceptable o admirable; es altamente inadecuado para menores.	5
El mensaje presenta comentario que elogia a figuras criminales violentas como algo aceptable o admirable; es altamente inadecuado para menores.	5
El mensaje usa mensaje que normaliza la venganza violenta como forma de presión o miedo; no es adecuado para niños.	4
Comentario sobre entrenamiento de artes marciales con protección; puede no ser ideal para niños pequeños, pero no es extremo.	2
El contenido menciona competencia deportiva con contacto controlado; requiere contexto, aunque no da instrucciones ni detalles gráficos.	2
La voluntad del hombre es más fuerte que las barras de hierro. Amado Carrillo Fuentes	5
Mensaje muy riesgoso: mensaje que romantiza el crimen violento y sus consecuencias; evita detalles gráficos, pero glorifica daño grave.	5
Comentario no recomendado para menores: mensaje que glorifica una pelea fuerte y humillante, con tono de amenaza o intimidación.	4
Comentario no recomendado para menores: mensaje que normaliza la venganza violenta, con tono de amenaza o intimidación.	4
Comentario de riesgo medio: comentario que minimiza una pelea real entre adolescentes, con normalización de una conducta agresiva.	3
El mensaje usa mensaje que glorifica una pelea fuerte y humillante como forma de presión o miedo; no es adecuado para niños.	4
Texto con violencia moderada: comentario que minimiza una pelea real entre adolescentes, con tono agresivo.	3
Contenido de riesgo máximo: texto que promueve miedo, control e intimidación como poder en un relato ficticio, claramente no apto para menores.	5
Mensaje tranquilo sobre comentario positivo sobre un juego de mesa, con lenguaje amable y familiar.	0
Contenido de riesgo máximo: mensaje que trata la violencia extrema como espectáculo en un video de barrio, claramente no apto para menores.	5
Comentario no recomendado para menores: comentario que amenaza con hacer daño a otra persona sin dar instrucciones, con tono de amenaza o intimidación.	4
El contenido presenta comentario que alienta una revancha física sin explicar cómo en una escena de acción, lo cual puede ser inadecuado para menores.	3
Comentario de riesgo medio: mensaje que describe una persecución agresiva sin detalles explícitos, con normalización de una conducta agresiva.	3
El texto menciona escena donde varios personajes se enfrentan físicamente en un foro de adolescentes; no es apto para niños sin supervisión.	3
Mensaje de alto riesgo: texto que presume participar en actos agresivos en un foro de adolescentes, con tono agresivo.	4
Mensaje tranquilo sobre opinión positiva sobre una manualidad familiar, con lenguaje amable y familiar.	0
Texto preocupante porque incluye mensaje que normaliza la venganza violenta; no contiene instrucciones, pero sí normaliza violencia.	4
Mensaje problemático por comentario que minimiza una pelea real entre adolescentes; describe violencia a alto nivel, sin detalles gráficos.	3
Texto no apto para niños ni adolescentes: texto que celebra una agresión extrema sin detalles explícitos, con normalización de violencia extrema.	5
Comentario de riesgo 5 porque incluye comentario que celebra daño severo hacia otra persona sin describirlo gráficamente en un montaje dramático, no apto para niños pequeños.	5
Texto preocupante porque incluye comentario que amenaza con hacer daño a otra persona sin dar instrucciones; no contiene instrucciones, pero sí normaliza violencia.	4
Contenido de riesgo alto: mensaje que se burla de una víctima después de una agresión en un fragmento de película, con glorificación de daño.	4
Comentario positivo de opinión neutral sobre una receta sencilla; es adecuado para un entorno infantil.	0
Comentario de riesgo medio: escena donde varios personajes se enfrentan físicamente, con normalización de una conducta agresiva.	3
El mensaje presenta texto que amenaza con consecuencias violentas graves como algo aceptable o admirable; es altamente inadecuado para menores.	5
Comentario sobre escena de empujones en un juego físico supervisado; puede no ser ideal para niños pequeños, pero no es extremo.	2
Texto no apto para niños ni adolescentes: texto que promueve miedo, control e intimidación como poder, con normalización de violencia extrema.	5
El contenido menciona entrenamiento de artes marciales con protección; requiere contexto, aunque no da instrucciones ni detalles gráficos.	2
Texto con violencia moderada: comentario que minimiza una pelea real entre adolescentes, con tono agresivo.	3
Comentario de riesgo 5 porque incluye comentario que celebra daño severo hacia otra persona sin describirlo gráficamente en un video de barrio, con una idea negativa para menores.	5
Mensaje de alto riesgo: mensaje que glorifica una pelea fuerte y humillante en un montaje dramático, con lenguaje de conflicto.	4
Mensaje problemático por pelea callejera mencionada de forma general sin detalles gráficos; describe violencia a alto nivel, sin detalles gráficos.	3
El mensaje usa comentario que presenta el daño físico como algo divertido como forma de presión o miedo; no es adecuado para niños.	4
Contenido de riesgo alto: comentario que presenta el daño físico como algo divertido en un relato ficticio, con glorificación de daño.	4
Contenido de riesgo máximo: mensaje que romantiza el crimen violento y sus consecuencias en una historia corta, claramente no apto para menores.	5
El mensaje presenta comentario que celebra daño severo hacia otra persona sin describirlo gráficamente como algo aceptable o admirable; es altamente inadecuado para menores.	5
Mensaje problemático por comentario que minimiza una pelea real entre adolescentes; describe violencia a alto nivel, sin detalles gráficos.	3
El mensaje usa mensaje que glorifica una pelea fuerte y humillante como forma de presión o miedo; no es adecuado para niños.	4
El contenido presenta video donde se normaliza resolver conflictos con golpes en un comentario de redes, lo cual puede ser inadecuado para menores.	3
El mensaje contiene discusión leve entre personajes sin insultos fuertes en una animación oscura, pero se mantiene en un nivel leve.	1
El mensaje contiene comentario con tono molesto pero sin amenazas en un montaje dramático, pero se mantiene en un nivel leve.	1
Contenido de riesgo máximo: texto que amenaza con consecuencias violentas graves en una escena de acción, claramente no apto para menores.	5
Mensaje muy riesgoso: comentario que elogia a figuras criminales violentas; evita detalles gráficos, pero glorifica daño grave.	5
El texto muestra escena de empujón accidental tratada como humor en un video viral, con tono molesto pero controlado.	1
Contenido de riesgo alto: comentario que usa intimidación para provocar miedo en una animación oscura, con glorificación de daño.	4
Texto preocupante porque incluye texto que presume participar en actos agresivos; no contiene instrucciones, pero sí normaliza violencia.	4
Texto preocupante porque incluye comentario que invita a responder a los problemas con violencia; no contiene instrucciones, pero sí normaliza violencia.	4
El texto muestra escena de empujón accidental tratada como humor en un video de barrio, con tono molesto pero controlado.	1
El mensaje usa mensaje que se burla de una víctima después de una agresión como forma de presión o miedo; no es adecuado para niños.	4
Comentario sobre persecución ficticia sin daño real; puede no ser ideal para niños pequeños, pero no es extremo.	2
Texto con violencia moderada: mensaje que describe una persecución agresiva sin detalles explícitos, con lenguaje de conflicto.	3
Comentario de riesgo medio: comentario que alienta una revancha física sin explicar cómo, con normalización de una conducta agresiva.	3
Texto preocupante porque incluye mensaje que se burla de una víctima después de una agresión; no contiene instrucciones, pero sí normaliza violencia.	4
Texto con violencia moderada: mensaje que trata los golpes como entretenimiento, no apto para niños pequeños.	3
Mensaje tranquilo sobre opinión neutral sobre una receta sencilla, con lenguaje amable y familiar.	0
Contenido de riesgo alto: comentario que amenaza con hacer daño a otra persona sin dar instrucciones en una animación oscura, con glorificación de daño.	4
Contenido de riesgo alto: comentario que usa intimidación para provocar miedo en un video de barrio, con glorificación de daño.	4
Comentario positivo de comentario positivo sobre un juego de mesa; es adecuado para un entorno infantil.	0
Contenido de riesgo máximo: texto que amenaza con consecuencias violentas graves en una publicación de fans, claramente no apto para menores.	5
órale wey, tu también correrías wey, no te hagas el valiente 😂😂😂😂	5
Mensaje muy riesgoso: mensaje que trata la violencia extrema como espectáculo; evita detalles gráficos, pero glorifica daño grave.	5
Comentario no recomendado para menores: comentario que usa intimidación para provocar miedo, con tono de amenaza o intimidación.	4
Comentario no recomendado para menores: texto que justifica golpear a alguien por una discusión, con tono de amenaza o intimidación.	4
Texto no apto para niños ni adolescentes: mensaje que glorifica violencia grave y la presenta como admirable, con normalización de violencia extrema.	5
Comentario de riesgo 5 porque incluye mensaje que romantiza el crimen violento y sus consecuencias en un comentario de redes, con enfoque poco saludable.	5
Texto no apto para niños ni adolescentes: mensaje que glorifica violencia grave y la presenta como admirable, con normalización de violencia extrema.	5
Mensaje muy riesgoso: comentario que elogia a figuras criminales violentas; evita detalles gráficos, pero glorifica daño grave.	5
Comentario de riesgo 5 porque incluye texto que promueve miedo, control e intimidación como poder en una escena de acción, con enfoque poco saludable.	5
El mensaje contiene queja exagerada sobre perder un juego en un relato ficticio, pero se mantiene en un nivel leve.	1
Mensaje tranquilo sobre reacción tranquila a un video de mascotas, con lenguaje amable y familiar.	0
El mensaje usa mensaje que se burla de una víctima después de una agresión como forma de presión o miedo; no es adecuado para niños.	4
Mensaje de alto riesgo: comentario que amenaza con hacer daño a otra persona sin dar instrucciones en un foro de adolescentes, con tono agresivo.	4
Mensaje muy riesgoso: mensaje que romantiza el crimen violento y sus consecuencias; evita detalles gráficos, pero glorifica daño grave.	5
El mensaje usa texto que celebra que alguien termine lastimado, sin detalles gráficos como forma de presión o miedo; no es adecuado para niños.	4
Comentario de riesgo 5 porque incluye texto que celebra una agresión extrema sin detalles explícitos en un foro de adolescentes, que requiere supervisión adulta.	5
El mensaje usa mensaje que normaliza la venganza violenta como forma de presión o miedo; no es adecuado para niños.	4
El mensaje usa texto que justifica golpear a alguien por una discusión como forma de presión o miedo; no es adecuado para niños.	4
Comentario sin riesgo: habla de comentario sano sobre un reto sin peligro, sin violencia ni amenazas.	0
El mensaje usa comentario que presenta el daño físico como algo divertido como forma de presión o miedo; no es adecuado para niños.	4
Vivir con mi familia los días que Dios me dé. Chapo Guzmán	5
Comentario de riesgo medio: escena donde varios personajes se enfrentan físicamente, con normalización de una conducta agresiva.	3
El mensaje presenta mensaje que glorifica violencia grave y la presenta como admirable como algo aceptable o admirable; es altamente inadecuado para menores.	5
Comentario de riesgo 5 porque incluye texto que amenaza con consecuencias violentas graves en un video viral, sin detalles explícitos.	5
Texto no apto para niños ni adolescentes: texto que celebra una agresión extrema sin detalles explícitos, con normalización de violencia extrema.	5
Contenido de riesgo alto: comentario que usa intimidación para provocar miedo en un montaje dramático, con glorificación de daño.	4
Contenido de riesgo máximo: mensaje que trata la violencia extrema como espectáculo en un video de barrio, claramente no apto para menores.	5
Comentario de riesgo medio: pelea callejera mencionada de forma general sin detalles gráficos, con normalización de una conducta agresiva.	3
Comentario de riesgo medio: pelea callejera mencionada de forma general sin detalles gráficos, con normalización de una conducta agresiva.	3
Mensaje muy riesgoso: comentario que elogia a figuras criminales violentas; evita detalles gráficos, pero glorifica daño grave.	5
Contenido de riesgo máximo: comentario que elogia a figuras criminales violentas en una animación oscura, claramente no apto para menores.	5
El contenido menciona pelea leve de caricatura sin heridas ni miedo intenso; requiere contexto, aunque no da instrucciones ni detalles gráficos.	2
Contenido de riesgo máximo: comentario que normaliza hacer daño grave para ganar respeto en un video de reacción, claramente no apto para menores.	5
Texto no apto para niños ni adolescentes: texto que amenaza con consecuencias violentas graves, con normalización de violencia extrema.	5
Texto con riesgo bajo-medio: escena de empujones en un juego físico supervisado, presentado sin daño explícito.	2
Comentario de riesgo medio: comentario que celebra una discusión que se vuelve física, con normalización de una conducta agresiva.	3
Comentario sobre juego de batalla con accesorios de espuma; puede no ser ideal para niños pequeños, pero no es extremo.	2
Contenido de riesgo máximo: mensaje que romantiza el crimen violento y sus consecuencias en una transmisión en vivo, claramente no apto para menores.	5
Texto preocupante porque incluye comentario que amenaza con hacer daño a otra persona sin dar instrucciones; no contiene instrucciones, pero sí normaliza violencia.	4
Contenido de riesgo alto: mensaje que glorifica una pelea fuerte y humillante en un video de reacción, con glorificación de daño.	4
Texto con violencia moderada: escena donde varios personajes se enfrentan físicamente, con una idea negativa para menores.	3
El contenido menciona discusión fuerte donde nadie resulta herido; requiere contexto, aunque no da instrucciones ni detalles gráficos.	2
El mensaje presenta texto que amenaza con consecuencias violentas graves como algo aceptable o admirable; es altamente inadecuado para menores.	5
El texto menciona video donde se normaliza resolver conflictos con golpes en un relato ficticio; no es apto para niños sin supervisión.	3
Texto no apto para niños ni adolescentes: texto que amenaza con consecuencias violentas graves, con normalización de violencia extrema.	5
Texto preocupante porque incluye texto que justifica golpear a alguien por una discusión; no contiene instrucciones, pero sí normaliza violencia.	4
Comentario de riesgo medio: video con intimidación y contacto violento descrito a alto nivel, con normalización de una conducta agresiva.	3
Comentario de riesgo medio: escena donde varios personajes se enfrentan físicamente, con normalización de una conducta agresiva.	3
Texto preocupante porque incluye mensaje que glorifica una pelea fuerte y humillante; no contiene instrucciones, pero sí normaliza violencia.	4
Texto con riesgo bajo-medio: juego de batalla con accesorios de espuma, presentado sin daño explícito.	2
El texto menciona mensaje que trata los golpes como entretenimiento en un fragmento de película; no es apto para niños sin supervisión.	3
Comentario no recomendado para menores: mensaje que se burla de una víctima después de una agresión, con tono de amenaza o intimidación.	4
Comentario no recomendado para menores: comentario que usa intimidación para provocar miedo, con tono de amenaza o intimidación.	4
Mensaje muy riesgoso: mensaje que trata la violencia extrema como espectáculo; evita detalles gráficos, pero glorifica daño grave.	5
Mensaje de alto riesgo: comentario que amenaza con hacer daño a otra persona sin dar instrucciones en un video de barrio, sin detalles explícitos.	4
El mensaje presenta mensaje que trata la violencia extrema como espectáculo como algo aceptable o admirable; es altamente inadecuado para menores.	5
Comentario sin riesgo: habla de opinión positiva sobre una manualidad familiar, sin violencia ni amenazas.	0
El contenido presenta pelea callejera mencionada de forma general sin detalles gráficos en una transmisión en vivo, lo cual puede ser inadecuado para menores.	3
El contenido presenta pelea callejera mencionada de forma general sin detalles gráficos en un clip de internet, lo cual puede ser inadecuado para menores.	3
Mensaje muy riesgoso: texto que celebra una agresión extrema sin detalles explícitos; evita detalles gráficos, pero glorifica daño grave.	5
El mensaje incluye entrenamiento de artes marciales con protección en un montaje dramático; es acción leve y no gráfica.	2
Texto preocupante porque incluye comentario que amenaza con hacer daño a otra persona sin dar instrucciones; no contiene instrucciones, pero sí normaliza violencia.	4
Comentario no recomendado para menores: mensaje que glorifica una pelea fuerte y humillante, con tono de amenaza o intimidación.	4
Mensaje problemático por mensaje que describe una persecución agresiva sin detalles explícitos; describe violencia a alto nivel, sin detalles gráficos.	3
Texto de bajo riesgo: aparece escena de empujón accidental tratada como humor, sin amenazas ni daño físico.	1
Texto no apto para niños ni adolescentes: mensaje que romantiza el crimen violento y sus consecuencias, con normalización de violencia extrema.	5
Texto preocupante porque incluye comentario que invita a responder a los problemas con violencia; no contiene instrucciones, pero sí normaliza violencia.	4
Comentario de riesgo 5 porque incluye texto que promueve miedo, control e intimidación como poder en una historia corta, con una situación tensa.	5
Comentario no recomendado para menores: comentario que presenta el daño físico como algo divertido, con tono de amenaza o intimidación.	4
Texto apto para menores sobre comentario sano sobre un reto sin peligro; no contiene agresión ni intimidación.	0
Texto con violencia moderada: comentario que celebra una discusión que se vuelve física, con lenguaje de conflicto.	3
El mensaje usa comentario que presenta el daño físico como algo divertido como forma de presión o miedo; no es adecuado para niños.	4
Mensaje tranquilo sobre comentario sano sobre un reto sin peligro, con lenguaje amable y familiar.	0
Texto con violencia moderada: mensaje que describe una persecución agresiva sin detalles explícitos, que requiere supervisión adulta.	3
Contenido de riesgo máximo: texto que celebra una agresión extrema sin detalles explícitos en un comentario de redes, claramente no apto para menores.	5
El contenido presenta comentario que minimiza una pelea real entre adolescentes en una publicación de fans, lo cual puede ser inadecuado para menores.	3
Mensaje problemático por mensaje que trata los golpes como entretenimiento; describe violencia a alto nivel, sin detalles gráficos.	3
Mi razón para vincularme en esto era algo que, en cierta forma, tenía una causa que no era tan censurable. Jorge Salcedo	5
Texto con riesgo bajo-medio: discusión fuerte donde nadie resulta herido, presentado sin daño explícito.	2
Texto de bajo riesgo: aparece comentario con tono molesto pero sin amenazas, sin amenazas ni daño físico.	1
Mensaje de alto riesgo: texto que justifica golpear a alguien por una discusión en un video de reacción, con lenguaje de conflicto.	4
El mensaje incluye entrenamiento de artes marciales con protección en una discusión grabada; es acción leve y no gráfica.	2
El mensaje presenta comentario que celebra daño severo hacia otra persona sin describirlo gráficamente como algo aceptable o admirable; es altamente inadecuado para menores.	5
Mensaje muy riesgoso: mensaje que glorifica violencia grave y la presenta como admirable; evita detalles gráficos, pero glorifica daño grave.	5
Mensaje muy riesgoso: texto que amenaza con consecuencias violentas graves; evita detalles gráficos, pero glorifica daño grave.	5
Contenido de riesgo máximo: texto que amenaza con consecuencias violentas graves en una escena de acción, claramente no apto para menores.	5
El texto menciona comentario que alienta una revancha física sin explicar cómo en una transmisión en vivo; no es apto para niños sin supervisión.	3
Texto preocupante porque incluye comentario que invita a responder a los problemas con violencia; no contiene instrucciones, pero sí normaliza violencia.	4
Texto preocupante porque incluye comentario que usa intimidación para provocar miedo; no contiene instrucciones, pero sí normaliza violencia.	4
Texto preocupante porque incluye texto que celebra que alguien termine lastimado, sin detalles gráficos; no contiene instrucciones, pero sí normaliza violencia.	4
Contenido de riesgo alto: texto que presume participar en actos agresivos en una discusión grabada, con glorificación de daño.	4
Comentario no recomendado para menores: texto que presume participar en actos agresivos, con tono de amenaza o intimidación.	4
El contenido menciona pelea leve de caricatura sin heridas ni miedo intenso; requiere contexto, aunque no da instrucciones ni detalles gráficos.	2
Mensaje tranquilo sobre mensaje familiar sobre un cuento animado, con lenguaje amable y familiar.	0
El mensaje usa texto que justifica golpear a alguien por una discusión como forma de presión o miedo; no es adecuado para niños.	4
Comentario de riesgo 5 porque incluye mensaje que trata la violencia extrema como espectáculo en una discusión grabada, presentado como algo normal.	5
Texto no apto para niños ni adolescentes: comentario que celebra daño severo hacia otra persona sin describirlo gráficamente, con normalización de violencia extrema.	5
Comentario con queja exagerada sobre perder un juego; puede ser poco amable, pero no llega a violencia real.	1
Comentario no recomendado para menores: comentario que invita a responder a los problemas con violencia, con tono de amenaza o intimidación.	4
Comentario de riesgo medio: mensaje que describe una persecución agresiva sin detalles explícitos, con normalización de una conducta agresiva.	3
Mensaje con conflicto menor: queja exagerada sobre perder un juego, sin contenido gráfico.	1
Texto preocupante porque incluye comentario que invita a responder a los problemas con violencia; no contiene instrucciones, pero sí normaliza violencia.	4
El mensaje es seguro: trata de comentario positivo sobre un juego de mesa y mantiene un tono respetuoso.	0
Texto preocupante porque incluye texto que celebra que alguien termine lastimado, sin detalles gráficos; no contiene instrucciones, pero sí normaliza violencia.	4
El mensaje incluye video de acción con golpes simulados y tono ficticio en un fragmento de película; es acción leve y no gráfica.	2
Contenido de riesgo alto: texto que presume participar en actos agresivos en un foro de adolescentes, con glorificación de daño.	4
Comentario de riesgo 5 porque incluye texto que celebra una agresión extrema sin detalles explícitos en un montaje dramático, con una situación tensa.	5
Comentario no recomendado para menores: texto que justifica golpear a alguien por una discusión, con tono de amenaza o intimidación.	4
El texto menciona comentario que celebra una discusión que se vuelve física en una discusión grabada; no es apto para niños sin supervisión.	3
El contenido menciona caída cómica sobre colchoneta sin consecuencias; requiere contexto, aunque no da instrucciones ni detalles gráficos.	2
Comentario de riesgo 5 porque incluye mensaje que romantiza el crimen violento y sus consecuencias en un clip de internet, que puede asustar a menores.	5
El contenido presenta mensaje que presenta la agresión como forma de ganar respeto en un fragmento de película, lo cual puede ser inadecuado para menores.	3
El contenido presenta mensaje que describe una persecución agresiva sin detalles explícitos en una transmisión en vivo, lo cual puede ser inadecuado para menores.	3
Texto preocupante porque incluye texto que presume participar en actos agresivos; no contiene instrucciones, pero sí normaliza violencia.	4
Contenido de riesgo máximo: mensaje que glorifica violencia grave y la presenta como admirable en un montaje dramático, claramente no apto para menores.	5
Comentario de riesgo medio: mensaje que describe una persecución agresiva sin detalles explícitos, con normalización de una conducta agresiva.	3
Mensaje de alto riesgo: mensaje que se burla de una víctima después de una agresión en una escena de acción, con tono intimidante.	4
Texto preocupante porque incluye comentario que amenaza con hacer daño a otra persona sin dar instrucciones; no contiene instrucciones, pero sí normaliza violencia.	4
Texto con violencia moderada: pelea callejera mencionada de forma general sin detalles gráficos, sin detalles explícitos.	3
Texto con violencia moderada: comentario que minimiza una pelea real entre adolescentes, que puede asustar a menores.	3
El texto muestra comentario de rivalidad escolar sin daño físico en un comentario de redes, con tono molesto pero controlado.	1
Comentario sobre competencia deportiva con contacto controlado; puede no ser ideal para niños pequeños, pero no es extremo.	2
Texto con violencia moderada: mensaje que describe una persecución agresiva sin detalles explícitos, no apto para niños pequeños.	3
El mensaje presenta mensaje que romantiza el crimen violento y sus consecuencias como algo aceptable o admirable; es altamente inadecuado para menores.	5
El contenido presenta video donde se normaliza resolver conflictos con golpes en un comentario de redes, lo cual puede ser inadecuado para menores.	3
Comentario sobre escena de empujones en un juego físico supervisado; puede no ser ideal para niños pequeños, pero no es extremo.	2
Texto no apto para niños ni adolescentes: texto que celebra una agresión extrema sin detalles explícitos, con normalización de violencia extrema.	5
Texto con riesgo bajo-medio: caída cómica sobre colchoneta sin consecuencias, presentado sin daño explícito.	2
Comentario positivo de comentario amable sobre una canción infantil; es adecuado para un entorno infantil.	0
Comentario sobre discusión fuerte donde nadie resulta herido; puede no ser ideal para niños pequeños, pero no es extremo.	2
El mensaje presenta mensaje que presenta la crueldad como algo aceptable como algo aceptable o admirable; es altamente inadecuado para menores.	5
Mensaje de alto riesgo: texto que justifica golpear a alguien por una discusión en un clip de internet, descrito de forma general.	4
El contenido menciona juego de batalla con accesorios de espuma; requiere contexto, aunque no da instrucciones ni detalles gráficos.	2
Comentario de riesgo 5 porque incluye texto que celebra una agresión extrema sin detalles explícitos en un clip de internet, con tono intimidante.	5
Texto con riesgo bajo-medio: escena de empujones en un juego físico supervisado, presentado sin daño explícito.	2
Texto no apto para niños ni adolescentes: comentario que normaliza hacer daño grave para ganar respeto, con normalización de violencia extrema.	5
Contenido de riesgo máximo: comentario que elogia a figuras criminales violentas en una escena de acción, claramente no apto para menores.	5
Comentario sobre competencia deportiva con contacto controlado; puede no ser ideal para niños pequeños, pero no es extremo.	2
Comentario de riesgo 5 porque incluye mensaje que presenta la crueldad como algo aceptable en una transmisión en vivo, con enfoque poco saludable.	5
Contenido de riesgo alto: mensaje que normaliza la venganza violenta en una escena de acción, con glorificación de daño.	4
Contenido de riesgo máximo: comentario que normaliza hacer daño grave para ganar respeto en una historia corta, claramente no apto para menores.	5
El mensaje presenta mensaje que presenta la crueldad como algo aceptable como algo aceptable o admirable; es altamente inadecuado para menores.	5
Comentario no recomendado para menores: comentario que amenaza con hacer daño a otra persona sin dar instrucciones, con tono de amenaza o intimidación.	4
Texto no apto para niños ni adolescentes: mensaje que presenta la crueldad como algo aceptable, con normalización de violencia extrema.	5
Comentario no recomendado para menores: comentario que invita a responder a los problemas con violencia, con tono de amenaza o intimidación.	4
Mensaje muy riesgoso: texto que amenaza con consecuencias violentas graves; evita detalles gráficos, pero glorifica daño grave.	5
Una sociedad que no interpreta y aprecia correctamente su pasado no puede comprender sus fortunas y adversidades actuales y puede ser sorprendido por sorpresa en un mundo en constante cambio. Dawood Ibrahim Kaska	5
Comentario no recomendado para menores: comentario que usa intimidación para provocar miedo, con tono de amenaza o intimidación.	4
El mensaje presenta mensaje que trata la violencia extrema como espectáculo como algo aceptable o admirable; es altamente inadecuado para menores.	5
Mensaje con entrenamiento de artes marciales con protección en un comentario de redes, tratado como ficción o actividad controlada.	2
Mensaje muy riesgoso: mensaje que presenta la crueldad como algo aceptable; evita detalles gráficos, pero glorifica daño grave.	5
Texto con violencia moderada: comentario que minimiza una pelea real entre adolescentes, que puede asustar a menores.	3
El mensaje presenta texto que amenaza con consecuencias violentas graves como algo aceptable o admirable; es altamente inadecuado para menores.	5
Mensaje problemático por video donde se normaliza resolver conflictos con golpes; describe violencia a alto nivel, sin detalles gráficos.	3
Comentario sin riesgo: habla de mensaje familiar sobre un cuento animado, sin violencia ni amenazas.	0
Comentario positivo de mensaje familiar sobre un cuento animado; es adecuado para un entorno infantil.	0
Comentario de riesgo 5 porque incluye comentario que elogia a figuras criminales violentas en un relato ficticio, con tono agresivo.	5
Comentario de riesgo medio: escena donde varios personajes se enfrentan físicamente, con normalización de una conducta agresiva.	3
Texto con riesgo bajo-medio: juego de batalla con accesorios de espuma, presentado sin daño explícito.	2
Mensaje muy riesgoso: comentario que celebra daño severo hacia otra persona sin describirlo gráficamente; evita detalles gráficos, pero glorifica daño grave.	5
El contenido presenta comentario que celebra una discusión que se vuelve física en un montaje dramático, lo cual puede ser inadecuado para menores.	3
Comentario de riesgo 5 porque incluye comentario que normaliza hacer daño grave para ganar respeto en un video de reacción, con enfoque poco saludable.	5
Mensaje de alto riesgo: comentario que invita a responder a los problemas con violencia en un video viral, con tono intimidante.	4
Comentario con reacción impulsiva ante una derrota; puede ser poco amable, pero no llega a violencia real.	1
Aki puro 🆖	5
El mensaje presenta texto que promueve miedo, control e intimidación como poder como algo aceptable o admirable; es altamente inadecuado para menores.	5
Texto no apto para niños ni adolescentes: texto que amenaza con consecuencias violentas graves, con normalización de violencia extrema.	5
El texto menciona mensaje que describe una persecución agresiva sin detalles explícitos en una transmisión en vivo; no es apto para niños sin supervisión.	3
Contenido de riesgo alto: comentario que invita a responder a los problemas con violencia en un foro de adolescentes, con glorificación de daño.	4
El texto muestra intercambio tenso que termina en disculpa en un montaje dramático, con tono molesto pero controlado.	1
El texto menciona mensaje que trata los golpes como entretenimiento en un montaje dramático; no es apto para niños sin supervisión.	3
Texto preocupante porque incluye comentario que usa intimidación para provocar miedo; no contiene instrucciones, pero sí normaliza violencia.	4
Comentario de riesgo medio: video donde se normaliza resolver conflictos con golpes, con normalización de una conducta agresiva.	3
El mensaje usa mensaje que glorifica una pelea fuerte y humillante como forma de presión o miedo; no es adecuado para niños.	4
Comentario de riesgo 5 porque incluye mensaje que trata la violencia extrema como espectáculo en un clip de internet, no apto para niños pequeños.	5
Mensaje problemático por comentario que minimiza una pelea real entre adolescentes; describe violencia a alto nivel, sin detalles gráficos.	3
Texto preocupante porque incluye mensaje que se burla de una víctima después de una agresión; no contiene instrucciones, pero sí normaliza violencia.	4
Texto preocupante porque incluye mensaje que glorifica una pelea fuerte y humillante; no contiene instrucciones, pero sí normaliza violencia.	4
El mensaje usa mensaje que normaliza la venganza violenta como forma de presión o miedo; no es adecuado para niños.	4
Comentario de riesgo medio: comentario que celebra una discusión que se vuelve física, con normalización de una conducta agresiva.	3
Comentario no recomendado para menores: mensaje que glorifica una pelea fuerte y humillante, con tono de amenaza o intimidación.	4
Contenido de riesgo máximo: comentario que celebra daño severo hacia otra persona sin describirlo gráficamente en un comentario de redes, claramente no apto para menores.	5
Mensaje muy riesgoso: texto que promueve miedo, control e intimidación como poder; evita detalles gráficos, pero glorifica daño grave.	5
Comentario sin riesgo: habla de opinión positiva sobre una manualidad familiar, sin violencia ni amenazas.	0
Texto no apto para niños ni adolescentes: comentario que normaliza hacer daño grave para ganar respeto, con normalización de violencia extrema.	5
Mensaje muy riesgoso: mensaje que glorifica violencia grave y la presenta como admirable; evita detalles gráficos, pero glorifica daño grave.	5
El mensaje presenta comentario que elogia a figuras criminales violentas como algo aceptable o admirable; es altamente inadecuado para menores.	5
Mensaje muy riesgoso: texto que celebra una agresión extrema sin detalles explícitos; evita detalles gráficos, pero glorifica daño grave.	5
Comentario de riesgo 5 porque incluye mensaje que glorifica violencia grave y la presenta como admirable en una discusión grabada, con una situación tensa.	5
Comentario no recomendado para menores: mensaje que se burla de una víctima después de una agresión, con tono de amenaza o intimidación.	4
Mensaje con video de acción con golpes simulados y tono ficticio en un foro de adolescentes, tratado como ficción o actividad controlada.	2
Mensaje de alto riesgo: mensaje que normaliza la venganza violenta en una historia corta, con una situación tensa.	4
Comentario de riesgo medio: escena donde varios personajes se enfrentan físicamente, con normalización de una conducta agresiva.	3
Comentario de riesgo 5 porque incluye mensaje que romantiza el crimen violento y sus consecuencias en una historia corta, presentado como algo normal.	5
Mensaje con conflicto menor: comentario con tono molesto pero sin amenazas, sin contenido gráfico.	1
Mensaje problemático por mensaje que describe una persecución agresiva sin detalles explícitos; describe violencia a alto nivel, sin detalles gráficos.	3
El contenido presenta comentario que alienta una revancha física sin explicar cómo en un video de barrio, lo cual puede ser inadecuado para menores.	3
La familia termina siendo nuestro talón de Aquiles. Pablo Escobar	5
Texto preocupante porque incluye texto que presume participar en actos agresivos; no contiene instrucciones, pero sí normaliza violencia.	4
Mensaje con escena de choque leve presentada como comedia en un montaje dramático, tratado como ficción o actividad controlada.	2
El mensaje es seguro: trata de comentario sano sobre un reto sin peligro y mantiene un tono respetuoso.	0
Comentario de riesgo 5 porque incluye texto que celebra una agresión extrema sin detalles explícitos en una escena de acción, que puede asustar a menores.	5
Mensaje muy riesgoso: comentario que elogia a figuras criminales violentas; evita detalles gráficos, pero glorifica daño grave.	5
El mensaje incluye entrenamiento de artes marciales con protección en un foro de adolescentes; es acción leve y no gráfica.	2
Mensaje con video de acción con golpes simulados y tono ficticio en una animación oscura, tratado como ficción o actividad controlada.	2
El mensaje usa mensaje que se burla de una víctima después de una agresión como forma de presión o miedo; no es adecuado para niños.	4
El texto menciona comentario que celebra una discusión que se vuelve física en una publicación de fans; no es apto para niños sin supervisión.	3
El texto menciona mensaje que trata los golpes como entretenimiento en un video de reacción; no es apto para niños sin supervisión.	3
Texto no apto para niños ni adolescentes: comentario que normaliza hacer daño grave para ganar respeto, con normalización de violencia extrema.	5
Contenido de riesgo alto: comentario que invita a responder a los problemas con violencia en un montaje dramático, con glorificación de daño.	4
Contenido de riesgo máximo: comentario que celebra daño severo hacia otra persona sin describirlo gráficamente en un video viral, claramente no apto para menores.	5
El mensaje incluye escena de choque leve presentada como comedia en un clip de internet; es acción leve y no gráfica.	2
Mensaje con competencia deportiva con contacto controlado en una escena de acción, tratado como ficción o actividad controlada.	2
El contenido presenta pelea callejera mencionada de forma general sin detalles gráficos en una transmisión en vivo, lo cual puede ser inadecuado para menores.	3
El contenido presenta comentario que minimiza una pelea real entre adolescentes en una animación oscura, lo cual puede ser inadecuado para menores.	3
Texto preocupante porque incluye mensaje que normaliza la venganza violenta; no contiene instrucciones, pero sí normaliza violencia.	4
Comentario positivo de opinión positiva sobre una manualidad familiar; es adecuado para un entorno infantil.	0
Mensaje de alto riesgo: texto que presume participar en actos agresivos en un fragmento de película, con lenguaje de conflicto.	4
El texto menciona comentario que minimiza una pelea real entre adolescentes en un fragmento de película; no es apto para niños sin supervisión.	3
Comentario positivo de mensaje respetuoso en un video de ciencia para niños; es adecuado para un entorno infantil.	0
Mensaje de alto riesgo: comentario que invita a responder a los problemas con violencia en un fragmento de película, con una idea negativa para menores.	4
El mensaje presenta mensaje que presenta la crueldad como algo aceptable como algo aceptable o admirable; es altamente inadecuado para menores.	5
Mensaje tranquilo sobre opinión positiva sobre una manualidad familiar, con lenguaje amable y familiar.	0
Comentario no recomendado para menores: comentario que amenaza con hacer daño a otra persona sin dar instrucciones, con tono de amenaza o intimidación.	4
El mensaje presenta comentario que normaliza hacer daño grave para ganar respeto como algo aceptable o admirable; es altamente inadecuado para menores.	5
Comentario no recomendado para menores: comentario que presenta el daño físico como algo divertido, con tono de amenaza o intimidación.	4
Mensaje con conflicto menor: reacción impulsiva ante una derrota, sin contenido gráfico.	1
Comentario sobre video de acción con golpes simulados y tono ficticio; puede no ser ideal para niños pequeños, pero no es extremo.	2
El mensaje usa texto que presume participar en actos agresivos como forma de presión o miedo; no es adecuado para niños.	4
Contenido de riesgo máximo: comentario que celebra daño severo hacia otra persona sin describirlo gráficamente en un fragmento de película, claramente no apto para menores.	5
Mensaje de alto riesgo: mensaje que se burla de una víctima después de una agresión en una discusión grabada, descrito de forma general.	4
Mensaje con video de acción con golpes simulados y tono ficticio en una animación oscura, tratado como ficción o actividad controlada.	2
El mensaje presenta texto que celebra una agresión extrema sin detalles explícitos como algo aceptable o admirable; es altamente inadecuado para menores.	5
Texto con violencia moderada: escena donde varios personajes se enfrentan físicamente, con una situación tensa.	3
El mensaje presenta comentario que normaliza hacer daño grave para ganar respeto como algo aceptable o admirable; es altamente inadecuado para menores.	5
Comentario no recomendado para menores: comentario que presenta el daño físico como algo divertido, con tono de amenaza o intimidación.	4
El texto menciona escena donde varios personajes se enfrentan físicamente en una publicación de fans; no es apto para niños sin supervisión.	3
El contenido presenta mensaje que describe una persecución agresiva sin detalles explícitos en un video viral, lo cual puede ser inadecuado para menores.	3
El contenido presenta comentario que celebra una discusión que se vuelve física en una transmisión en vivo, lo cual puede ser inadecuado para menores.	3
Mensaje problemático por comentario que minimiza una pelea real entre adolescentes; describe violencia a alto nivel, sin detalles gráficos.	3
Comentario positivo de reacción tranquila a un video de mascotas; es adecuado para un entorno infantil.	0
Contenido de riesgo alto: comentario que amenaza con hacer daño a otra persona sin dar instrucciones en un video viral, con glorificación de daño.	4
Texto con riesgo bajo-medio: caída cómica sobre colchoneta sin consecuencias, presentado sin daño explícito.	2
El contenido menciona competencia deportiva con contacto controlado; requiere contexto, aunque no da instrucciones ni detalles gráficos.	2
Mensaje muy riesgoso: mensaje que romantiza el crimen violento y sus consecuencias; evita detalles gráficos, pero glorifica daño grave.	5
Comentario no recomendado para menores: comentario que amenaza con hacer daño a otra persona sin dar instrucciones, con tono de amenaza o intimidación.	4
Contenido de riesgo alto: mensaje que se burla de una víctima después de una agresión en una discusión grabada, con glorificación de daño.	4
la unica forma que avanzem, los drones claro 😁😆	5
Mensaje muy riesgoso: comentario que celebra daño severo hacia otra persona sin describirlo gráficamente; evita detalles gráficos, pero glorifica daño grave.	5
El mensaje presenta texto que promueve miedo, control e intimidación como poder como algo aceptable o admirable; es altamente inadecuado para menores.	5
Texto no apto para niños ni adolescentes: comentario que normaliza hacer daño grave para ganar respeto, con normalización de violencia extrema.	5
El mensaje incluye escena de choque leve presentada como comedia en un montaje dramático; es acción leve y no gráfica.	2
no son las 4 pa	5
Texto con violencia moderada: video donde se normaliza resolver conflictos con golpes, con una idea negativa para menores.	3
Comentario sobre juego de batalla con accesorios de espuma; puede no ser ideal para niños pequeños, pero no es extremo.	2
El mensaje presenta comentario que celebra daño severo hacia otra persona sin describirlo gráficamente como algo aceptable o admirable; es altamente inadecuado para menores.	5
Texto preocupante porque incluye mensaje que normaliza la venganza violenta; no contiene instrucciones, pero sí normaliza violencia.	4
Comentario de riesgo medio: video donde se normaliza resolver conflictos con golpes, con normalización de una conducta agresiva.	3
Mensaje muy riesgoso: mensaje que trata la violencia extrema como espectáculo; evita detalles gráficos, pero glorifica daño grave.	5
El mensaje incluye escena de empujones en un juego físico supervisado en un comentario de redes; es acción leve y no gráfica.	2
Texto apto para menores sobre mensaje respetuoso en un video de ciencia para niños; no contiene agresión ni intimidación.	0
Comentario no recomendado para menores: mensaje que normaliza la venganza violenta, con tono de amenaza o intimidación.	4
Comentario no recomendado para menores: comentario que invita a responder a los problemas con violencia, con tono de amenaza o intimidación.	4
Mensaje con competencia deportiva con contacto controlado en un comentario de redes, tratado como ficción o actividad controlada.	2
El mensaje es seguro: trata de opinión positiva sobre una manualidad familiar y mantiene un tono respetuoso.	0
El contenido presenta mensaje que trata los golpes como entretenimiento en una discusión grabada, lo cual puede ser inadecuado para menores.	3
Mensaje de alto riesgo: comentario que usa intimidación para provocar miedo en una animación oscura, sin detalles explícitos.	4
El contenido menciona discusión fuerte donde nadie resulta herido; requiere contexto, aunque no da instrucciones ni detalles gráficos.	2
Mensaje muy riesgoso: mensaje que trata la violencia extrema como espectáculo; evita detalles gráficos, pero glorifica daño grave.	5
El mensaje presenta comentario que elogia a figuras criminales violentas como algo aceptable o admirable; es altamente inadecuado para menores.	5
Mensaje de alto riesgo: comentario que usa intimidación para provocar miedo en un foro de adolescentes, con una situación tensa.	4
Comentario de riesgo medio: comentario que alienta una revancha física sin explicar cómo, con normalización de una conducta agresiva.	3
El mensaje incluye video de acción con golpes simulados y tono ficticio en un video de reacción; es acción leve y no gráfica.	2
El texto menciona video con intimidación y contacto violento descrito a alto nivel en un video de barrio; no es apto para niños sin supervisión.	3
Mensaje tranquilo sobre opinión neutral sobre una receta sencilla, con lenguaje amable y familiar.	0
Contenido de riesgo alto: mensaje que glorifica una pelea fuerte y humillante en un montaje dramático, con glorificación de daño.	4
Comentario con broma ruda entre amigos que no pasa a mayores; puede ser poco amable, pero no llega a violencia real.	1
Mensaje con conflicto menor: reacción impulsiva ante una derrota, sin contenido gráfico.	1
El mensaje presenta texto que promueve miedo, control e intimidación como poder como algo aceptable o admirable; es altamente inadecuado para menores.	5
Mensaje muy riesgoso: mensaje que glorifica violencia grave y la presenta como admirable; evita detalles gráficos, pero glorifica daño grave.	5
Texto con riesgo bajo-medio: entrenamiento de artes marciales con protección, presentado sin daño explícito.	2
Texto apto para menores sobre comentario sobre un video educativo sin lenguaje agresivo; no contiene agresión ni intimidación.	0
El texto menciona mensaje que trata los golpes como entretenimiento en una publicación de fans; no es apto para niños sin supervisión.	3
El mensaje usa comentario que invita a responder a los problemas con violencia como forma de presión o miedo; no es adecuado para niños.	4
La que riendo me la hace, llorando me las paga, mija. Pablo Escobar	5
Texto apto para menores sobre reacción tranquila a un video de mascotas; no contiene agresión ni intimidación.	0
Texto con violencia moderada: mensaje que trata los golpes como entretenimiento, sin detalles explícitos.	3
El mensaje contiene queja exagerada sobre perder un juego en un video viral, pero se mantiene en un nivel leve.	1
No hay traidores pequeños, solo traiciones grandes. Amado Carrillo Fuentes	5
Comentario de riesgo 5 porque incluye mensaje que presenta la crueldad como algo aceptable en un relato ficticio, descrito de forma general.	5
Contenido de riesgo máximo: comentario que celebra daño severo hacia otra persona sin describirlo gráficamente en una discusión grabada, claramente no apto para menores.	5
Comentario de riesgo 5 porque incluye mensaje que trata la violencia extrema como espectáculo en una discusión grabada, con una situación tensa.	5
El texto menciona comentario que celebra una discusión que se vuelve física en una discusión grabada; no es apto para niños sin supervisión.	3
Contenido de riesgo máximo: comentario que celebra daño severo hacia otra persona sin describirlo gráficamente en un clip de internet, claramente no apto para menores.	5
Comentario no recomendado para menores: texto que celebra que alguien termine lastimado, sin detalles gráficos, con tono de amenaza o intimidación.	4
Mensaje tranquilo sobre comentario sano sobre un reto sin peligro, con lenguaje amable y familiar.	0
Mensaje muy riesgoso: texto que promueve miedo, control e intimidación como poder; evita detalles gráficos, pero glorifica daño grave.	5
Mensaje muy riesgoso: mensaje que glorifica violencia grave y la presenta como admirable; evita detalles gráficos, pero glorifica daño grave.	5
Mensaje muy riesgoso: comentario que elogia a figuras criminales violentas; evita detalles gráficos, pero glorifica daño grave.	5
El texto menciona comentario que celebra una discusión que se vuelve física en un clip de internet; no es apto para niños sin supervisión.	3
Mensaje problemático por comentario que alienta una revancha física sin explicar cómo; describe violencia a alto nivel, sin detalles gráficos.	3
Contenido de riesgo máximo: mensaje que romantiza el crimen violento y sus consecuencias en un video de barrio, claramente no apto para menores.	5
Comentario sobre competencia deportiva con contacto controlado; puede no ser ideal para niños pequeños, pero no es extremo.	2
Texto apto para menores sobre comentario sobre un video educativo sin lenguaje agresivo; no contiene agresión ni intimidación.	0
Contenido de riesgo máximo: mensaje que glorifica violencia grave y la presenta como admirable en un video de reacción, claramente no apto para menores.	5
El contenido menciona entrenamiento de artes marciales con protección; requiere contexto, aunque no da instrucciones ni detalles gráficos.	2
El mensaje contiene discusión leve entre personajes sin insultos fuertes en una escena de acción, pero se mantiene en un nivel leve.	1
Texto no apto para niños ni adolescentes: comentario que celebra daño severo hacia otra persona sin describirlo gráficamente, con normalización de violencia extrema.	5
El contenido presenta comentario que celebra una discusión que se vuelve física en una transmisión en vivo, lo cual puede ser inadecuado para menores.	3
Comentario de riesgo 5 porque incluye comentario que elogia a figuras criminales violentas en un fragmento de película, presentado como algo normal.	5
El texto menciona video con intimidación y contacto violento descrito a alto nivel en un video viral; no es apto para niños sin supervisión.	3
El contenido presenta comentario que minimiza una pelea real entre adolescentes en un comentario de redes, lo cual puede ser inadecuado para menores.	3
Contenido de riesgo alto: texto que celebra que alguien termine lastimado, sin detalles gráficos en un relato ficticio, con glorificación de daño.	4
El contenido presenta mensaje que trata los golpes como entretenimiento en una discusión grabada, lo cual puede ser inadecuado para menores.	3
Comentario positivo de opinión positiva sobre una manualidad familiar; es adecuado para un entorno infantil.	0
Texto no apto para niños ni adolescentes: texto que amenaza con consecuencias violentas graves, con normalización de violencia extrema.	5
El contenido presenta comentario que celebra una discusión que se vuelve física en un clip de internet, lo cual puede ser inadecuado para menores.	3
El mensaje presenta mensaje que trata la violencia extrema como espectáculo como algo aceptable o admirable; es altamente inadecuado para menores.	5
Comentario de riesgo medio: escena donde varios personajes se enfrentan físicamente, con normalización de una conducta agresiva.	3
Texto con riesgo bajo-medio: escena de empujones en un juego físico supervisado, presentado sin daño explícito.	2
Comentario no recomendado para menores: texto que justifica golpear a alguien por una discusión, con tono de amenaza o intimidación.	4
Comentario no recomendado para menores: comentario que amenaza con hacer daño a otra persona sin dar instrucciones, con tono de amenaza o intimidación.	4
Texto preocupante porque incluye mensaje que normaliza la venganza violenta; no contiene instrucciones, pero sí normaliza violencia.	4
Comentario de riesgo 5 porque incluye mensaje que trata la violencia extrema como espectáculo en un video de reacción, con enfoque poco saludable.	5
Mensaje muy riesgoso: texto que amenaza con consecuencias violentas graves; evita detalles gráficos, pero glorifica daño grave.	5
El contenido menciona video de acción con golpes simulados y tono ficticio; requiere contexto, aunque no da instrucciones ni detalles gráficos.	2
Contenido de riesgo máximo: mensaje que romantiza el crimen violento y sus consecuencias en una animación oscura, claramente no apto para menores.	5
Mensaje muy riesgoso: texto que amenaza con consecuencias violentas graves; evita detalles gráficos, pero glorifica daño grave.	5
El contenido menciona escena de choque leve presentada como comedia; requiere contexto, aunque no da instrucciones ni detalles gráficos.	2
Mensaje de alto riesgo: mensaje que se burla de una víctima después de una agresión en un relato ficticio, con lenguaje de conflicto.	4
El mensaje es seguro: trata de mensaje respetuoso en un video de ciencia para niños y mantiene un tono respetuoso.	0
El contenido menciona entrenamiento de artes marciales con protección; requiere contexto, aunque no da instrucciones ni detalles gráficos.	2
Mensaje muy riesgoso: comentario que normaliza hacer daño grave para ganar respeto; evita detalles gráficos, pero glorifica daño grave.	5
Mensaje problemático por mensaje que describe una persecución agresiva sin detalles explícitos; describe violencia a alto nivel, sin detalles gráficos.	3
El texto menciona video con intimidación y contacto violento descrito a alto nivel en un montaje dramático; no es apto para niños sin supervisión.	3
Comentario sobre entrenamiento de artes marciales con protección; puede no ser ideal para niños pequeños, pero no es extremo.	2
Comentario de riesgo 5 porque incluye mensaje que glorifica violencia grave y la presenta como admirable en un comentario de redes, que puede asustar a menores.	5
Mensaje de alto riesgo: texto que presume participar en actos agresivos en un comentario de redes, con tono agresivo.	4
todos tienen debilidades pero corren más los militares cuando se los topan	5
Texto con violencia moderada: comentario que minimiza una pelea real entre adolescentes, no apto para niños pequeños.	3
Mensaje con conflicto menor: intercambio tenso que termina en disculpa, sin contenido gráfico.	1
Texto apto para menores sobre reacción alegre a un video de baile; no contiene agresión ni intimidación.	0
Texto con violencia moderada: escena donde varios personajes se enfrentan físicamente, presentado como algo normal.	3
Contenido de riesgo máximo: texto que celebra una agresión extrema sin detalles explícitos en una transmisión en vivo, claramente no apto para menores.	5
Comentario sobre competencia deportiva con contacto controlado; puede no ser ideal para niños pequeños, pero no es extremo.	2
Texto con violencia moderada: mensaje que presenta la agresión como forma de ganar respeto, con una idea negativa para menores.	3
Mensaje con conflicto menor: desafío verbal algo brusco pero sin violencia, sin contenido gráfico.	1
Texto preocupante porque incluye texto que presume participar en actos agresivos; no contiene instrucciones, pero sí normaliza violencia.	4
Comentario de riesgo 5 porque incluye texto que amenaza con consecuencias violentas graves en una animación oscura, sin detalles explícitos.	5
El mensaje usa comentario que usa intimidación para provocar miedo como forma de presión o miedo; no es adecuado para niños.	4
Mensaje con conflicto menor: comentario de rivalidad escolar sin daño físico, sin contenido gráfico.	1
Mensaje de alto riesgo: mensaje que normaliza la venganza violenta en una publicación de fans, no apto para niños pequeños.	4
Las marinas se reportan jaja	5
Mensaje muy riesgoso: mensaje que trata la violencia extrema como espectáculo; evita detalles gráficos, pero glorifica daño grave.	5
Contenido de riesgo alto: comentario que usa intimidación para provocar miedo en un fragmento de película, con glorificación de daño.	4
El contenido presenta mensaje que presenta la agresión como forma de ganar respeto en un relato ficticio, lo cual puede ser inadecuado para menores.	3
Contenido de riesgo alto: mensaje que glorifica una pelea fuerte y humillante en un montaje dramático, con glorificación de daño.	4
Mensaje de alto riesgo: texto que justifica golpear a alguien por una discusión en una historia corta, no apto para niños pequeños.	4
Texto con violencia moderada: mensaje que describe una persecución agresiva sin detalles explícitos, presentado como algo normal.	3
Texto preocupante porque incluye mensaje que normaliza la venganza violenta; no contiene instrucciones, pero sí normaliza violencia.	4
Texto preocupante porque incluye texto que justifica golpear a alguien por una discusión; no contiene instrucciones, pero sí normaliza violencia.	4
Texto preocupante porque incluye comentario que invita a responder a los problemas con violencia; no contiene instrucciones, pero sí normaliza violencia.	4
El texto menciona mensaje que trata los golpes como entretenimiento en una animación oscura; no es apto para niños sin supervisión.	3
Mensaje muy riesgoso: comentario que celebra daño severo hacia otra persona sin describirlo gráficamente; evita detalles gráficos, pero glorifica daño grave.	5
Texto con violencia moderada: mensaje que trata los golpes como entretenimiento, sin detalles explícitos.	3
Comentario sobre escena de empujones en un juego físico supervisado; puede no ser ideal para niños pequeños, pero no es extremo.	2
El contenido menciona caída cómica sobre colchoneta sin consecuencias; requiere contexto, aunque no da instrucciones ni detalles gráficos.	2
Mensaje muy riesgoso: mensaje que presenta la crueldad como algo aceptable; evita detalles gráficos, pero glorifica daño grave.	5
Comentario de riesgo 5 porque incluye mensaje que glorifica violencia grave y la presenta como admirable en una animación oscura, sin detalles explícitos.	5
Texto con violencia moderada: video con intimidación y contacto violento descrito a alto nivel, con tono agresivo.	3
Comentario no recomendado para menores: comentario que presenta el daño físico como algo divertido, con tono de amenaza o intimidación.	4
El mensaje usa mensaje que se burla de una víctima después de una agresión como forma de presión o miedo; no es adecuado para niños.	4
Contenido de riesgo máximo: mensaje que romantiza el crimen violento y sus consecuencias en un comentario de redes, claramente no apto para menores.	5
El texto menciona mensaje que trata los golpes como entretenimiento en un foro de adolescentes; no es apto para niños sin supervisión.	3
Comentario de riesgo medio: mensaje que trata los golpes como entretenimiento, con normalización de una conducta agresiva.	3
El mensaje contiene broma ruda entre amigos que no pasa a mayores en un video de barrio, pero se mantiene en un nivel leve.	1
Contenido de riesgo alto: comentario que usa intimidación para provocar miedo en un video viral, con glorificación de daño.	4
Comentario positivo de comentario positivo sobre un juego de mesa; es adecuado para un entorno infantil.	0
Comentario con desafío verbal algo brusco pero sin violencia; puede ser poco amable, pero no llega a violencia real.	1
Contenido de riesgo alto: texto que celebra que alguien termine lastimado, sin detalles gráficos en un comentario de redes, con glorificación de daño.	4
Mensaje con pelea leve de caricatura sin heridas ni miedo intenso en una escena de acción, tratado como ficción o actividad controlada.	2
Contenido de riesgo alto: comentario que presenta el daño físico como algo divertido en un video viral, con glorificación de daño.	4
Mensaje muy riesgoso: comentario que elogia a figuras criminales violentas; evita detalles gráficos, pero glorifica daño grave.	5
Texto de bajo riesgo: aparece queja exagerada sobre perder un juego, sin amenazas ni daño físico.	1
El mensaje usa texto que presume participar en actos agresivos como forma de presión o miedo; no es adecuado para niños.	4
Texto no apto para niños ni adolescentes: mensaje que presenta la crueldad como algo aceptable, con normalización de violencia extrema.	5
Mensaje muy riesgoso: comentario que normaliza hacer daño grave para ganar respeto; evita detalles gráficos, pero glorifica daño grave.	5
Comentario no recomendado para menores: texto que celebra que alguien termine lastimado, sin detalles gráficos, con tono de amenaza o intimidación.	4
Contenido de riesgo alto: texto que celebra que alguien termine lastimado, sin detalles gráficos en un relato ficticio, con glorificación de daño.	4
Texto con riesgo bajo-medio: pelea leve de caricatura sin heridas ni miedo intenso, presentado sin daño explícito.	2
El contenido presenta video con intimidación y contacto violento descrito a alto nivel en un fragmento de película, lo cual puede ser inadecuado para menores.	3
El texto menciona video donde se normaliza resolver conflictos con golpes en un video viral; no es apto para niños sin supervisión.	3
El mensaje presenta comentario que celebra daño severo hacia otra persona sin describirlo gráficamente como algo aceptable o admirable; es altamente inadecuado para menores.	5
El contenido presenta escena donde varios personajes se enfrentan físicamente en un foro de adolescentes, lo cual puede ser inadecuado para menores.	3
de valientes está lleno el panteón compa	5
Comentario de riesgo 5 porque incluye mensaje que romantiza el crimen violento y sus consecuencias en una publicación de fans, que puede asustar a menores.	5
Contenido de riesgo máximo: mensaje que glorifica violencia grave y la presenta como admirable en un clip de internet, claramente no apto para menores.	5
Texto con violencia moderada: mensaje que describe una persecución agresiva sin detalles explícitos, con tono agresivo.	3
Sé que un día me voy a morir, pero espero que sea por causas naturales. Chapo Guzmán	5
Texto preocupante porque incluye texto que celebra que alguien termine lastimado, sin detalles gráficos; no contiene instrucciones, pero sí normaliza violencia.	4
Con los políticos que tenemos en Colombia, ser bandido es un honor. Pablo Escobar	5
Texto con riesgo bajo-medio: video de acción con golpes simulados y tono ficticio, presentado sin daño explícito.	2
Contenido de riesgo alto: mensaje que glorifica una pelea fuerte y humillante en un comentario de redes, con glorificación de daño.	4
Texto no apto para niños ni adolescentes: texto que celebra una agresión extrema sin detalles explícitos, con normalización de violencia extrema.	5
Mensaje de alto riesgo: comentario que invita a responder a los problemas con violencia en un montaje dramático, con enfoque poco saludable.	4
El mensaje presenta comentario que normaliza hacer daño grave para ganar respeto como algo aceptable o admirable; es altamente inadecuado para menores.	5
Comentario de riesgo 5 porque incluye mensaje que romantiza el crimen violento y sus consecuencias en una animación oscura, presentado como algo normal.	5
Mensaje muy riesgoso: mensaje que presenta la crueldad como algo aceptable; evita detalles gráficos, pero glorifica daño grave.	5
Texto no apto para niños ni adolescentes: mensaje que presenta la crueldad como algo aceptable, con normalización de violencia extrema.	5
Comentario de riesgo 5 porque incluye texto que amenaza con consecuencias violentas graves en una animación oscura, con tono agresivo.	5
El mensaje presenta mensaje que glorifica violencia grave y la presenta como admirable como algo aceptable o admirable; es altamente inadecuado para menores.	5
El mensaje contiene escena de empujón accidental tratada como humor en un montaje dramático, pero se mantiene en un nivel leve.	1
Comentario con reacción impulsiva ante una derrota; puede ser poco amable, pero no llega a violencia real.	1
Mensaje tranquilo sobre mensaje respetuoso en un video de ciencia para niños, con lenguaje amable y familiar.	0
El texto menciona comentario que celebra una discusión que se vuelve física en un video de reacción; no es apto para niños sin supervisión.	3
Comentario sobre escena de empujones en un juego físico supervisado; puede no ser ideal para niños pequeños, pero no es extremo.	2
Texto con violencia moderada: comentario que minimiza una pelea real entre adolescentes, que requiere supervisión adulta.	3
Texto con riesgo bajo-medio: persecución ficticia sin daño real, presentado sin daño explícito.	2
Mensaje muy riesgoso: mensaje que glorifica violencia grave y la presenta como admirable; evita detalles gráficos, pero glorifica daño grave.	5
Comentario no recomendado para menores: mensaje que glorifica una pelea fuerte y humillante, con tono de amenaza o intimidación.	4
Mensaje con persecución ficticia sin daño real en un montaje dramático, tratado como ficción o actividad controlada.	2
El mensaje presenta comentario que normaliza hacer daño grave para ganar respeto como algo aceptable o admirable; es altamente inadecuado para menores.	5
Texto con riesgo bajo-medio: competencia deportiva con contacto controlado, presentado sin daño explícito.	2
Texto con violencia moderada: comentario que celebra una discusión que se vuelve física, con una idea negativa para menores.	3
Comentario sobre persecución ficticia sin daño real; puede no ser ideal para niños pequeños, pero no es extremo.	2
Texto con riesgo bajo-medio: competencia deportiva con contacto controlado, presentado sin daño explícito.	2
Comentario sobre caída cómica sobre colchoneta sin consecuencias; puede no ser ideal para niños pequeños, pero no es extremo.	2
Contenido de riesgo máximo: texto que amenaza con consecuencias violentas graves en un video de reacción, claramente no apto para menores.	5
Texto con violencia moderada: mensaje que describe una persecución agresiva sin detalles explícitos, con una idea negativa para menores.	3
El texto muestra reacción impulsiva ante una derrota en una publicación de fans, con tono molesto pero controlado.	1
El contenido menciona escena de empujones en un juego físico supervisado; requiere contexto, aunque no da instrucciones ni detalles gráficos.	2
Mensaje de alto riesgo: mensaje que se burla de una víctima después de una agresión en una publicación de fans, sin detalles explícitos.	4
El contenido presenta video con intimidación y contacto violento descrito a alto nivel en un montaje dramático, lo cual puede ser inadecuado para menores.	3
Comentario no recomendado para menores: comentario que amenaza con hacer daño a otra persona sin dar instrucciones, con tono de amenaza o intimidación.	4
Mensaje de alto riesgo: mensaje que normaliza la venganza violenta en una discusión grabada, con una idea negativa para menores.	4
Mensaje con persecución ficticia sin daño real en un video de barrio, tratado como ficción o actividad controlada.	2
El contenido menciona persecución ficticia sin daño real; requiere contexto, aunque no da instrucciones ni detalles gráficos.	2
Contenido de riesgo alto: mensaje que se burla de una víctima después de una agresión en una historia corta, con glorificación de daño.	4
El contenido menciona pelea leve de caricatura sin heridas ni miedo intenso; requiere contexto, aunque no da instrucciones ni detalles gráficos.	2
Contenido de riesgo alto: comentario que presenta el daño físico como algo divertido en una historia corta, con glorificación de daño.	4
Texto no apto para niños ni adolescentes: texto que celebra una agresión extrema sin detalles explícitos, con normalización de violencia extrema.	5
El contenido presenta comentario que alienta una revancha física sin explicar cómo en una transmisión en vivo, lo cual puede ser inadecuado para menores.	3
Texto no apto para niños ni adolescentes: texto que amenaza con consecuencias violentas graves, con normalización de violencia extrema.	5
Mensaje muy riesgoso: texto que promueve miedo, control e intimidación como poder; evita detalles gráficos, pero glorifica daño grave.	5
El mensaje presenta texto que celebra una agresión extrema sin detalles explícitos como algo aceptable o admirable; es altamente inadecuado para menores.	5
Texto con violencia moderada: comentario que celebra una discusión que se vuelve física, sin detalles explícitos.	3
Comentario sobre pelea leve de caricatura sin heridas ni miedo intenso; puede no ser ideal para niños pequeños, pero no es extremo.	2
El mensaje usa texto que presume participar en actos agresivos como forma de presión o miedo; no es adecuado para niños.	4
El contenido menciona discusión fuerte donde nadie resulta herido; requiere contexto, aunque no da instrucciones ni detalles gráficos.	2
Comentario de riesgo medio: comentario que alienta una revancha física sin explicar cómo, con normalización de una conducta agresiva.	3
Texto no apto para niños ni adolescentes: mensaje que glorifica violencia grave y la presenta como admirable, con normalización de violencia extrema.	5
Contenido de riesgo máximo: mensaje que presenta la crueldad como algo aceptable en un montaje dramático, claramente no apto para menores.	5
Mensaje tranquilo sobre mensaje familiar sobre un cuento animado, con lenguaje amable y familiar.	0
Mensaje muy riesgoso: mensaje que presenta la crueldad como algo aceptable; evita detalles gráficos, pero glorifica daño grave.	5
Comentario con reacción impulsiva ante una derrota; puede ser poco amable, pero no llega a violencia real.	1
Contenido de riesgo alto: comentario que presenta el daño físico como algo divertido en una discusión grabada, con glorificación de daño.	4
Texto no apto para niños ni adolescentes: comentario que celebra daño severo hacia otra persona sin describirlo gráficamente, con normalización de violencia extrema.	5
Mensaje tranquilo sobre opinión positiva sobre una manualidad familiar, con lenguaje amable y familiar.	0
yo haciendole sum pa ver si no andan nuestros novios corriendo agarrados de la mano con otras	5
Mensaje con escena de choque leve presentada como comedia en un fragmento de película, tratado como ficción o actividad controlada.	2
El contenido presenta video con intimidación y contacto violento descrito a alto nivel en un video de barrio, lo cual puede ser inadecuado para menores.	3
Comentario no recomendado para menores: comentario que usa intimidación para provocar miedo, con tono de amenaza o intimidación.	4
Mensaje problemático por comentario que minimiza una pelea real entre adolescentes; describe violencia a alto nivel, sin detalles gráficos.	3
Mensaje de alto riesgo: comentario que usa intimidación para provocar miedo en un montaje dramático, descrito de forma general.	4
El contenido menciona escena de empujones en un juego físico supervisado; requiere contexto, aunque no da instrucciones ni detalles gráficos.	2
Mensaje muy riesgoso: mensaje que romantiza el crimen violento y sus consecuencias; evita detalles gráficos, pero glorifica daño grave.	5
Comentario de riesgo 5 porque incluye comentario que celebra daño severo hacia otra persona sin describirlo gráficamente en un video viral, con una idea negativa para menores.	5
Comentario de riesgo 5 porque incluye mensaje que glorifica violencia grave y la presenta como admirable en un video viral, descrito de forma general.	5
Comentario no recomendado para menores: texto que presume participar en actos agresivos, con tono de amenaza o intimidación.	4
Texto no apto para niños ni adolescentes: mensaje que glorifica violencia grave y la presenta como admirable, con normalización de violencia extrema.	5
Comentario no recomendado para menores: texto que justifica golpear a alguien por una discusión, con tono de amenaza o intimidación.	4
Texto apto para menores sobre comentario amable sobre una canción infantil; no contiene agresión ni intimidación.	0
Texto con riesgo bajo-medio: caída cómica sobre colchoneta sin consecuencias, presentado sin daño explícito.	2
Mensaje muy riesgoso: texto que amenaza con consecuencias violentas graves; evita detalles gráficos, pero glorifica daño grave.	5
Texto preocupante porque incluye comentario que amenaza con hacer daño a otra persona sin dar instrucciones; no contiene instrucciones, pero sí normaliza violencia.	4
Mensaje de alto riesgo: comentario que presenta el daño físico como algo divertido en un fragmento de película, con tono intimidante.	4
Contenido de riesgo alto: comentario que presenta el daño físico como algo divertido en una discusión grabada, con glorificación de daño.	4
Comentario de riesgo medio: comentario que celebra una discusión que se vuelve física, con normalización de una conducta agresiva.	3
Contenido de riesgo máximo: texto que celebra una agresión extrema sin detalles explícitos en un clip de internet, claramente no apto para menores.	5
Texto preocupante porque incluye mensaje que se burla de una víctima después de una agresión; no contiene instrucciones, pero sí normaliza violencia.	4
Yo lo que hago es defenderme nada más, pero que yo ande buscando problemas, jamás. Chapo Guzmán	5
Comentario no recomendado para menores: comentario que amenaza con hacer daño a otra persona sin dar instrucciones, con tono de amenaza o intimidación.	4
Comentario de riesgo 5 porque incluye comentario que elogia a figuras criminales violentas en un relato ficticio, presentado como algo normal.	5
Texto no apto para niños ni adolescentes: comentario que celebra daño severo hacia otra persona sin describirlo gráficamente, con normalización de violencia extrema.	5
El contenido presenta comentario que alienta una revancha física sin explicar cómo en un video de barrio, lo cual puede ser inadecuado para menores.	3
Mensaje problemático por video con intimidación y contacto violento descrito a alto nivel; describe violencia a alto nivel, sin detalles gráficos.	3
Comentario de riesgo 5 porque incluye texto que celebra una agresión extrema sin detalles explícitos en una escena de acción, que puede asustar a menores.	5
He pasado los mejores años de mi vida dando a la gente los mejores placeres, ayudándoles a pasar buenos momentos y lo que consigo es el abuso, la existencia de un hombre perseguido. Al Capone	5
todos corren ash	5
Texto con riesgo bajo-medio: discusión fuerte donde nadie resulta herido, presentado sin daño explícito.	2
Contenido de riesgo alto: mensaje que glorifica una pelea fuerte y humillante en una historia corta, con glorificación de daño.	4
El mensaje presenta texto que promueve miedo, control e intimidación como poder como algo aceptable o admirable; es altamente inadecuado para menores.	5
Texto no apto para niños ni adolescentes: comentario que elogia a figuras criminales violentas, con normalización de violencia extrema.	5
Texto preocupante porque incluye mensaje que se burla de una víctima después de una agresión; no contiene instrucciones, pero sí normaliza violencia.	4
Contenido de riesgo alto: comentario que presenta el daño físico como algo divertido en un video viral, con glorificación de daño.	4
Contenido de riesgo alto: comentario que amenaza con hacer daño a otra persona sin dar instrucciones en una discusión grabada, con glorificación de daño.	4
No puede que si no mañana ayer hoy antier	5
El mensaje usa comentario que invita a responder a los problemas con violencia como forma de presión o miedo; no es adecuado para niños.	4
Comentario con intercambio tenso que termina en disculpa; puede ser poco amable, pero no llega a violencia real.	1
Texto con violencia moderada: comentario que minimiza una pelea real entre adolescentes, con tono agresivo.	3
Comentario no recomendado para menores: comentario que usa intimidación para provocar miedo, con tono de amenaza o intimidación.	4
Comentario de riesgo 5 porque incluye comentario que normaliza hacer daño grave para ganar respeto en un video de reacción, con una situación tensa.	5
Comentario sin riesgo: habla de comentario amable sobre una canción infantil, sin violencia ni amenazas.	0
Comentario de riesgo 5 porque incluye comentario que normaliza hacer daño grave para ganar respeto en un video de reacción, con una situación tensa.	5
Texto con violencia moderada: mensaje que describe una persecución agresiva sin detalles explícitos, con tono agresivo.	3
Texto con riesgo bajo-medio: escena de empujones en un juego físico supervisado, presentado sin daño explícito.	2
El mensaje incluye escena de choque leve presentada como comedia en una escena de acción; es acción leve y no gráfica.	2
Comentario sobre discusión fuerte donde nadie resulta herido; puede no ser ideal para niños pequeños, pero no es extremo.	2
Mensaje de alto riesgo: mensaje que se burla de una víctima después de una agresión en un foro de adolescentes, con una idea negativa para menores.	4
Mensaje muy riesgoso: mensaje que trata la violencia extrema como espectáculo; evita detalles gráficos, pero glorifica daño grave.	5
Texto con riesgo bajo-medio: pelea leve de caricatura sin heridas ni miedo intenso, presentado sin daño explícito.	2
Comentario no recomendado para menores: comentario que amenaza con hacer daño a otra persona sin dar instrucciones, con tono de amenaza o intimidación.	4
De los wichos nomas puros videos de drones	5
Contenido de riesgo alto: mensaje que normaliza la venganza violenta en un clip de internet, con glorificación de daño.	4
El mensaje presenta comentario que elogia a figuras criminales violentas como algo aceptable o admirable; es altamente inadecuado para menores.	5
es la primera vez que corren dicen jaja 🤪🤣🤣	5
Mensaje problemático por comentario que alienta una revancha física sin explicar cómo; describe violencia a alto nivel, sin detalles gráficos.	3
Contenido de riesgo máximo: texto que celebra una agresión extrema sin detalles explícitos en una discusión grabada, claramente no apto para menores.	5
El contenido presenta comentario que minimiza una pelea real entre adolescentes en una escena de acción, lo cual puede ser inadecuado para menores.	3
Contenido de riesgo alto: mensaje que normaliza la venganza violenta en un comentario de redes, con glorificación de daño.	4
Comentario sin riesgo: habla de comentario sobre un video educativo sin lenguaje agresivo, sin violencia ni amenazas.	0
Texto preocupante porque incluye comentario que amenaza con hacer daño a otra persona sin dar instrucciones; no contiene instrucciones, pero sí normaliza violencia.	4
El contenido menciona discusión fuerte donde nadie resulta herido; requiere contexto, aunque no da instrucciones ni detalles gráficos.	2
Comentario de riesgo medio: mensaje que trata los golpes como entretenimiento, con normalización de una conducta agresiva.	3
Yo no he consumido drogas durante los últimos 20 años. Chapo Guzmán	5
El mensaje contiene intercambio tenso que termina en disculpa en un fragmento de película, pero se mantiene en un nivel leve.	1
Comentario de riesgo medio: comentario que minimiza una pelea real entre adolescentes, con normalización de una conducta agresiva.	3
Comentario de riesgo medio: comentario que alienta una revancha física sin explicar cómo, con normalización de una conducta agresiva.	3
Comentario de riesgo medio: comentario que alienta una revancha física sin explicar cómo, con normalización de una conducta agresiva.	3
Texto no apto para niños ni adolescentes: mensaje que romantiza el crimen violento y sus consecuencias, con normalización de violencia extrema.	5
Texto preocupante porque incluye comentario que usa intimidación para provocar miedo; no contiene instrucciones, pero sí normaliza violencia.	4
Comentario de riesgo 5 porque incluye texto que amenaza con consecuencias violentas graves en una historia corta, con lenguaje de conflicto.	5
Comentario sobre escena de choque leve presentada como comedia; puede no ser ideal para niños pequeños, pero no es extremo.	2
Contenido de riesgo alto: mensaje que normaliza la venganza violenta en una animación oscura, con glorificación de daño.	4
Texto apto para menores sobre opinión positiva sobre una manualidad familiar; no contiene agresión ni intimidación.	0
Texto preocupante porque incluye mensaje que glorifica una pelea fuerte y humillante; no contiene instrucciones, pero sí normaliza violencia.	4
El mensaje presenta texto que amenaza con consecuencias violentas graves como algo aceptable o admirable; es altamente inadecuado para menores.	5
El texto menciona mensaje que presenta la agresión como forma de ganar respeto en una transmisión en vivo; no es apto para niños sin supervisión.	3
El contenido menciona pelea leve de caricatura sin heridas ni miedo intenso; requiere contexto, aunque no da instrucciones ni detalles gráficos.	2
Mensaje problemático por mensaje que describe una persecución agresiva sin detalles explícitos; describe violencia a alto nivel, sin detalles gráficos.	3
El contenido presenta comentario que celebra una discusión que se vuelve física en un video de barrio, lo cual puede ser inadecuado para menores.	3
Contenido de riesgo alto: comentario que presenta el daño físico como algo divertido en un fragmento de película, con glorificación de daño.	4
Texto preocupante porque incluye texto que justifica golpear a alguien por una discusión; no contiene instrucciones, pero sí normaliza violencia.	4
Mensaje muy riesgoso: comentario que celebra daño severo hacia otra persona sin describirlo gráficamente; evita detalles gráficos, pero glorifica daño grave.	5